trace_id,source_relative_path,source_group,label,usable,exclusion_reason,raw_length,complete_window_count,leftover_call_count,assigned_split,window_size,stride,tail_policy,seed
Attack_Data_Master/Adduser_1/UAD-Adduser-1-1371,Attack_Data_Master/Adduser_1/UAD-Adduser-1-1371.txt,Attack_Data_Master,1,True,,279,9,9,train,30,30,drop,42
Attack_Data_Master/Adduser_1/UAD-Adduser-1-1613,Attack_Data_Master/Adduser_1/UAD-Adduser-1-1613.txt,Attack_Data_Master,1,True,,766,25,16,train,30,30,drop,42
Attack_Data_Master/Adduser_1/UAD-Adduser-1-2311,Attack_Data_Master/Adduser_1/UAD-Adduser-1-2311.txt,Attack_Data_Master,1,True,,569,18,29,train,30,30,drop,42
Attack_Data_Master/Adduser_1/UAD-Adduser-1-2377,Attack_Data_Master/Adduser_1/UAD-Adduser-1-2377.txt,Attack_Data_Master,1,True,,1068,35,18,train,30,30,drop,42
Attack_Data_Master/Adduser_1/UAD-Adduser-1-2462,Attack_Data_Master/Adduser_1/UAD-Adduser-1-2462.txt,Attack_Data_Master,1,True,,821,27,11,train,30,30,drop,42
Attack_Data_Master/Adduser_1/UAD-Adduser-1-2783,Attack_Data_Master/Adduser_1/UAD-Adduser-1-2783.txt,Attack_Data_Master,1,True,,527,17,17,train,30,30,drop,42
Attack_Data_Master/Adduser_1/UAD-Adduser-1-=1,Attack_Data_Master/Adduser_1/UAD-Adduser-1-=1.txt,Attack_Data_Master,1,True,,424,14,4,test,30,30,drop,42
Attack_Data_Master/Adduser_10/UAD-Adduser-10-1371,Attack_Data_Master/Adduser_10/UAD-Adduser-10-1371.txt,Attack_Data_Master,1,True,,239,7,29,test,30,30,drop,42
Attack_Data_Master/Adduser_10/UAD-Adduser-10-1613,Attack_Data_Master/Adduser_10/UAD-Adduser-10-1613.txt,Attack_Data_Master,1,True,,735,24,15,train,30,30,drop,42
Attack_Data_Master/Adduser_10/UAD-Adduser-10-2311,Attack_Data_Master/Adduser_10/UAD-Adduser-10-2311.txt,Attack_Data_Master,1,True,,691,23,1,validation,30,30,drop,42
Attack_Data_Master/Adduser_10/UAD-Adduser-10-2462,Attack_Data_Master/Adduser_10/UAD-Adduser-10-2462.txt,Attack_Data_Master,1,True,,618,20,18,train,30,30,drop,42
Attack_Data_Master/Adduser_10/UAD-Adduser-10-2783,Attack_Data_Master/Adduser_10/UAD-Adduser-10-2783.txt,Attack_Data_Master,1,True,,458,15,8,train,30,30,drop,42
Attack_Data_Master/Adduser_10/UAD-Adduser-10-=1,Attack_Data_Master/Adduser_10/UAD-Adduser-10-=1.txt,Attack_Data_Master,1,True,,447,14,27,test,30,30,drop,42
Attack_Data_Master/Adduser_2/UAD-Adduser-2-1371,Attack_Data_Master/Adduser_2/UAD-Adduser-2-1371.txt,Attack_Data_Master,1,True,,254,8,14,train,30,30,drop,42
Attack_Data_Master/Adduser_2/UAD-Adduser-2-1613,Attack_Data_Master/Adduser_2/UAD-Adduser-2-1613.txt,Attack_Data_Master,1,True,,559,18,19,train,30,30,drop,42
Attack_Data_Master/Adduser_2/UAD-Adduser-2-18548,Attack_Data_Master/Adduser_2/UAD-Adduser-2-18548.txt,Attack_Data_Master,1,True,,124,4,4,train,30,30,drop,42
Attack_Data_Master/Adduser_2/UAD-Adduser-2-2311,Attack_Data_Master/Adduser_2/UAD-Adduser-2-2311.txt,Attack_Data_Master,1,True,,499,16,19,train,30,30,drop,42
Attack_Data_Master/Adduser_2/UAD-Adduser-2-2377,Attack_Data_Master/Adduser_2/UAD-Adduser-2-2377.txt,Attack_Data_Master,1,True,,1560,52,0,train,30,30,drop,42
Attack_Data_Master/Adduser_2/UAD-Adduser-2-2462,Attack_Data_Master/Adduser_2/UAD-Adduser-2-2462.txt,Attack_Data_Master,1,True,,721,24,1,train,30,30,drop,42
Attack_Data_Master/Adduser_2/UAD-Adduser-2-2783,Attack_Data_Master/Adduser_2/UAD-Adduser-2-2783.txt,Attack_Data_Master,1,True,,525,17,15,train,30,30,drop,42
Attack_Data_Master/Adduser_2/UAD-Adduser-2-=1,Attack_Data_Master/Adduser_2/UAD-Adduser-2-=1.txt,Attack_Data_Master,1,True,,372,12,12,train,30,30,drop,42
Attack_Data_Master/Adduser_3/UAD-Adduser-3-1371,Attack_Data_Master/Adduser_3/UAD-Adduser-3-1371.txt,Attack_Data_Master,1,True,,309,10,9,train,30,30,drop,42
Attack_Data_Master/Adduser_3/UAD-Adduser-3-1613,Attack_Data_Master/Adduser_3/UAD-Adduser-3-1613.txt,Attack_Data_Master,1,True,,466,15,16,train,30,30,drop,42
Attack_Data_Master/Adduser_3/UAD-Adduser-3-18618,Attack_Data_Master/Adduser_3/UAD-Adduser-3-18618.txt,Attack_Data_Master,1,True,,161,5,11,train,30,30,drop,42
Attack_Data_Master/Adduser_3/UAD-Adduser-3-2311,Attack_Data_Master/Adduser_3/UAD-Adduser-3-2311.txt,Attack_Data_Master,1,True,,581,19,11,validation,30,30,drop,42
Attack_Data_Master/Adduser_3/UAD-Adduser-3-2377,Attack_Data_Master/Adduser_3/UAD-Adduser-3-2377.txt,Attack_Data_Master,1,True,,439,14,19,train,30,30,drop,42
Attack_Data_Master/Adduser_3/UAD-Adduser-3-2462,Attack_Data_Master/Adduser_3/UAD-Adduser-3-2462.txt,Attack_Data_Master,1,True,,780,26,0,train,30,30,drop,42
Attack_Data_Master/Adduser_3/UAD-Adduser-3-2783,Attack_Data_Master/Adduser_3/UAD-Adduser-3-2783.txt,Attack_Data_Master,1,True,,384,12,24,validation,30,30,drop,42
Attack_Data_Master/Adduser_3/UAD-Adduser-3-=1,Attack_Data_Master/Adduser_3/UAD-Adduser-3-=1.txt,Attack_Data_Master,1,True,,434,14,14,train,30,30,drop,42
Attack_Data_Master/Adduser_4/UAD-Adduser-4-1371,Attack_Data_Master/Adduser_4/UAD-Adduser-4-1371.txt,Attack_Data_Master,1,True,,218,7,8,train,30,30,drop,42
Attack_Data_Master/Adduser_4/UAD-Adduser-4-1613,Attack_Data_Master/Adduser_4/UAD-Adduser-4-1613.txt,Attack_Data_Master,1,True,,693,23,3,validation,30,30,drop,42
Attack_Data_Master/Adduser_4/UAD-Adduser-4-2311,Attack_Data_Master/Adduser_4/UAD-Adduser-4-2311.txt,Attack_Data_Master,1,True,,623,20,23,train,30,30,drop,42
Attack_Data_Master/Adduser_4/UAD-Adduser-4-2377,Attack_Data_Master/Adduser_4/UAD-Adduser-4-2377.txt,Attack_Data_Master,1,True,,542,18,2,train,30,30,drop,42
Attack_Data_Master/Adduser_4/UAD-Adduser-4-2462,Attack_Data_Master/Adduser_4/UAD-Adduser-4-2462.txt,Attack_Data_Master,1,True,,988,32,28,train,30,30,drop,42
Attack_Data_Master/Adduser_4/UAD-Adduser-4-2783,Attack_Data_Master/Adduser_4/UAD-Adduser-4-2783.txt,Attack_Data_Master,1,True,,488,16,8,train,30,30,drop,42
Attack_Data_Master/Adduser_4/UAD-Adduser-4-=1,Attack_Data_Master/Adduser_4/UAD-Adduser-4-=1.txt,Attack_Data_Master,1,True,,410,13,20,train,30,30,drop,42
Attack_Data_Master/Adduser_5/UAD-Adduser-5-1371,Attack_Data_Master/Adduser_5/UAD-Adduser-5-1371.txt,Attack_Data_Master,1,True,,295,9,25,train,30,30,drop,42
Attack_Data_Master/Adduser_5/UAD-Adduser-5-1613,Attack_Data_Master/Adduser_5/UAD-Adduser-5-1613.txt,Attack_Data_Master,1,True,,427,14,7,train,30,30,drop,42
Attack_Data_Master/Adduser_5/UAD-Adduser-5-18714,Attack_Data_Master/Adduser_5/UAD-Adduser-5-18714.txt,Attack_Data_Master,1,True,,172,5,22,train,30,30,drop,42
Attack_Data_Master/Adduser_5/UAD-Adduser-5-2311,Attack_Data_Master/Adduser_5/UAD-Adduser-5-2311.txt,Attack_Data_Master,1,True,,497,16,17,train,30,30,drop,42
Attack_Data_Master/Adduser_5/UAD-Adduser-5-2377,Attack_Data_Master/Adduser_5/UAD-Adduser-5-2377.txt,Attack_Data_Master,1,True,,373,12,13,train,30,30,drop,42
Attack_Data_Master/Adduser_5/UAD-Adduser-5-2462,Attack_Data_Master/Adduser_5/UAD-Adduser-5-2462.txt,Attack_Data_Master,1,True,,888,29,18,train,30,30,drop,42
Attack_Data_Master/Adduser_5/UAD-Adduser-5-2783,Attack_Data_Master/Adduser_5/UAD-Adduser-5-2783.txt,Attack_Data_Master,1,True,,370,12,10,train,30,30,drop,42
Attack_Data_Master/Adduser_5/UAD-Adduser-5-961,Attack_Data_Master/Adduser_5/UAD-Adduser-5-961.txt,Attack_Data_Master,1,True,,143,4,23,validation,30,30,drop,42
Attack_Data_Master/Adduser_5/UAD-Adduser-5-=1,Attack_Data_Master/Adduser_5/UAD-Adduser-5-=1.txt,Attack_Data_Master,1,True,,371,12,11,train,30,30,drop,42
Attack_Data_Master/Adduser_5/UAD-Adduser-5-=5738,Attack_Data_Master/Adduser_5/UAD-Adduser-5-=5738.txt,Attack_Data_Master,1,True,,75,2,15,train,30,30,drop,42
Attack_Data_Master/Adduser_6/UAD-Adduser-6-1371,Attack_Data_Master/Adduser_6/UAD-Adduser-6-1371.txt,Attack_Data_Master,1,True,,237,7,27,train,30,30,drop,42
Attack_Data_Master/Adduser_6/UAD-Adduser-6-1613,Attack_Data_Master/Adduser_6/UAD-Adduser-6-1613.txt,Attack_Data_Master,1,True,,480,16,0,train,30,30,drop,42
Attack_Data_Master/Adduser_6/UAD-Adduser-6-18759,Attack_Data_Master/Adduser_6/UAD-Adduser-6-18759.txt,Attack_Data_Master,1,True,,127,4,7,train,30,30,drop,42
Attack_Data_Master/Adduser_6/UAD-Adduser-6-2311,Attack_Data_Master/Adduser_6/UAD-Adduser-6-2311.txt,Attack_Data_Master,1,True,,394,13,4,validation,30,30,drop,42
Attack_Data_Master/Adduser_6/UAD-Adduser-6-2462,Attack_Data_Master/Adduser_6/UAD-Adduser-6-2462.txt,Attack_Data_Master,1,True,,684,22,24,train,30,30,drop,42
Attack_Data_Master/Adduser_6/UAD-Adduser-6-2783,Attack_Data_Master/Adduser_6/UAD-Adduser-6-2783.txt,Attack_Data_Master,1,True,,327,10,27,validation,30,30,drop,42
Attack_Data_Master/Adduser_6/UAD-Adduser-6-961,Attack_Data_Master/Adduser_6/UAD-Adduser-6-961.txt,Attack_Data_Master,1,True,,158,5,8,train,30,30,drop,42
Attack_Data_Master/Adduser_6/UAD-Adduser-6-=1,Attack_Data_Master/Adduser_6/UAD-Adduser-6-=1.txt,Attack_Data_Master,1,True,,367,12,7,test,30,30,drop,42
Attack_Data_Master/Adduser_7/UAD-Adduser-7-1371,Attack_Data_Master/Adduser_7/UAD-Adduser-7-1371.txt,Attack_Data_Master,1,True,,217,7,7,validation,30,30,drop,42
Attack_Data_Master/Adduser_7/UAD-Adduser-7-1613,Attack_Data_Master/Adduser_7/UAD-Adduser-7-1613.txt,Attack_Data_Master,1,True,,453,15,3,train,30,30,drop,42
Attack_Data_Master/Adduser_7/UAD-Adduser-7-18802,Attack_Data_Master/Adduser_7/UAD-Adduser-7-18802.txt,Attack_Data_Master,1,True,,169,5,19,test,30,30,drop,42
Attack_Data_Master/Adduser_7/UAD-Adduser-7-2311,Attack_Data_Master/Adduser_7/UAD-Adduser-7-2311.txt,Attack_Data_Master,1,True,,458,15,8,train,30,30,drop,42
Attack_Data_Master/Adduser_7/UAD-Adduser-7-2462,Attack_Data_Master/Adduser_7/UAD-Adduser-7-2462.txt,Attack_Data_Master,1,True,,695,23,5,test,30,30,drop,42
Attack_Data_Master/Adduser_7/UAD-Adduser-7-2783,Attack_Data_Master/Adduser_7/UAD-Adduser-7-2783.txt,Attack_Data_Master,1,True,,358,11,28,train,30,30,drop,42
Attack_Data_Master/Adduser_7/UAD-Adduser-7-961,Attack_Data_Master/Adduser_7/UAD-Adduser-7-961.txt,Attack_Data_Master,1,True,,125,4,5,train,30,30,drop,42
Attack_Data_Master/Adduser_7/UAD-Adduser-7-=1,Attack_Data_Master/Adduser_7/UAD-Adduser-7-=1.txt,Attack_Data_Master,1,True,,431,14,11,train,30,30,drop,42
Attack_Data_Master/Adduser_8/UAD-Adduser-8-1371,Attack_Data_Master/Adduser_8/UAD-Adduser-8-1371.txt,Attack_Data_Master,1,True,,273,9,3,train,30,30,drop,42
Attack_Data_Master/Adduser_8/UAD-Adduser-8-1613,Attack_Data_Master/Adduser_8/UAD-Adduser-8-1613.txt,Attack_Data_Master,1,True,,394,13,4,train,30,30,drop,42
Attack_Data_Master/Adduser_8/UAD-Adduser-8-18868,Attack_Data_Master/Adduser_8/UAD-Adduser-8-18868.txt,Attack_Data_Master,1,True,,151,5,1,validation,30,30,drop,42
Attack_Data_Master/Adduser_8/UAD-Adduser-8-2311,Attack_Data_Master/Adduser_8/UAD-Adduser-8-2311.txt,Attack_Data_Master,1,True,,527,17,17,train,30,30,drop,42
Attack_Data_Master/Adduser_8/UAD-Adduser-8-2462,Attack_Data_Master/Adduser_8/UAD-Adduser-8-2462.txt,Attack_Data_Master,1,True,,802,26,22,test,30,30,drop,42
Attack_Data_Master/Adduser_8/UAD-Adduser-8-2783,Attack_Data_Master/Adduser_8/UAD-Adduser-8-2783.txt,Attack_Data_Master,1,True,,316,10,16,train,30,30,drop,42
Attack_Data_Master/Adduser_8/UAD-Adduser-8-=1,Attack_Data_Master/Adduser_8/UAD-Adduser-8-=1.txt,Attack_Data_Master,1,True,,377,12,17,train,30,30,drop,42
Attack_Data_Master/Adduser_9/UAD-Adduser-9-1371,Attack_Data_Master/Adduser_9/UAD-Adduser-9-1371.txt,Attack_Data_Master,1,True,,264,8,24,train,30,30,drop,42
Attack_Data_Master/Adduser_9/UAD-Adduser-9-17612,Attack_Data_Master/Adduser_9/UAD-Adduser-9-17612.txt,Attack_Data_Master,1,True,,826,27,16,test,30,30,drop,42
Attack_Data_Master/Adduser_9/UAD-Adduser-9-17614,Attack_Data_Master/Adduser_9/UAD-Adduser-9-17614.txt,Attack_Data_Master,1,True,,2620,87,10,validation,30,30,drop,42
Attack_Data_Master/Adduser_9/UAD-Adduser-9-17617,Attack_Data_Master/Adduser_9/UAD-Adduser-9-17617.txt,Attack_Data_Master,1,True,,146,4,26,train,30,30,drop,42
Attack_Data_Master/Adduser_9/UAD-Adduser-9-17622,Attack_Data_Master/Adduser_9/UAD-Adduser-9-17622.txt,Attack_Data_Master,1,True,,99,3,9,train,30,30,drop,42
Attack_Data_Master/Adduser_9/UAD-Adduser-9-17626,Attack_Data_Master/Adduser_9/UAD-Adduser-9-17626.txt,Attack_Data_Master,1,True,,437,14,17,validation,30,30,drop,42
Attack_Data_Master/Adduser_9/UAD-Adduser-9-17627,Attack_Data_Master/Adduser_9/UAD-Adduser-9-17627.txt,Attack_Data_Master,1,True,,141,4,21,validation,30,30,drop,42
Attack_Data_Master/Adduser_9/UAD-Adduser-9-17629,Attack_Data_Master/Adduser_9/UAD-Adduser-9-17629.txt,Attack_Data_Master,1,True,,1073,35,23,test,30,30,drop,42
Attack_Data_Master/Adduser_9/UAD-Adduser-9-17636,Attack_Data_Master/Adduser_9/UAD-Adduser-9-17636.txt,Attack_Data_Master,1,True,,106,3,16,train,30,30,drop,42
Attack_Data_Master/Adduser_9/UAD-Adduser-9-18903,Attack_Data_Master/Adduser_9/UAD-Adduser-9-18903.txt,Attack_Data_Master,1,True,,116,3,26,validation,30,30,drop,42
Attack_Data_Master/Adduser_9/UAD-Adduser-9-18907,Attack_Data_Master/Adduser_9/UAD-Adduser-9-18907.txt,Attack_Data_Master,1,True,,656,21,26,train,30,30,drop,42
Attack_Data_Master/Adduser_9/UAD-Adduser-9-18911,Attack_Data_Master/Adduser_9/UAD-Adduser-9-18911.txt,Attack_Data_Master,1,True,,75,2,15,validation,30,30,drop,42
Attack_Data_Master/Adduser_9/UAD-Adduser-9-18939,Attack_Data_Master/Adduser_9/UAD-Adduser-9-18939.txt,Attack_Data_Master,1,True,,126,4,6,validation,30,30,drop,42
Attack_Data_Master/Adduser_9/UAD-Adduser-9-18999,Attack_Data_Master/Adduser_9/UAD-Adduser-9-18999.txt,Attack_Data_Master,1,True,,81,2,21,train,30,30,drop,42
Attack_Data_Master/Adduser_9/UAD-Adduser-9-2224,Attack_Data_Master/Adduser_9/UAD-Adduser-9-2224.txt,Attack_Data_Master,1,True,,783,26,3,validation,30,30,drop,42
Attack_Data_Master/Adduser_9/UAD-Adduser-9-2257,Attack_Data_Master/Adduser_9/UAD-Adduser-9-2257.txt,Attack_Data_Master,1,True,,151,5,1,train,30,30,drop,42
Attack_Data_Master/Adduser_9/UAD-Adduser-9-2277,Attack_Data_Master/Adduser_9/UAD-Adduser-9-2277.txt,Attack_Data_Master,1,True,,208,6,28,validation,30,30,drop,42
Attack_Data_Master/Adduser_9/UAD-Adduser-9-2311,Attack_Data_Master/Adduser_9/UAD-Adduser-9-2311.txt,Attack_Data_Master,1,True,,513,17,3,train,30,30,drop,42
Attack_Data_Master/Adduser_9/UAD-Adduser-9-2462,Attack_Data_Master/Adduser_9/UAD-Adduser-9-2462.txt,Attack_Data_Master,1,True,,859,28,19,test,30,30,drop,42
Attack_Data_Master/Adduser_9/UAD-Adduser-9-2783,Attack_Data_Master/Adduser_9/UAD-Adduser-9-2783.txt,Attack_Data_Master,1,True,,228,7,18,validation,30,30,drop,42
Attack_Data_Master/Adduser_9/UAD-Adduser-9-961,Attack_Data_Master/Adduser_9/UAD-Adduser-9-961.txt,Attack_Data_Master,1,True,,135,4,15,train,30,30,drop,42
Attack_Data_Master/Adduser_9/UAD-Adduser-9-=1,Attack_Data_Master/Adduser_9/UAD-Adduser-9-=1.txt,Attack_Data_Master,1,True,,387,12,27,train,30,30,drop,42
Attack_Data_Master/Hydra_FTP_1/UAD-Hydra-FTP-1-1371,Attack_Data_Master/Hydra_FTP_1/UAD-Hydra-FTP-1-1371.txt,Attack_Data_Master,1,True,,131,4,11,validation,30,30,drop,42
Attack_Data_Master/Hydra_FTP_1/UAD-Hydra-FTP-1-1442,Attack_Data_Master/Hydra_FTP_1/UAD-Hydra-FTP-1-1442.txt,Attack_Data_Master,1,True,,450,15,0,train,30,30,drop,42
Attack_Data_Master/Hydra_FTP_1/UAD-Hydra-FTP-1-1613,Attack_Data_Master/Hydra_FTP_1/UAD-Hydra-FTP-1-1613.txt,Attack_Data_Master,1,True,,211,7,1,validation,30,30,drop,42
Attack_Data_Master/Hydra_FTP_1/UAD-Hydra-FTP-1-2311,Attack_Data_Master/Hydra_FTP_1/UAD-Hydra-FTP-1-2311.txt,Attack_Data_Master,1,True,,240,8,0,validation,30,30,drop,42
Attack_Data_Master/Hydra_FTP_1/UAD-Hydra-FTP-1-2462,Attack_Data_Master/Hydra_FTP_1/UAD-Hydra-FTP-1-2462.txt,Attack_Data_Master,1,True,,420,14,0,train,30,30,drop,42
Attack_Data_Master/Hydra_FTP_1/UAD-Hydra-FTP-1-2783,Attack_Data_Master/Hydra_FTP_1/UAD-Hydra-FTP-1-2783.txt,Attack_Data_Master,1,True,,139,4,19,validation,30,30,drop,42
Attack_Data_Master/Hydra_FTP_1/UAD-Hydra-FTP-1-3523,Attack_Data_Master/Hydra_FTP_1/UAD-Hydra-FTP-1-3523.txt,Attack_Data_Master,1,True,,131,4,11,train,30,30,drop,42
Attack_Data_Master/Hydra_FTP_1/UAD-Hydra-FTP-1-3524,Attack_Data_Master/Hydra_FTP_1/UAD-Hydra-FTP-1-3524.txt,Attack_Data_Master,1,True,,159,5,9,train,30,30,drop,42
Attack_Data_Master/Hydra_FTP_1/UAD-Hydra-FTP-1-8990,Attack_Data_Master/Hydra_FTP_1/UAD-Hydra-FTP-1-8990.txt,Attack_Data_Master,1,True,,378,12,18,train,30,30,drop,42
Attack_Data_Master/Hydra_FTP_1/UAD-Hydra-FTP-1-9044,Attack_Data_Master/Hydra_FTP_1/UAD-Hydra-FTP-1-9044.txt,Attack_Data_Master,1,True,,115,3,25,train,30,30,drop,42
Attack_Data_Master/Hydra_FTP_1/UAD-Hydra-FTP-1-9178,Attack_Data_Master/Hydra_FTP_1/UAD-Hydra-FTP-1-9178.txt,Attack_Data_Master,1,True,,137,4,17,test,30,30,drop,42
Attack_Data_Master/Hydra_FTP_1/UAD-Hydra-FTP-1-9186,Attack_Data_Master/Hydra_FTP_1/UAD-Hydra-FTP-1-9186.txt,Attack_Data_Master,1,True,,103,3,13,train,30,30,drop,42
Attack_Data_Master/Hydra_FTP_10/UAD-Hydra-FTP-10-13541,Attack_Data_Master/Hydra_FTP_10/UAD-Hydra-FTP-10-13541.txt,Attack_Data_Master,1,True,,527,17,17,train,30,30,drop,42
Attack_Data_Master/Hydra_FTP_10/UAD-Hydra-FTP-10-1371,Attack_Data_Master/Hydra_FTP_10/UAD-Hydra-FTP-10-1371.txt,Attack_Data_Master,1,True,,175,5,25,validation,30,30,drop,42
Attack_Data_Master/Hydra_FTP_10/UAD-Hydra-FTP-10-1442,Attack_Data_Master/Hydra_FTP_10/UAD-Hydra-FTP-10-1442.txt,Attack_Data_Master,1,True,,776,25,26,train,30,30,drop,42
Attack_Data_Master/Hydra_FTP_10/UAD-Hydra-FTP-10-15866,Attack_Data_Master/Hydra_FTP_10/UAD-Hydra-FTP-10-15866.txt,Attack_Data_Master,1,True,,152,5,2,train,30,30,drop,42
Attack_Data_Master/Hydra_FTP_10/UAD-Hydra-FTP-10-15879,Attack_Data_Master/Hydra_FTP_10/UAD-Hydra-FTP-10-15879.txt,Attack_Data_Master,1,True,,144,4,24,train,30,30,drop,42
Attack_Data_Master/Hydra_FTP_10/UAD-Hydra-FTP-10-15910,Attack_Data_Master/Hydra_FTP_10/UAD-Hydra-FTP-10-15910.txt,Attack_Data_Master,1,True,,98,3,8,test,30,30,drop,42
Attack_Data_Master/Hydra_FTP_10/UAD-Hydra-FTP-10-15933,Attack_Data_Master/Hydra_FTP_10/UAD-Hydra-FTP-10-15933.txt,Attack_Data_Master,1,True,,123,4,3,train,30,30,drop,42
Attack_Data_Master/Hydra_FTP_10/UAD-Hydra-FTP-10-1613,Attack_Data_Master/Hydra_FTP_10/UAD-Hydra-FTP-10-1613.txt,Attack_Data_Master,1,True,,269,8,29,validation,30,30,drop,42
Attack_Data_Master/Hydra_FTP_10/UAD-Hydra-FTP-10-2311,Attack_Data_Master/Hydra_FTP_10/UAD-Hydra-FTP-10-2311.txt,Attack_Data_Master,1,True,,292,9,22,train,30,30,drop,42
Attack_Data_Master/Hydra_FTP_10/UAD-Hydra-FTP-10-2462,Attack_Data_Master/Hydra_FTP_10/UAD-Hydra-FTP-10-2462.txt,Attack_Data_Master,1,True,,450,15,0,train,30,30,drop,42
Attack_Data_Master/Hydra_FTP_10/UAD-Hydra-FTP-10-2783,Attack_Data_Master/Hydra_FTP_10/UAD-Hydra-FTP-10-2783.txt,Attack_Data_Master,1,True,,161,5,11,train,30,30,drop,42
Attack_Data_Master/Hydra_FTP_10/UAD-Hydra-FTP-10-3523,Attack_Data_Master/Hydra_FTP_10/UAD-Hydra-FTP-10-3523.txt,Attack_Data_Master,1,True,,142,4,22,validation,30,30,drop,42
Attack_Data_Master/Hydra_FTP_10/UAD-Hydra-FTP-10-3524,Attack_Data_Master/Hydra_FTP_10/UAD-Hydra-FTP-10-3524.txt,Attack_Data_Master,1,True,,135,4,15,train,30,30,drop,42
Attack_Data_Master/Hydra_FTP_2/UAD-Hydra-FTP-2-1371,Attack_Data_Master/Hydra_FTP_2/UAD-Hydra-FTP-2-1371.txt,Attack_Data_Master,1,True,,290,9,20,train,30,30,drop,42
Attack_Data_Master/Hydra_FTP_2/UAD-Hydra-FTP-2-1442,Attack_Data_Master/Hydra_FTP_2/UAD-Hydra-FTP-2-1442.txt,Attack_Data_Master,1,True,,658,21,28,train,30,30,drop,42
Attack_Data_Master/Hydra_FTP_2/UAD-Hydra-FTP-2-1613,Attack_Data_Master/Hydra_FTP_2/UAD-Hydra-FTP-2-1613.txt,Attack_Data_Master,1,True,,276,9,6,validation,30,30,drop,42
Attack_Data_Master/Hydra_FTP_2/UAD-Hydra-FTP-2-2311,Attack_Data_Master/Hydra_FTP_2/UAD-Hydra-FTP-2-2311.txt,Attack_Data_Master,1,True,,527,17,17,train,30,30,drop,42
Attack_Data_Master/Hydra_FTP_2/UAD-Hydra-FTP-2-2462,Attack_Data_Master/Hydra_FTP_2/UAD-Hydra-FTP-2-2462.txt,Attack_Data_Master,1,True,,799,26,19,train,30,30,drop,42
Attack_Data_Master/Hydra_FTP_2/UAD-Hydra-FTP-2-2783,Attack_Data_Master/Hydra_FTP_2/UAD-Hydra-FTP-2-2783.txt,Attack_Data_Master,1,True,,246,8,6,test,30,30,drop,42
Attack_Data_Master/Hydra_FTP_2/UAD-Hydra-FTP-2-3523,Attack_Data_Master/Hydra_FTP_2/UAD-Hydra-FTP-2-3523.txt,Attack_Data_Master,1,True,,263,8,23,train,30,30,drop,42
Attack_Data_Master/Hydra_FTP_2/UAD-Hydra-FTP-2-3524,Attack_Data_Master/Hydra_FTP_2/UAD-Hydra-FTP-2-3524.txt,Attack_Data_Master,1,True,,200,6,20,train,30,30,drop,42
Attack_Data_Master/Hydra_FTP_2/UAD-Hydra-FTP-2-9300,Attack_Data_Master/Hydra_FTP_2/UAD-Hydra-FTP-2-9300.txt,Attack_Data_Master,1,True,,482,16,2,train,30,30,drop,42
Attack_Data_Master/Hydra_FTP_2/UAD-Hydra-FTP-2-9310,Attack_Data_Master/Hydra_FTP_2/UAD-Hydra-FTP-2-9310.txt,Attack_Data_Master,1,True,,116,3,26,train,30,30,drop,42
Attack_Data_Master/Hydra_FTP_2/UAD-Hydra-FTP-2-9374,Attack_Data_Master/Hydra_FTP_2/UAD-Hydra-FTP-2-9374.txt,Attack_Data_Master,1,True,,221,7,11,train,30,30,drop,42
Attack_Data_Master/Hydra_FTP_2/UAD-Hydra-FTP-2-9400,Attack_Data_Master/Hydra_FTP_2/UAD-Hydra-FTP-2-9400.txt,Attack_Data_Master,1,True,,166,5,16,train,30,30,drop,42
Attack_Data_Master/Hydra_FTP_2/UAD-Hydra-FTP-2-9402,Attack_Data_Master/Hydra_FTP_2/UAD-Hydra-FTP-2-9402.txt,Attack_Data_Master,1,True,,105,3,15,train,30,30,drop,42
Attack_Data_Master/Hydra_FTP_2/UAD-Hydra-FTP-2-9454,Attack_Data_Master/Hydra_FTP_2/UAD-Hydra-FTP-2-9454.txt,Attack_Data_Master,1,True,,151,5,1,train,30,30,drop,42
Attack_Data_Master/Hydra_FTP_2/UAD-Hydra-FTP-2-9476,Attack_Data_Master/Hydra_FTP_2/UAD-Hydra-FTP-2-9476.txt,Attack_Data_Master,1,True,,107,3,17,train,30,30,drop,42
Attack_Data_Master/Hydra_FTP_2/UAD-Hydra-FTP-2-9506,Attack_Data_Master/Hydra_FTP_2/UAD-Hydra-FTP-2-9506.txt,Attack_Data_Master,1,True,,129,4,9,train,30,30,drop,42
Attack_Data_Master/Hydra_FTP_2/UAD-Hydra-FTP-2-9637,Attack_Data_Master/Hydra_FTP_2/UAD-Hydra-FTP-2-9637.txt,Attack_Data_Master,1,True,,111,3,21,train,30,30,drop,42
Attack_Data_Master/Hydra_FTP_3/UAD-Hydra-FTP-3-10487,Attack_Data_Master/Hydra_FTP_3/UAD-Hydra-FTP-3-10487.txt,Attack_Data_Master,1,True,,149,4,29,test,30,30,drop,42
Attack_Data_Master/Hydra_FTP_3/UAD-Hydra-FTP-3-10640,Attack_Data_Master/Hydra_FTP_3/UAD-Hydra-FTP-3-10640.txt,Attack_Data_Master,1,True,,144,4,24,test,30,30,drop,42
Attack_Data_Master/Hydra_FTP_3/UAD-Hydra-FTP-3-10746,Attack_Data_Master/Hydra_FTP_3/UAD-Hydra-FTP-3-10746.txt,Attack_Data_Master,1,True,,116,3,26,test,30,30,drop,42
Attack_Data_Master/Hydra_FTP_3/UAD-Hydra-FTP-3-10800,Attack_Data_Master/Hydra_FTP_3/UAD-Hydra-FTP-3-10800.txt,Attack_Data_Master,1,True,,214,7,4,train,30,30,drop,42
Attack_Data_Master/Hydra_FTP_3/UAD-Hydra-FTP-3-10824,Attack_Data_Master/Hydra_FTP_3/UAD-Hydra-FTP-3-10824.txt,Attack_Data_Master,1,True,,153,5,3,train,30,30,drop,42
Attack_Data_Master/Hydra_FTP_3/UAD-Hydra-FTP-3-10829,Attack_Data_Master/Hydra_FTP_3/UAD-Hydra-FTP-3-10829.txt,Attack_Data_Master,1,True,,169,5,19,train,30,30,drop,42
Attack_Data_Master/Hydra_FTP_3/UAD-Hydra-FTP-3-11010,Attack_Data_Master/Hydra_FTP_3/UAD-Hydra-FTP-3-11010.txt,Attack_Data_Master,1,True,,227,7,17,validation,30,30,drop,42
Attack_Data_Master/Hydra_FTP_3/UAD-Hydra-FTP-3-1371,Attack_Data_Master/Hydra_FTP_3/UAD-Hydra-FTP-3-1371.txt,Attack_Data_Master,1,True,,397,13,7,train,30,30,drop,42
Attack_Data_Master/Hydra_FTP_3/UAD-Hydra-FTP-3-1442,Attack_Data_Master/Hydra_FTP_3/UAD-Hydra-FTP-3-1442.txt,Attack_Data_Master,1,True,,1271,42,11,test,30,30,drop,42
Attack_Data_Master/Hydra_FTP_3/UAD-Hydra-FTP-3-1613,Attack_Data_Master/Hydra_FTP_3/UAD-Hydra-FTP-3-1613.txt,Attack_Data_Master,1,True,,478,15,28,test,30,30,drop,42
Attack_Data_Master/Hydra_FTP_3/UAD-Hydra-FTP-3-2311,Attack_Data_Master/Hydra_FTP_3/UAD-Hydra-FTP-3-2311.txt,Attack_Data_Master,1,True,,716,23,26,validation,30,30,drop,42
Attack_Data_Master/Hydra_FTP_3/UAD-Hydra-FTP-3-2462,Attack_Data_Master/Hydra_FTP_3/UAD-Hydra-FTP-3-2462.txt,Attack_Data_Master,1,True,,1200,40,0,train,30,30,drop,42
Attack_Data_Master/Hydra_FTP_3/UAD-Hydra-FTP-3-2783,Attack_Data_Master/Hydra_FTP_3/UAD-Hydra-FTP-3-2783.txt,Attack_Data_Master,1,True,,375,12,15,train,30,30,drop,42
Attack_Data_Master/Hydra_FTP_3/UAD-Hydra-FTP-3-3523,Attack_Data_Master/Hydra_FTP_3/UAD-Hydra-FTP-3-3523.txt,Attack_Data_Master,1,True,,371,12,11,train,30,30,drop,42
Attack_Data_Master/Hydra_FTP_3/UAD-Hydra-FTP-3-3524,Attack_Data_Master/Hydra_FTP_3/UAD-Hydra-FTP-3-3524.txt,Attack_Data_Master,1,True,,358,11,28,test,30,30,drop,42
Attack_Data_Master/Hydra_FTP_3/UAD-Hydra-FTP-3-3754,Attack_Data_Master/Hydra_FTP_3/UAD-Hydra-FTP-3-3754.txt,Attack_Data_Master,1,True,,278,9,8,validation,30,30,drop,42
Attack_Data_Master/Hydra_FTP_3/UAD-Hydra-FTP-3-3761,Attack_Data_Master/Hydra_FTP_3/UAD-Hydra-FTP-3-3761.txt,Attack_Data_Master,1,True,,145,4,25,train,30,30,drop,42
Attack_Data_Master/Hydra_FTP_3/UAD-Hydra-FTP-3-8978,Attack_Data_Master/Hydra_FTP_3/UAD-Hydra-FTP-3-8978.txt,Attack_Data_Master,1,True,,109,3,19,train,30,30,drop,42
Attack_Data_Master/Hydra_FTP_3/UAD-Hydra-FTP-3-9300,Attack_Data_Master/Hydra_FTP_3/UAD-Hydra-FTP-3-9300.txt,Attack_Data_Master,1,True,,932,31,2,train,30,30,drop,42
Attack_Data_Master/Hydra_FTP_3/UAD-Hydra-FTP-3-961,Attack_Data_Master/Hydra_FTP_3/UAD-Hydra-FTP-3-961.txt,Attack_Data_Master,1,True,,176,5,26,train,30,30,drop,42
Attack_Data_Master/Hydra_FTP_4/UAD-Hydra-FTP-4-11173,Attack_Data_Master/Hydra_FTP_4/UAD-Hydra-FTP-4-11173.txt,Attack_Data_Master,1,True,,488,16,8,train,30,30,drop,42
Attack_Data_Master/Hydra_FTP_4/UAD-Hydra-FTP-4-11184,Attack_Data_Master/Hydra_FTP_4/UAD-Hydra-FTP-4-11184.txt,Attack_Data_Master,1,True,,170,5,20,train,30,30,drop,42
Attack_Data_Master/Hydra_FTP_4/UAD-Hydra-FTP-4-11254,Attack_Data_Master/Hydra_FTP_4/UAD-Hydra-FTP-4-11254.txt,Attack_Data_Master,1,True,,113,3,23,train,30,30,drop,42
Attack_Data_Master/Hydra_FTP_4/UAD-Hydra-FTP-4-11258,Attack_Data_Master/Hydra_FTP_4/UAD-Hydra-FTP-4-11258.txt,Attack_Data_Master,1,True,,181,6,1,train,30,30,drop,42
Attack_Data_Master/Hydra_FTP_4/UAD-Hydra-FTP-4-11316,Attack_Data_Master/Hydra_FTP_4/UAD-Hydra-FTP-4-11316.txt,Attack_Data_Master,1,True,,541,18,1,train,30,30,drop,42
Attack_Data_Master/Hydra_FTP_4/UAD-Hydra-FTP-4-11384,Attack_Data_Master/Hydra_FTP_4/UAD-Hydra-FTP-4-11384.txt,Attack_Data_Master,1,True,,140,4,20,test,30,30,drop,42
Attack_Data_Master/Hydra_FTP_4/UAD-Hydra-FTP-4-1371,Attack_Data_Master/Hydra_FTP_4/UAD-Hydra-FTP-4-1371.txt,Attack_Data_Master,1,True,,176,5,26,test,30,30,drop,42
Attack_Data_Master/Hydra_FTP_4/UAD-Hydra-FTP-4-1442,Attack_Data_Master/Hydra_FTP_4/UAD-Hydra-FTP-4-1442.txt,Attack_Data_Master,1,True,,807,26,27,train,30,30,drop,42
Attack_Data_Master/Hydra_FTP_4/UAD-Hydra-FTP-4-1613,Attack_Data_Master/Hydra_FTP_4/UAD-Hydra-FTP-4-1613.txt,Attack_Data_Master,1,True,,349,11,19,train,30,30,drop,42
Attack_Data_Master/Hydra_FTP_4/UAD-Hydra-FTP-4-2311,Attack_Data_Master/Hydra_FTP_4/UAD-Hydra-FTP-4-2311.txt,Attack_Data_Master,1,True,,323,10,23,validation,30,30,drop,42
Attack_Data_Master/Hydra_FTP_4/UAD-Hydra-FTP-4-2462,Attack_Data_Master/Hydra_FTP_4/UAD-Hydra-FTP-4-2462.txt,Attack_Data_Master,1,True,,525,17,15,test,30,30,drop,42
Attack_Data_Master/Hydra_FTP_4/UAD-Hydra-FTP-4-2783,Attack_Data_Master/Hydra_FTP_4/UAD-Hydra-FTP-4-2783.txt,Attack_Data_Master,1,True,,164,5,14,train,30,30,drop,42
Attack_Data_Master/Hydra_FTP_4/UAD-Hydra-FTP-4-3523,Attack_Data_Master/Hydra_FTP_4/UAD-Hydra-FTP-4-3523.txt,Attack_Data_Master,1,True,,129,4,9,test,30,30,drop,42
Attack_Data_Master/Hydra_FTP_4/UAD-Hydra-FTP-4-3524,Attack_Data_Master/Hydra_FTP_4/UAD-Hydra-FTP-4-3524.txt,Attack_Data_Master,1,True,,106,3,16,test,30,30,drop,42
Attack_Data_Master/Hydra_FTP_5/UAD-Hydra-FTP-5-11504,Attack_Data_Master/Hydra_FTP_5/UAD-Hydra-FTP-5-11504.txt,Attack_Data_Master,1,True,,556,18,16,train,30,30,drop,42
Attack_Data_Master/Hydra_FTP_5/UAD-Hydra-FTP-5-11539,Attack_Data_Master/Hydra_FTP_5/UAD-Hydra-FTP-5-11539.txt,Attack_Data_Master,1,True,,108,3,18,validation,30,30,drop,42
Attack_Data_Master/Hydra_FTP_5/UAD-Hydra-FTP-5-11611,Attack_Data_Master/Hydra_FTP_5/UAD-Hydra-FTP-5-11611.txt,Attack_Data_Master,1,True,,124,4,4,train,30,30,drop,42
Attack_Data_Master/Hydra_FTP_5/UAD-Hydra-FTP-5-11642,Attack_Data_Master/Hydra_FTP_5/UAD-Hydra-FTP-5-11642.txt,Attack_Data_Master,1,True,,181,6,1,train,30,30,drop,42
Attack_Data_Master/Hydra_FTP_5/UAD-Hydra-FTP-5-11650,Attack_Data_Master/Hydra_FTP_5/UAD-Hydra-FTP-5-11650.txt,Attack_Data_Master,1,True,,113,3,23,train,30,30,drop,42
Attack_Data_Master/Hydra_FTP_5/UAD-Hydra-FTP-5-11665,Attack_Data_Master/Hydra_FTP_5/UAD-Hydra-FTP-5-11665.txt,Attack_Data_Master,1,True,,142,4,22,train,30,30,drop,42
Attack_Data_Master/Hydra_FTP_5/UAD-Hydra-FTP-5-11763,Attack_Data_Master/Hydra_FTP_5/UAD-Hydra-FTP-5-11763.txt,Attack_Data_Master,1,True,,153,5,3,validation,30,30,drop,42
Attack_Data_Master/Hydra_FTP_5/UAD-Hydra-FTP-5-11784,Attack_Data_Master/Hydra_FTP_5/UAD-Hydra-FTP-5-11784.txt,Attack_Data_Master,1,True,,183,6,3,train,30,30,drop,42
Attack_Data_Master/Hydra_FTP_5/UAD-Hydra-FTP-5-11908,Attack_Data_Master/Hydra_FTP_5/UAD-Hydra-FTP-5-11908.txt,Attack_Data_Master,1,True,,105,3,15,train,30,30,drop,42
Attack_Data_Master/Hydra_FTP_5/UAD-Hydra-FTP-5-1371,Attack_Data_Master/Hydra_FTP_5/UAD-Hydra-FTP-5-1371.txt,Attack_Data_Master,1,True,,274,9,4,test,30,30,drop,42
Attack_Data_Master/Hydra_FTP_5/UAD-Hydra-FTP-5-1442,Attack_Data_Master/Hydra_FTP_5/UAD-Hydra-FTP-5-1442.txt,Attack_Data_Master,1,True,,744,24,24,train,30,30,drop,42
Attack_Data_Master/Hydra_FTP_5/UAD-Hydra-FTP-5-1613,Attack_Data_Master/Hydra_FTP_5/UAD-Hydra-FTP-5-1613.txt,Attack_Data_Master,1,True,,338,11,8,train,30,30,drop,42
Attack_Data_Master/Hydra_FTP_5/UAD-Hydra-FTP-5-2311,Attack_Data_Master/Hydra_FTP_5/UAD-Hydra-FTP-5-2311.txt,Attack_Data_Master,1,True,,511,17,1,train,30,30,drop,42
Attack_Data_Master/Hydra_FTP_5/UAD-Hydra-FTP-5-2462,Attack_Data_Master/Hydra_FTP_5/UAD-Hydra-FTP-5-2462.txt,Attack_Data_Master,1,True,,762,25,12,test,30,30,drop,42
Attack_Data_Master/Hydra_FTP_5/UAD-Hydra-FTP-5-2783,Attack_Data_Master/Hydra_FTP_5/UAD-Hydra-FTP-5-2783.txt,Attack_Data_Master,1,True,,242,8,2,validation,30,30,drop,42
Attack_Data_Master/Hydra_FTP_5/UAD-Hydra-FTP-5-3523,Attack_Data_Master/Hydra_FTP_5/UAD-Hydra-FTP-5-3523.txt,Attack_Data_Master,1,True,,306,10,6,train,30,30,drop,42
Attack_Data_Master/Hydra_FTP_5/UAD-Hydra-FTP-5-3524,Attack_Data_Master/Hydra_FTP_5/UAD-Hydra-FTP-5-3524.txt,Attack_Data_Master,1,True,,300,10,0,train,30,30,drop,42
Attack_Data_Master/Hydra_FTP_5/UAD-Hydra-FTP-5-961,Attack_Data_Master/Hydra_FTP_5/UAD-Hydra-FTP-5-961.txt,Attack_Data_Master,1,True,,133,4,13,validation,30,30,drop,42
Attack_Data_Master/Hydra_FTP_6/UAD-Hydra-FTP-611504,Attack_Data_Master/Hydra_FTP_6/UAD-Hydra-FTP-611504.txt,Attack_Data_Master,1,True,,840,28,0,validation,30,30,drop,42
Attack_Data_Master/Hydra_FTP_6/UAD-Hydra-FTP-612564,Attack_Data_Master/Hydra_FTP_6/UAD-Hydra-FTP-612564.txt,Attack_Data_Master,1,True,,115,3,25,train,30,30,drop,42
Attack_Data_Master/Hydra_FTP_6/UAD-Hydra-FTP-612596,Attack_Data_Master/Hydra_FTP_6/UAD-Hydra-FTP-612596.txt,Attack_Data_Master,1,True,,180,6,0,test,30,30,drop,42
Attack_Data_Master/Hydra_FTP_6/UAD-Hydra-FTP-612700,Attack_Data_Master/Hydra_FTP_6/UAD-Hydra-FTP-612700.txt,Attack_Data_Master,1,True,,123,4,3,test,30,30,drop,42
Attack_Data_Master/Hydra_FTP_6/UAD-Hydra-FTP-612865,Attack_Data_Master/Hydra_FTP_6/UAD-Hydra-FTP-612865.txt,Attack_Data_Master,1,True,,106,3,16,train,30,30,drop,42
Attack_Data_Master/Hydra_FTP_6/UAD-Hydra-FTP-612872,Attack_Data_Master/Hydra_FTP_6/UAD-Hydra-FTP-612872.txt,Attack_Data_Master,1,True,,118,3,28,test,30,30,drop,42
Attack_Data_Master/Hydra_FTP_6/UAD-Hydra-FTP-612982,Attack_Data_Master/Hydra_FTP_6/UAD-Hydra-FTP-612982.txt,Attack_Data_Master,1,True,,136,4,16,validation,30,30,drop,42
Attack_Data_Master/Hydra_FTP_6/UAD-Hydra-FTP-613008,Attack_Data_Master/Hydra_FTP_6/UAD-Hydra-FTP-613008.txt,Attack_Data_Master,1,True,,157,5,7,train,30,30,drop,42
Attack_Data_Master/Hydra_FTP_6/UAD-Hydra-FTP-613099,Attack_Data_Master/Hydra_FTP_6/UAD-Hydra-FTP-613099.txt,Attack_Data_Master,1,True,,116,3,26,test,30,30,drop,42
Attack_Data_Master/Hydra_FTP_6/UAD-Hydra-FTP-61371,Attack_Data_Master/Hydra_FTP_6/UAD-Hydra-FTP-61371.txt,Attack_Data_Master,1,True,,382,12,22,test,30,30,drop,42
Attack_Data_Master/Hydra_FTP_6/UAD-Hydra-FTP-61442,Attack_Data_Master/Hydra_FTP_6/UAD-Hydra-FTP-61442.txt,Attack_Data_Master,1,True,,1151,38,11,train,30,30,drop,42
Attack_Data_Master/Hydra_FTP_6/UAD-Hydra-FTP-61613,Attack_Data_Master/Hydra_FTP_6/UAD-Hydra-FTP-61613.txt,Attack_Data_Master,1,True,,465,15,15,validation,30,30,drop,42
Attack_Data_Master/Hydra_FTP_6/UAD-Hydra-FTP-62311,Attack_Data_Master/Hydra_FTP_6/UAD-Hydra-FTP-62311.txt,Attack_Data_Master,1,True,,751,25,1,test,30,30,drop,42
Attack_Data_Master/Hydra_FTP_6/UAD-Hydra-FTP-62462,Attack_Data_Master/Hydra_FTP_6/UAD-Hydra-FTP-62462.txt,Attack_Data_Master,1,True,,1157,38,17,train,30,30,drop,42
Attack_Data_Master/Hydra_FTP_6/UAD-Hydra-FTP-62783,Attack_Data_Master/Hydra_FTP_6/UAD-Hydra-FTP-62783.txt,Attack_Data_Master,1,True,,366,12,6,train,30,30,drop,42
Attack_Data_Master/Hydra_FTP_6/UAD-Hydra-FTP-63523,Attack_Data_Master/Hydra_FTP_6/UAD-Hydra-FTP-63523.txt,Attack_Data_Master,1,True,,392,13,2,validation,30,30,drop,42
Attack_Data_Master/Hydra_FTP_6/UAD-Hydra-FTP-63524,Attack_Data_Master/Hydra_FTP_6/UAD-Hydra-FTP-63524.txt,Attack_Data_Master,1,True,,325,10,25,test,30,30,drop,42
Attack_Data_Master/Hydra_FTP_6/UAD-Hydra-FTP-68978,Attack_Data_Master/Hydra_FTP_6/UAD-Hydra-FTP-68978.txt,Attack_Data_Master,1,True,,124,4,4,test,30,30,drop,42
Attack_Data_Master/Hydra_FTP_6/UAD-Hydra-FTP-6961,Attack_Data_Master/Hydra_FTP_6/UAD-Hydra-FTP-6961.txt,Attack_Data_Master,1,True,,129,4,9,train,30,30,drop,42
Attack_Data_Master/Hydra_FTP_6/UAD-Hydra-FTP-6=5738,Attack_Data_Master/Hydra_FTP_6/UAD-Hydra-FTP-6=5738.txt,Attack_Data_Master,1,True,,95,3,5,train,30,30,drop,42
Attack_Data_Master/Hydra_FTP_7/UAD-Hydra-FTP-713277,Attack_Data_Master/Hydra_FTP_7/UAD-Hydra-FTP-713277.txt,Attack_Data_Master,1,True,,355,11,25,test,30,30,drop,42
Attack_Data_Master/Hydra_FTP_7/UAD-Hydra-FTP-713288,Attack_Data_Master/Hydra_FTP_7/UAD-Hydra-FTP-713288.txt,Attack_Data_Master,1,True,,94,3,4,test,30,30,drop,42
Attack_Data_Master/Hydra_FTP_7/UAD-Hydra-FTP-713292,Attack_Data_Master/Hydra_FTP_7/UAD-Hydra-FTP-713292.txt,Attack_Data_Master,1,True,,132,4,12,train,30,30,drop,42
Attack_Data_Master/Hydra_FTP_7/UAD-Hydra-FTP-713305,Attack_Data_Master/Hydra_FTP_7/UAD-Hydra-FTP-713305.txt,Attack_Data_Master,1,True,,133,4,13,train,30,30,drop,42
Attack_Data_Master/Hydra_FTP_7/UAD-Hydra-FTP-713306,Attack_Data_Master/Hydra_FTP_7/UAD-Hydra-FTP-713306.txt,Attack_Data_Master,1,True,,210,7,0,test,30,30,drop,42
Attack_Data_Master/Hydra_FTP_7/UAD-Hydra-FTP-713394,Attack_Data_Master/Hydra_FTP_7/UAD-Hydra-FTP-713394.txt,Attack_Data_Master,1,True,,103,3,13,validation,30,30,drop,42
Attack_Data_Master/Hydra_FTP_7/UAD-Hydra-FTP-71371,Attack_Data_Master/Hydra_FTP_7/UAD-Hydra-FTP-71371.txt,Attack_Data_Master,1,True,,140,4,20,train,30,30,drop,42
Attack_Data_Master/Hydra_FTP_7/UAD-Hydra-FTP-71442,Attack_Data_Master/Hydra_FTP_7/UAD-Hydra-FTP-71442.txt,Attack_Data_Master,1,True,,398,13,8,validation,30,30,drop,42
Attack_Data_Master/Hydra_FTP_7/UAD-Hydra-FTP-71613,Attack_Data_Master/Hydra_FTP_7/UAD-Hydra-FTP-71613.txt,Attack_Data_Master,1,True,,199,6,19,train,30,30,drop,42
Attack_Data_Master/Hydra_FTP_7/UAD-Hydra-FTP-72311,Attack_Data_Master/Hydra_FTP_7/UAD-Hydra-FTP-72311.txt,Attack_Data_Master,1,True,,301,10,1,train,30,30,drop,42
Attack_Data_Master/Hydra_FTP_7/UAD-Hydra-FTP-72462,Attack_Data_Master/Hydra_FTP_7/UAD-Hydra-FTP-72462.txt,Attack_Data_Master,1,True,,525,17,15,train,30,30,drop,42
Attack_Data_Master/Hydra_FTP_7/UAD-Hydra-FTP-72783,Attack_Data_Master/Hydra_FTP_7/UAD-Hydra-FTP-72783.txt,Attack_Data_Master,1,True,,177,5,27,train,30,30,drop,42
Attack_Data_Master/Hydra_FTP_7/UAD-Hydra-FTP-73523,Attack_Data_Master/Hydra_FTP_7/UAD-Hydra-FTP-73523.txt,Attack_Data_Master,1,True,,143,4,23,train,30,30,drop,42
Attack_Data_Master/Hydra_FTP_7/UAD-Hydra-FTP-73524,Attack_Data_Master/Hydra_FTP_7/UAD-Hydra-FTP-73524.txt,Attack_Data_Master,1,True,,137,4,17,train,30,30,drop,42
Attack_Data_Master/Hydra_FTP_8/UAD-Hydra-FTP-8-13541,Attack_Data_Master/Hydra_FTP_8/UAD-Hydra-FTP-8-13541.txt,Attack_Data_Master,1,True,,383,12,23,train,30,30,drop,42
Attack_Data_Master/Hydra_FTP_8/UAD-Hydra-FTP-8-13561,Attack_Data_Master/Hydra_FTP_8/UAD-Hydra-FTP-8-13561.txt,Attack_Data_Master,1,True,,175,5,25,train,30,30,drop,42
Attack_Data_Master/Hydra_FTP_8/UAD-Hydra-FTP-8-13638,Attack_Data_Master/Hydra_FTP_8/UAD-Hydra-FTP-8-13638.txt,Attack_Data_Master,1,True,,192,6,12,train,30,30,drop,42
Attack_Data_Master/Hydra_FTP_8/UAD-Hydra-FTP-8-1371,Attack_Data_Master/Hydra_FTP_8/UAD-Hydra-FTP-8-1371.txt,Attack_Data_Master,1,True,,296,9,26,train,30,30,drop,42
Attack_Data_Master/Hydra_FTP_8/UAD-Hydra-FTP-8-13849,Attack_Data_Master/Hydra_FTP_8/UAD-Hydra-FTP-8-13849.txt,Attack_Data_Master,1,True,,122,4,2,train,30,30,drop,42
Attack_Data_Master/Hydra_FTP_8/UAD-Hydra-FTP-8-1442,Attack_Data_Master/Hydra_FTP_8/UAD-Hydra-FTP-8-1442.txt,Attack_Data_Master,1,True,,582,19,12,train,30,30,drop,42
Attack_Data_Master/Hydra_FTP_8/UAD-Hydra-FTP-8-1613,Attack_Data_Master/Hydra_FTP_8/UAD-Hydra-FTP-8-1613.txt,Attack_Data_Master,1,True,,354,11,24,train,30,30,drop,42
Attack_Data_Master/Hydra_FTP_8/UAD-Hydra-FTP-8-2311,Attack_Data_Master/Hydra_FTP_8/UAD-Hydra-FTP-8-2311.txt,Attack_Data_Master,1,True,,676,22,16,validation,30,30,drop,42
Attack_Data_Master/Hydra_FTP_8/UAD-Hydra-FTP-8-2462,Attack_Data_Master/Hydra_FTP_8/UAD-Hydra-FTP-8-2462.txt,Attack_Data_Master,1,True,,897,29,27,validation,30,30,drop,42
Attack_Data_Master/Hydra_FTP_8/UAD-Hydra-FTP-8-2783,Attack_Data_Master/Hydra_FTP_8/UAD-Hydra-FTP-8-2783.txt,Attack_Data_Master,1,True,,278,9,8,validation,30,30,drop,42
Attack_Data_Master/Hydra_FTP_8/UAD-Hydra-FTP-8-3523,Attack_Data_Master/Hydra_FTP_8/UAD-Hydra-FTP-8-3523.txt,Attack_Data_Master,1,True,,228,7,18,train,30,30,drop,42
Attack_Data_Master/Hydra_FTP_8/UAD-Hydra-FTP-8-3524,Attack_Data_Master/Hydra_FTP_8/UAD-Hydra-FTP-8-3524.txt,Attack_Data_Master,1,True,,201,6,21,train,30,30,drop,42
Attack_Data_Master/Hydra_FTP_9/UAD-Hydra-FTP-9-13541,Attack_Data_Master/Hydra_FTP_9/UAD-Hydra-FTP-9-13541.txt,Attack_Data_Master,1,True,,895,29,25,test,30,30,drop,42
Attack_Data_Master/Hydra_FTP_9/UAD-Hydra-FTP-9-1371,Attack_Data_Master/Hydra_FTP_9/UAD-Hydra-FTP-9-1371.txt,Attack_Data_Master,1,True,,371,12,11,train,30,30,drop,42
Attack_Data_Master/Hydra_FTP_9/UAD-Hydra-FTP-9-14414,Attack_Data_Master/Hydra_FTP_9/UAD-Hydra-FTP-9-14414.txt,Attack_Data_Master,1,True,,118,3,28,test,30,30,drop,42
Attack_Data_Master/Hydra_FTP_9/UAD-Hydra-FTP-9-1442,Attack_Data_Master/Hydra_FTP_9/UAD-Hydra-FTP-9-1442.txt,Attack_Data_Master,1,True,,1350,45,0,train,30,30,drop,42
Attack_Data_Master/Hydra_FTP_9/UAD-Hydra-FTP-9-14423,Attack_Data_Master/Hydra_FTP_9/UAD-Hydra-FTP-9-14423.txt,Attack_Data_Master,1,True,,128,4,8,train,30,30,drop,42
Attack_Data_Master/Hydra_FTP_9/UAD-Hydra-FTP-9-14457,Attack_Data_Master/Hydra_FTP_9/UAD-Hydra-FTP-9-14457.txt,Attack_Data_Master,1,True,,136,4,16,train,30,30,drop,42
Attack_Data_Master/Hydra_FTP_9/UAD-Hydra-FTP-9-14493,Attack_Data_Master/Hydra_FTP_9/UAD-Hydra-FTP-9-14493.txt,Attack_Data_Master,1,True,,136,4,16,train,30,30,drop,42
Attack_Data_Master/Hydra_FTP_9/UAD-Hydra-FTP-9-14651,Attack_Data_Master/Hydra_FTP_9/UAD-Hydra-FTP-9-14651.txt,Attack_Data_Master,1,True,,144,4,24,train,30,30,drop,42
Attack_Data_Master/Hydra_FTP_9/UAD-Hydra-FTP-9-14661,Attack_Data_Master/Hydra_FTP_9/UAD-Hydra-FTP-9-14661.txt,Attack_Data_Master,1,True,,106,3,16,train,30,30,drop,42
Attack_Data_Master/Hydra_FTP_9/UAD-Hydra-FTP-9-14668,Attack_Data_Master/Hydra_FTP_9/UAD-Hydra-FTP-9-14668.txt,Attack_Data_Master,1,True,,124,4,4,validation,30,30,drop,42
Attack_Data_Master/Hydra_FTP_9/UAD-Hydra-FTP-9-14700,Attack_Data_Master/Hydra_FTP_9/UAD-Hydra-FTP-9-14700.txt,Attack_Data_Master,1,True,,101,3,11,train,30,30,drop,42
Attack_Data_Master/Hydra_FTP_9/UAD-Hydra-FTP-9-14814,Attack_Data_Master/Hydra_FTP_9/UAD-Hydra-FTP-9-14814.txt,Attack_Data_Master,1,True,,98,3,8,validation,30,30,drop,42
Attack_Data_Master/Hydra_FTP_9/UAD-Hydra-FTP-9-14853,Attack_Data_Master/Hydra_FTP_9/UAD-Hydra-FTP-9-14853.txt,Attack_Data_Master,1,True,,207,6,27,train,30,30,drop,42
Attack_Data_Master/Hydra_FTP_9/UAD-Hydra-FTP-9-14945,Attack_Data_Master/Hydra_FTP_9/UAD-Hydra-FTP-9-14945.txt,Attack_Data_Master,1,True,,158,5,8,train,30,30,drop,42
Attack_Data_Master/Hydra_FTP_9/UAD-Hydra-FTP-9-1613,Attack_Data_Master/Hydra_FTP_9/UAD-Hydra-FTP-9-1613.txt,Attack_Data_Master,1,True,,478,15,28,train,30,30,drop,42
Attack_Data_Master/Hydra_FTP_9/UAD-Hydra-FTP-9-2311,Attack_Data_Master/Hydra_FTP_9/UAD-Hydra-FTP-9-2311.txt,Attack_Data_Master,1,True,,720,24,0,train,30,30,drop,42
Attack_Data_Master/Hydra_FTP_9/UAD-Hydra-FTP-9-2462,Attack_Data_Master/Hydra_FTP_9/UAD-Hydra-FTP-9-2462.txt,Attack_Data_Master,1,True,,1113,37,3,test,30,30,drop,42
Attack_Data_Master/Hydra_FTP_9/UAD-Hydra-FTP-9-2783,Attack_Data_Master/Hydra_FTP_9/UAD-Hydra-FTP-9-2783.txt,Attack_Data_Master,1,True,,339,11,9,train,30,30,drop,42
Attack_Data_Master/Hydra_FTP_9/UAD-Hydra-FTP-9-3523,Attack_Data_Master/Hydra_FTP_9/UAD-Hydra-FTP-9-3523.txt,Attack_Data_Master,1,True,,360,12,0,train,30,30,drop,42
Attack_Data_Master/Hydra_FTP_9/UAD-Hydra-FTP-9-3524,Attack_Data_Master/Hydra_FTP_9/UAD-Hydra-FTP-9-3524.txt,Attack_Data_Master,1,True,,362,12,2,validation,30,30,drop,42
Attack_Data_Master/Hydra_FTP_9/UAD-Hydra-FTP-9-8978,Attack_Data_Master/Hydra_FTP_9/UAD-Hydra-FTP-9-8978.txt,Attack_Data_Master,1,True,,114,3,24,validation,30,30,drop,42
Attack_Data_Master/Hydra_FTP_9/UAD-Hydra-FTP-9-961,Attack_Data_Master/Hydra_FTP_9/UAD-Hydra-FTP-9-961.txt,Attack_Data_Master,1,True,,146,4,26,validation,30,30,drop,42
Attack_Data_Master/Hydra_SSH_1/UAD-Hydra-SSH-1-1371,Attack_Data_Master/Hydra_SSH_1/UAD-Hydra-SSH-1-1371.txt,Attack_Data_Master,1,True,,522,17,12,test,30,30,drop,42
Attack_Data_Master/Hydra_SSH_1/UAD-Hydra-SSH-1-1613,Attack_Data_Master/Hydra_SSH_1/UAD-Hydra-SSH-1-1613.txt,Attack_Data_Master,1,True,,2319,77,9,train,30,30,drop,42
Attack_Data_Master/Hydra_SSH_1/UAD-Hydra-SSH-1-2257,Attack_Data_Master/Hydra_SSH_1/UAD-Hydra-SSH-1-2257.txt,Attack_Data_Master,1,True,,207,6,27,validation,30,30,drop,42
Attack_Data_Master/Hydra_SSH_1/UAD-Hydra-SSH-1-2277,Attack_Data_Master/Hydra_SSH_1/UAD-Hydra-SSH-1-2277.txt,Attack_Data_Master,1,True,,185,6,5,test,30,30,drop,42
Attack_Data_Master/Hydra_SSH_1/UAD-Hydra-SSH-1-2311,Attack_Data_Master/Hydra_SSH_1/UAD-Hydra-SSH-1-2311.txt,Attack_Data_Master,1,True,,780,26,0,train,30,30,drop,42
Attack_Data_Master/Hydra_SSH_1/UAD-Hydra-SSH-1-2462,Attack_Data_Master/Hydra_SSH_1/UAD-Hydra-SSH-1-2462.txt,Attack_Data_Master,1,True,,1273,42,13,test,30,30,drop,42
Attack_Data_Master/Hydra_SSH_1/UAD-Hydra-SSH-1-5941,Attack_Data_Master/Hydra_SSH_1/UAD-Hydra-SSH-1-5941.txt,Attack_Data_Master,1,True,,185,6,5,validation,30,30,drop,42
Attack_Data_Master/Hydra_SSH_1/UAD-Hydra-SSH-1-6011,Attack_Data_Master/Hydra_SSH_1/UAD-Hydra-SSH-1-6011.txt,Attack_Data_Master,1,True,,722,24,2,train,30,30,drop,42
Attack_Data_Master/Hydra_SSH_10/UAD-Hydra-SSH-10-1371,Attack_Data_Master/Hydra_SSH_10/UAD-Hydra-SSH-10-1371.txt,Attack_Data_Master,1,True,,321,10,21,train,30,30,drop,42
Attack_Data_Master/Hydra_SSH_10/UAD-Hydra-SSH-10-1442,Attack_Data_Master/Hydra_SSH_10/UAD-Hydra-SSH-10-1442.txt,Attack_Data_Master,1,True,,152,5,2,train,30,30,drop,42
Attack_Data_Master/Hydra_SSH_10/UAD-Hydra-SSH-10-1613,Attack_Data_Master/Hydra_SSH_10/UAD-Hydra-SSH-10-1613.txt,Attack_Data_Master,1,True,,153,5,3,train,30,30,drop,42
Attack_Data_Master/Hydra_SSH_10/UAD-Hydra-SSH-10-2311,Attack_Data_Master/Hydra_SSH_10/UAD-Hydra-SSH-10-2311.txt,Attack_Data_Master,1,True,,604,20,4,train,30,30,drop,42
Attack_Data_Master/Hydra_SSH_10/UAD-Hydra-SSH-10-2462,Attack_Data_Master/Hydra_SSH_10/UAD-Hydra-SSH-10-2462.txt,Attack_Data_Master,1,True,,799,26,19,train,30,30,drop,42
Attack_Data_Master/Hydra_SSH_10/UAD-Hydra-SSH-10-2783,Attack_Data_Master/Hydra_SSH_10/UAD-Hydra-SSH-10-2783.txt,Attack_Data_Master,1,True,,217,7,7,train,30,30,drop,42
Attack_Data_Master/Hydra_SSH_10/UAD-Hydra-SSH-10-8445,Attack_Data_Master/Hydra_SSH_10/UAD-Hydra-SSH-10-8445.txt,Attack_Data_Master,1,True,,557,18,17,train,30,30,drop,42
Attack_Data_Master/Hydra_SSH_10/UAD-Hydra-SSH-10-8456,Attack_Data_Master/Hydra_SSH_10/UAD-Hydra-SSH-10-8456.txt,Attack_Data_Master,1,True,,114,3,24,train,30,30,drop,42
Attack_Data_Master/Hydra_SSH_10/UAD-Hydra-SSH-10-8462,Attack_Data_Master/Hydra_SSH_10/UAD-Hydra-SSH-10-8462.txt,Attack_Data_Master,1,True,,149,4,29,train,30,30,drop,42
Attack_Data_Master/Hydra_SSH_10/UAD-Hydra-SSH-10-8480,Attack_Data_Master/Hydra_SSH_10/UAD-Hydra-SSH-10-8480.txt,Attack_Data_Master,1,True,,111,3,21,train,30,30,drop,42
Attack_Data_Master/Hydra_SSH_10/UAD-Hydra-SSH-10-8498,Attack_Data_Master/Hydra_SSH_10/UAD-Hydra-SSH-10-8498.txt,Attack_Data_Master,1,True,,98,3,8,validation,30,30,drop,42
Attack_Data_Master/Hydra_SSH_10/UAD-Hydra-SSH-10-8501,Attack_Data_Master/Hydra_SSH_10/UAD-Hydra-SSH-10-8501.txt,Attack_Data_Master,1,True,,137,4,17,train,30,30,drop,42
Attack_Data_Master/Hydra_SSH_2/UAD-Hydra-SSH-2-1371,Attack_Data_Master/Hydra_SSH_2/UAD-Hydra-SSH-2-1371.txt,Attack_Data_Master,1,True,,1105,36,25,train,30,30,drop,42
Attack_Data_Master/Hydra_SSH_2/UAD-Hydra-SSH-2-1442,Attack_Data_Master/Hydra_SSH_2/UAD-Hydra-SSH-2-1442.txt,Attack_Data_Master,1,True,,626,20,26,train,30,30,drop,42
Attack_Data_Master/Hydra_SSH_2/UAD-Hydra-SSH-2-1613,Attack_Data_Master/Hydra_SSH_2/UAD-Hydra-SSH-2-1613.txt,Attack_Data_Master,1,True,,434,14,14,train,30,30,drop,42
Attack_Data_Master/Hydra_SSH_2/UAD-Hydra-SSH-2-2311,Attack_Data_Master/Hydra_SSH_2/UAD-Hydra-SSH-2-2311.txt,Attack_Data_Master,1,True,,1864,62,4,train,30,30,drop,42
Attack_Data_Master/Hydra_SSH_2/UAD-Hydra-SSH-2-2424,Attack_Data_Master/Hydra_SSH_2/UAD-Hydra-SSH-2-2424.txt,Attack_Data_Master,1,True,,107,3,17,train,30,30,drop,42
Attack_Data_Master/Hydra_SSH_2/UAD-Hydra-SSH-2-2462,Attack_Data_Master/Hydra_SSH_2/UAD-Hydra-SSH-2-2462.txt,Attack_Data_Master,1,True,,2712,90,12,train,30,30,drop,42
Attack_Data_Master/Hydra_SSH_2/UAD-Hydra-SSH-2-2783,Attack_Data_Master/Hydra_SSH_2/UAD-Hydra-SSH-2-2783.txt,Attack_Data_Master,1,True,,578,19,8,train,30,30,drop,42
Attack_Data_Master/Hydra_SSH_2/UAD-Hydra-SSH-2-3754,Attack_Data_Master/Hydra_SSH_2/UAD-Hydra-SSH-2-3754.txt,Attack_Data_Master,1,True,,99,3,9,train,30,30,drop,42
Attack_Data_Master/Hydra_SSH_2/UAD-Hydra-SSH-2-6130,Attack_Data_Master/Hydra_SSH_2/UAD-Hydra-SSH-2-6130.txt,Attack_Data_Master,1,True,,1879,62,19,train,30,30,drop,42
Attack_Data_Master/Hydra_SSH_2/UAD-Hydra-SSH-2-6154,Attack_Data_Master/Hydra_SSH_2/UAD-Hydra-SSH-2-6154.txt,Attack_Data_Master,1,True,,180,6,0,train,30,30,drop,42
Attack_Data_Master/Hydra_SSH_2/UAD-Hydra-SSH-2-6182,Attack_Data_Master/Hydra_SSH_2/UAD-Hydra-SSH-2-6182.txt,Attack_Data_Master,1,True,,104,3,14,train,30,30,drop,42
Attack_Data_Master/Hydra_SSH_2/UAD-Hydra-SSH-2-6189,Attack_Data_Master/Hydra_SSH_2/UAD-Hydra-SSH-2-6189.txt,Attack_Data_Master,1,True,,166,5,16,train,30,30,drop,42
Attack_Data_Master/Hydra_SSH_2/UAD-Hydra-SSH-2-6221,Attack_Data_Master/Hydra_SSH_2/UAD-Hydra-SSH-2-6221.txt,Attack_Data_Master,1,True,,107,3,17,train,30,30,drop,42
Attack_Data_Master/Hydra_SSH_2/UAD-Hydra-SSH-2-6237,Attack_Data_Master/Hydra_SSH_2/UAD-Hydra-SSH-2-6237.txt,Attack_Data_Master,1,True,,116,3,26,train,30,30,drop,42
Attack_Data_Master/Hydra_SSH_2/UAD-Hydra-SSH-2-6243,Attack_Data_Master/Hydra_SSH_2/UAD-Hydra-SSH-2-6243.txt,Attack_Data_Master,1,True,,143,4,23,train,30,30,drop,42
Attack_Data_Master/Hydra_SSH_2/UAD-Hydra-SSH-2-6365,Attack_Data_Master/Hydra_SSH_2/UAD-Hydra-SSH-2-6365.txt,Attack_Data_Master,1,True,,99,3,9,train,30,30,drop,42
Attack_Data_Master/Hydra_SSH_2/UAD-Hydra-SSH-2-6384,Attack_Data_Master/Hydra_SSH_2/UAD-Hydra-SSH-2-6384.txt,Attack_Data_Master,1,True,,114,3,24,train,30,30,drop,42
Attack_Data_Master/Hydra_SSH_2/UAD-Hydra-SSH-2-6398,Attack_Data_Master/Hydra_SSH_2/UAD-Hydra-SSH-2-6398.txt,Attack_Data_Master,1,True,,222,7,12,train,30,30,drop,42
Attack_Data_Master/Hydra_SSH_2/UAD-Hydra-SSH-2-6414,Attack_Data_Master/Hydra_SSH_2/UAD-Hydra-SSH-2-6414.txt,Attack_Data_Master,1,True,,131,4,11,train,30,30,drop,42
Attack_Data_Master/Hydra_SSH_2/UAD-Hydra-SSH-2-6426,Attack_Data_Master/Hydra_SSH_2/UAD-Hydra-SSH-2-6426.txt,Attack_Data_Master,1,True,,141,4,21,train,30,30,drop,42
Attack_Data_Master/Hydra_SSH_2/UAD-Hydra-SSH-2-6452,Attack_Data_Master/Hydra_SSH_2/UAD-Hydra-SSH-2-6452.txt,Attack_Data_Master,1,True,,258,8,18,train,30,30,drop,42
Attack_Data_Master/Hydra_SSH_2/UAD-Hydra-SSH-2-6461,Attack_Data_Master/Hydra_SSH_2/UAD-Hydra-SSH-2-6461.txt,Attack_Data_Master,1,True,,112,3,22,train,30,30,drop,42
Attack_Data_Master/Hydra_SSH_2/UAD-Hydra-SSH-2-6470,Attack_Data_Master/Hydra_SSH_2/UAD-Hydra-SSH-2-6470.txt,Attack_Data_Master,1,True,,139,4,19,train,30,30,drop,42
Attack_Data_Master/Hydra_SSH_2/UAD-Hydra-SSH-2-961,Attack_Data_Master/Hydra_SSH_2/UAD-Hydra-SSH-2-961.txt,Attack_Data_Master,1,True,,177,5,27,train,30,30,drop,42
Attack_Data_Master/Hydra_SSH_2/UAD-Hydra-SSH-2-=5738,Attack_Data_Master/Hydra_SSH_2/UAD-Hydra-SSH-2-=5738.txt,Attack_Data_Master,1,True,,152,5,2,test,30,30,drop,42
Attack_Data_Master/Hydra_SSH_3/UAD-Hydra-SSH-3-1371,Attack_Data_Master/Hydra_SSH_3/UAD-Hydra-SSH-3-1371.txt,Attack_Data_Master,1,True,,734,24,14,validation,30,30,drop,42
Attack_Data_Master/Hydra_SSH_3/UAD-Hydra-SSH-3-1442,Attack_Data_Master/Hydra_SSH_3/UAD-Hydra-SSH-3-1442.txt,Attack_Data_Master,1,True,,341,11,11,train,30,30,drop,42
Attack_Data_Master/Hydra_SSH_3/UAD-Hydra-SSH-3-1613,Attack_Data_Master/Hydra_SSH_3/UAD-Hydra-SSH-3-1613.txt,Attack_Data_Master,1,True,,351,11,21,train,30,30,drop,42
Attack_Data_Master/Hydra_SSH_3/UAD-Hydra-SSH-3-2311,Attack_Data_Master/Hydra_SSH_3/UAD-Hydra-SSH-3-2311.txt,Attack_Data_Master,1,True,,1290,43,0,train,30,30,drop,42
Attack_Data_Master/Hydra_SSH_3/UAD-Hydra-SSH-3-2462,Attack_Data_Master/Hydra_SSH_3/UAD-Hydra-SSH-3-2462.txt,Attack_Data_Master,1,True,,1732,57,22,train,30,30,drop,42
Attack_Data_Master/Hydra_SSH_3/UAD-Hydra-SSH-3-2783,Attack_Data_Master/Hydra_SSH_3/UAD-Hydra-SSH-3-2783.txt,Attack_Data_Master,1,True,,405,13,15,train,30,30,drop,42
Attack_Data_Master/Hydra_SSH_3/UAD-Hydra-SSH-3-6511,Attack_Data_Master/Hydra_SSH_3/UAD-Hydra-SSH-3-6511.txt,Attack_Data_Master,1,True,,1155,38,15,train,30,30,drop,42
Attack_Data_Master/Hydra_SSH_3/UAD-Hydra-SSH-3-6522,Attack_Data_Master/Hydra_SSH_3/UAD-Hydra-SSH-3-6522.txt,Attack_Data_Master,1,True,,180,6,0,train,30,30,drop,42
Attack_Data_Master/Hydra_SSH_3/UAD-Hydra-SSH-3-6525,Attack_Data_Master/Hydra_SSH_3/UAD-Hydra-SSH-3-6525.txt,Attack_Data_Master,1,True,,151,5,1,test,30,30,drop,42
Attack_Data_Master/Hydra_SSH_3/UAD-Hydra-SSH-3-6548,Attack_Data_Master/Hydra_SSH_3/UAD-Hydra-SSH-3-6548.txt,Attack_Data_Master,1,True,,147,4,27,train,30,30,drop,42
Attack_Data_Master/Hydra_SSH_3/UAD-Hydra-SSH-3-6579,Attack_Data_Master/Hydra_SSH_3/UAD-Hydra-SSH-3-6579.txt,Attack_Data_Master,1,True,,103,3,13,train,30,30,drop,42
Attack_Data_Master/Hydra_SSH_3/UAD-Hydra-SSH-3-6582,Attack_Data_Master/Hydra_SSH_3/UAD-Hydra-SSH-3-6582.txt,Attack_Data_Master,1,True,,129,4,9,train,30,30,drop,42
Attack_Data_Master/Hydra_SSH_3/UAD-Hydra-SSH-3-6589,Attack_Data_Master/Hydra_SSH_3/UAD-Hydra-SSH-3-6589.txt,Attack_Data_Master,1,True,,106,3,16,validation,30,30,drop,42
Attack_Data_Master/Hydra_SSH_3/UAD-Hydra-SSH-3-6595,Attack_Data_Master/Hydra_SSH_3/UAD-Hydra-SSH-3-6595.txt,Attack_Data_Master,1,True,,125,4,5,train,30,30,drop,42
Attack_Data_Master/Hydra_SSH_3/UAD-Hydra-SSH-3-6599,Attack_Data_Master/Hydra_SSH_3/UAD-Hydra-SSH-3-6599.txt,Attack_Data_Master,1,True,,148,4,28,train,30,30,drop,42
Attack_Data_Master/Hydra_SSH_3/UAD-Hydra-SSH-3-6624,Attack_Data_Master/Hydra_SSH_3/UAD-Hydra-SSH-3-6624.txt,Attack_Data_Master,1,True,,127,4,7,test,30,30,drop,42
Attack_Data_Master/Hydra_SSH_3/UAD-Hydra-SSH-3-6633,Attack_Data_Master/Hydra_SSH_3/UAD-Hydra-SSH-3-6633.txt,Attack_Data_Master,1,True,,100,3,10,train,30,30,drop,42
Attack_Data_Master/Hydra_SSH_3/UAD-Hydra-SSH-3-6636,Attack_Data_Master/Hydra_SSH_3/UAD-Hydra-SSH-3-6636.txt,Attack_Data_Master,1,True,,121,4,1,train,30,30,drop,42
Attack_Data_Master/Hydra_SSH_3/UAD-Hydra-SSH-3-6653,Attack_Data_Master/Hydra_SSH_3/UAD-Hydra-SSH-3-6653.txt,Attack_Data_Master,1,True,,267,8,27,validation,30,30,drop,42
Attack_Data_Master/Hydra_SSH_3/UAD-Hydra-SSH-3-6661,Attack_Data_Master/Hydra_SSH_3/UAD-Hydra-SSH-3-6661.txt,Attack_Data_Master,1,True,,133,4,13,test,30,30,drop,42
Attack_Data_Master/Hydra_SSH_3/UAD-Hydra-SSH-3-6667,Attack_Data_Master/Hydra_SSH_3/UAD-Hydra-SSH-3-6667.txt,Attack_Data_Master,1,True,,193,6,13,train,30,30,drop,42
Attack_Data_Master/Hydra_SSH_3/UAD-Hydra-SSH-3-6676,Attack_Data_Master/Hydra_SSH_3/UAD-Hydra-SSH-3-6676.txt,Attack_Data_Master,1,True,,114,3,24,train,30,30,drop,42
Attack_Data_Master/Hydra_SSH_4/UAD-Hydra-SSH-4-1371,Attack_Data_Master/Hydra_SSH_4/UAD-Hydra-SSH-4-1371.txt,Attack_Data_Master,1,True,,285,9,15,train,30,30,drop,42
Attack_Data_Master/Hydra_SSH_4/UAD-Hydra-SSH-4-1442,Attack_Data_Master/Hydra_SSH_4/UAD-Hydra-SSH-4-1442.txt,Attack_Data_Master,1,True,,252,8,12,train,30,30,drop,42
Attack_Data_Master/Hydra_SSH_4/UAD-Hydra-SSH-4-1613,Attack_Data_Master/Hydra_SSH_4/UAD-Hydra-SSH-4-1613.txt,Attack_Data_Master,1,True,,151,5,1,train,30,30,drop,42
Attack_Data_Master/Hydra_SSH_4/UAD-Hydra-SSH-4-2311,Attack_Data_Master/Hydra_SSH_4/UAD-Hydra-SSH-4-2311.txt,Attack_Data_Master,1,True,,499,16,19,train,30,30,drop,42
Attack_Data_Master/Hydra_SSH_4/UAD-Hydra-SSH-4-2462,Attack_Data_Master/Hydra_SSH_4/UAD-Hydra-SSH-4-2462.txt,Attack_Data_Master,1,True,,678,22,18,validation,30,30,drop,42
Attack_Data_Master/Hydra_SSH_4/UAD-Hydra-SSH-4-2783,Attack_Data_Master/Hydra_SSH_4/UAD-Hydra-SSH-4-2783.txt,Attack_Data_Master,1,True,,192,6,12,test,30,30,drop,42
Attack_Data_Master/Hydra_SSH_4/UAD-Hydra-SSH-4-6747,Attack_Data_Master/Hydra_SSH_4/UAD-Hydra-SSH-4-6747.txt,Attack_Data_Master,1,True,,600,20,0,train,30,30,drop,42
Attack_Data_Master/Hydra_SSH_4/UAD-Hydra-SSH-4-6784,Attack_Data_Master/Hydra_SSH_4/UAD-Hydra-SSH-4-6784.txt,Attack_Data_Master,1,True,,120,4,0,train,30,30,drop,42
Attack_Data_Master/Hydra_SSH_4/UAD-Hydra-SSH-4-6814,Attack_Data_Master/Hydra_SSH_4/UAD-Hydra-SSH-4-6814.txt,Attack_Data_Master,1,True,,117,3,27,train,30,30,drop,42
Attack_Data_Master/Hydra_SSH_4/UAD-Hydra-SSH-4-6839,Attack_Data_Master/Hydra_SSH_4/UAD-Hydra-SSH-4-6839.txt,Attack_Data_Master,1,True,,124,4,4,train,30,30,drop,42
Attack_Data_Master/Hydra_SSH_4/UAD-Hydra-SSH-4-6871,Attack_Data_Master/Hydra_SSH_4/UAD-Hydra-SSH-4-6871.txt,Attack_Data_Master,1,True,,115,3,25,validation,30,30,drop,42
Attack_Data_Master/Hydra_SSH_4/UAD-Hydra-SSH-4-6904,Attack_Data_Master/Hydra_SSH_4/UAD-Hydra-SSH-4-6904.txt,Attack_Data_Master,1,True,,103,3,13,train,30,30,drop,42
Attack_Data_Master/Hydra_SSH_5/UAD-Hydra-SSH-5-1371,Attack_Data_Master/Hydra_SSH_5/UAD-Hydra-SSH-5-1371.txt,Attack_Data_Master,1,True,,1041,34,21,train,30,30,drop,42
Attack_Data_Master/Hydra_SSH_5/UAD-Hydra-SSH-5-1442,Attack_Data_Master/Hydra_SSH_5/UAD-Hydra-SSH-5-1442.txt,Attack_Data_Master,1,True,,568,18,28,validation,30,30,drop,42
Attack_Data_Master/Hydra_SSH_5/UAD-Hydra-SSH-5-1613,Attack_Data_Master/Hydra_SSH_5/UAD-Hydra-SSH-5-1613.txt,Attack_Data_Master,1,True,,349,11,19,validation,30,30,drop,42
Attack_Data_Master/Hydra_SSH_5/UAD-Hydra-SSH-5-2311,Attack_Data_Master/Hydra_SSH_5/UAD-Hydra-SSH-5-2311.txt,Attack_Data_Master,1,True,,1758,58,18,train,30,30,drop,42
Attack_Data_Master/Hydra_SSH_5/UAD-Hydra-SSH-5-2424,Attack_Data_Master/Hydra_SSH_5/UAD-Hydra-SSH-5-2424.txt,Attack_Data_Master,1,True,,103,3,13,validation,30,30,drop,42
Attack_Data_Master/Hydra_SSH_5/UAD-Hydra-SSH-5-2462,Attack_Data_Master/Hydra_SSH_5/UAD-Hydra-SSH-5-2462.txt,Attack_Data_Master,1,True,,2435,81,5,train,30,30,drop,42
Attack_Data_Master/Hydra_SSH_5/UAD-Hydra-SSH-5-2783,Attack_Data_Master/Hydra_SSH_5/UAD-Hydra-SSH-5-2783.txt,Attack_Data_Master,1,True,,490,16,10,validation,30,30,drop,42
Attack_Data_Master/Hydra_SSH_5/UAD-Hydra-SSH-5-6938,Attack_Data_Master/Hydra_SSH_5/UAD-Hydra-SSH-5-6938.txt,Attack_Data_Master,1,True,,1881,62,21,test,30,30,drop,42
Attack_Data_Master/Hydra_SSH_5/UAD-Hydra-SSH-5-6949,Attack_Data_Master/Hydra_SSH_5/UAD-Hydra-SSH-5-6949.txt,Attack_Data_Master,1,True,,138,4,18,train,30,30,drop,42
Attack_Data_Master/Hydra_SSH_5/UAD-Hydra-SSH-5-6988,Attack_Data_Master/Hydra_SSH_5/UAD-Hydra-SSH-5-6988.txt,Attack_Data_Master,1,True,,98,3,8,train,30,30,drop,42
Attack_Data_Master/Hydra_SSH_5/UAD-Hydra-SSH-5-7033,Attack_Data_Master/Hydra_SSH_5/UAD-Hydra-SSH-5-7033.txt,Attack_Data_Master,1,True,,115,3,25,test,30,30,drop,42
Attack_Data_Master/Hydra_SSH_5/UAD-Hydra-SSH-5-7045,Attack_Data_Master/Hydra_SSH_5/UAD-Hydra-SSH-5-7045.txt,Attack_Data_Master,1,True,,238,7,28,train,30,30,drop,42
Attack_Data_Master/Hydra_SSH_5/UAD-Hydra-SSH-5-7061,Attack_Data_Master/Hydra_SSH_5/UAD-Hydra-SSH-5-7061.txt,Attack_Data_Master,1,True,,129,4,9,train,30,30,drop,42
Attack_Data_Master/Hydra_SSH_5/UAD-Hydra-SSH-5-7077,Attack_Data_Master/Hydra_SSH_5/UAD-Hydra-SSH-5-7077.txt,Attack_Data_Master,1,True,,100,3,10,train,30,30,drop,42
Attack_Data_Master/Hydra_SSH_5/UAD-Hydra-SSH-5-7098,Attack_Data_Master/Hydra_SSH_5/UAD-Hydra-SSH-5-7098.txt,Attack_Data_Master,1,True,,132,4,12,train,30,30,drop,42
Attack_Data_Master/Hydra_SSH_5/UAD-Hydra-SSH-5-7145,Attack_Data_Master/Hydra_SSH_5/UAD-Hydra-SSH-5-7145.txt,Attack_Data_Master,1,True,,161,5,11,test,30,30,drop,42
Attack_Data_Master/Hydra_SSH_5/UAD-Hydra-SSH-5-7157,Attack_Data_Master/Hydra_SSH_5/UAD-Hydra-SSH-5-7157.txt,Attack_Data_Master,1,True,,232,7,22,train,30,30,drop,42
Attack_Data_Master/Hydra_SSH_5/UAD-Hydra-SSH-5-7253,Attack_Data_Master/Hydra_SSH_5/UAD-Hydra-SSH-5-7253.txt,Attack_Data_Master,1,True,,101,3,11,train,30,30,drop,42
Attack_Data_Master/Hydra_SSH_5/UAD-Hydra-SSH-5-961,Attack_Data_Master/Hydra_SSH_5/UAD-Hydra-SSH-5-961.txt,Attack_Data_Master,1,True,,164,5,14,validation,30,30,drop,42
Attack_Data_Master/Hydra_SSH_5/UAD-Hydra-SSH-5-=5738,Attack_Data_Master/Hydra_SSH_5/UAD-Hydra-SSH-5-=5738.txt,Attack_Data_Master,1,True,,103,3,13,test,30,30,drop,42
Attack_Data_Master/Hydra_SSH_6/UAD-Hydra-SSH-6-1371,Attack_Data_Master/Hydra_SSH_6/UAD-Hydra-SSH-6-1371.txt,Attack_Data_Master,1,True,,786,26,6,validation,30,30,drop,42
Attack_Data_Master/Hydra_SSH_6/UAD-Hydra-SSH-6-1442,Attack_Data_Master/Hydra_SSH_6/UAD-Hydra-SSH-6-1442.txt,Attack_Data_Master,1,True,,442,14,22,train,30,30,drop,42
Attack_Data_Master/Hydra_SSH_6/UAD-Hydra-SSH-6-1613,Attack_Data_Master/Hydra_SSH_6/UAD-Hydra-SSH-6-1613.txt,Attack_Data_Master,1,True,,315,10,15,test,30,30,drop,42
Attack_Data_Master/Hydra_SSH_6/UAD-Hydra-SSH-6-2311,Attack_Data_Master/Hydra_SSH_6/UAD-Hydra-SSH-6-2311.txt,Attack_Data_Master,1,True,,1205,40,5,test,30,30,drop,42
Attack_Data_Master/Hydra_SSH_6/UAD-Hydra-SSH-6-2462,Attack_Data_Master/Hydra_SSH_6/UAD-Hydra-SSH-6-2462.txt,Attack_Data_Master,1,True,,1704,56,24,validation,30,30,drop,42
Attack_Data_Master/Hydra_SSH_6/UAD-Hydra-SSH-6-2783,Attack_Data_Master/Hydra_SSH_6/UAD-Hydra-SSH-6-2783.txt,Attack_Data_Master,1,True,,383,12,23,train,30,30,drop,42
Attack_Data_Master/Hydra_SSH_6/UAD-Hydra-SSH-6-7326,Attack_Data_Master/Hydra_SSH_6/UAD-Hydra-SSH-6-7326.txt,Attack_Data_Master,1,True,,1373,45,23,train,30,30,drop,42
Attack_Data_Master/Hydra_SSH_6/UAD-Hydra-SSH-6-7337,Attack_Data_Master/Hydra_SSH_6/UAD-Hydra-SSH-6-7337.txt,Attack_Data_Master,1,True,,148,4,28,train,30,30,drop,42
Attack_Data_Master/Hydra_SSH_6/UAD-Hydra-SSH-6-7392,Attack_Data_Master/Hydra_SSH_6/UAD-Hydra-SSH-6-7392.txt,Attack_Data_Master,1,True,,104,3,14,train,30,30,drop,42
Attack_Data_Master/Hydra_SSH_6/UAD-Hydra-SSH-6-7426,Attack_Data_Master/Hydra_SSH_6/UAD-Hydra-SSH-6-7426.txt,Attack_Data_Master,1,True,,102,3,12,train,30,30,drop,42
Attack_Data_Master/Hydra_SSH_6/UAD-Hydra-SSH-6-7428,Attack_Data_Master/Hydra_SSH_6/UAD-Hydra-SSH-6-7428.txt,Attack_Data_Master,1,True,,186,6,6,train,30,30,drop,42
Attack_Data_Master/Hydra_SSH_6/UAD-Hydra-SSH-6-7434,Attack_Data_Master/Hydra_SSH_6/UAD-Hydra-SSH-6-7434.txt,Attack_Data_Master,1,True,,108,3,18,train,30,30,drop,42
Attack_Data_Master/Hydra_SSH_6/UAD-Hydra-SSH-6-7448,Attack_Data_Master/Hydra_SSH_6/UAD-Hydra-SSH-6-7448.txt,Attack_Data_Master,1,True,,129,4,9,train,30,30,drop,42
Attack_Data_Master/Hydra_SSH_6/UAD-Hydra-SSH-6-7472,Attack_Data_Master/Hydra_SSH_6/UAD-Hydra-SSH-6-7472.txt,Attack_Data_Master,1,True,,101,3,11,train,30,30,drop,42
Attack_Data_Master/Hydra_SSH_6/UAD-Hydra-SSH-6-7501,Attack_Data_Master/Hydra_SSH_6/UAD-Hydra-SSH-6-7501.txt,Attack_Data_Master,1,True,,153,5,3,train,30,30,drop,42
Attack_Data_Master/Hydra_SSH_6/UAD-Hydra-SSH-6-7514,Attack_Data_Master/Hydra_SSH_6/UAD-Hydra-SSH-6-7514.txt,Attack_Data_Master,1,True,,107,3,17,train,30,30,drop,42
Attack_Data_Master/Hydra_SSH_6/UAD-Hydra-SSH-6-7524,Attack_Data_Master/Hydra_SSH_6/UAD-Hydra-SSH-6-7524.txt,Attack_Data_Master,1,True,,106,3,16,train,30,30,drop,42
Attack_Data_Master/Hydra_SSH_6/UAD-Hydra-SSH-6-961,Attack_Data_Master/Hydra_SSH_6/UAD-Hydra-SSH-6-961.txt,Attack_Data_Master,1,True,,214,7,4,train,30,30,drop,42
Attack_Data_Master/Hydra_SSH_6/UAD-Hydra-SSH-6-=5738,Attack_Data_Master/Hydra_SSH_6/UAD-Hydra-SSH-6-=5738.txt,Attack_Data_Master,1,True,,85,2,25,train,30,30,drop,42
Attack_Data_Master/Hydra_SSH_7/UAD-Hydra-SSH-7-1371,Attack_Data_Master/Hydra_SSH_7/UAD-Hydra-SSH-7-1371.txt,Attack_Data_Master,1,True,,277,9,7,train,30,30,drop,42
Attack_Data_Master/Hydra_SSH_7/UAD-Hydra-SSH-7-1442,Attack_Data_Master/Hydra_SSH_7/UAD-Hydra-SSH-7-1442.txt,Attack_Data_Master,1,True,,171,5,21,validation,30,30,drop,42
Attack_Data_Master/Hydra_SSH_7/UAD-Hydra-SSH-7-1613,Attack_Data_Master/Hydra_SSH_7/UAD-Hydra-SSH-7-1613.txt,Attack_Data_Master,1,True,,158,5,8,test,30,30,drop,42
Attack_Data_Master/Hydra_SSH_7/UAD-Hydra-SSH-7-2311,Attack_Data_Master/Hydra_SSH_7/UAD-Hydra-SSH-7-2311.txt,Attack_Data_Master,1,True,,583,19,13,train,30,30,drop,42
Attack_Data_Master/Hydra_SSH_7/UAD-Hydra-SSH-7-2462,Attack_Data_Master/Hydra_SSH_7/UAD-Hydra-SSH-7-2462.txt,Attack_Data_Master,1,True,,749,24,29,test,30,30,drop,42
Attack_Data_Master/Hydra_SSH_7/UAD-Hydra-SSH-7-2783,Attack_Data_Master/Hydra_SSH_7/UAD-Hydra-SSH-7-2783.txt,Attack_Data_Master,1,True,,209,6,29,train,30,30,drop,42
Attack_Data_Master/Hydra_SSH_7/UAD-Hydra-SSH-7-7613,Attack_Data_Master/Hydra_SSH_7/UAD-Hydra-SSH-7-7613.txt,Attack_Data_Master,1,True,,454,15,4,train,30,30,drop,42
Attack_Data_Master/Hydra_SSH_7/UAD-Hydra-SSH-7-7624,Attack_Data_Master/Hydra_SSH_7/UAD-Hydra-SSH-7-7624.txt,Attack_Data_Master,1,True,,114,3,24,train,30,30,drop,42
Attack_Data_Master/Hydra_SSH_7/UAD-Hydra-SSH-7-7684,Attack_Data_Master/Hydra_SSH_7/UAD-Hydra-SSH-7-7684.txt,Attack_Data_Master,1,True,,115,3,25,train,30,30,drop,42
Attack_Data_Master/Hydra_SSH_7/UAD-Hydra-SSH-7-7686,Attack_Data_Master/Hydra_SSH_7/UAD-Hydra-SSH-7-7686.txt,Attack_Data_Master,1,True,,110,3,20,test,30,30,drop,42
Attack_Data_Master/Hydra_SSH_7/UAD-Hydra-SSH-7-7723,Attack_Data_Master/Hydra_SSH_7/UAD-Hydra-SSH-7-7723.txt,Attack_Data_Master,1,True,,107,3,17,train,30,30,drop,42
Attack_Data_Master/Hydra_SSH_8/UAD-Hydra-SSH-8-1371,Attack_Data_Master/Hydra_SSH_8/UAD-Hydra-SSH-8-1371.txt,Attack_Data_Master,1,True,,1014,33,24,train,30,30,drop,42
Attack_Data_Master/Hydra_SSH_8/UAD-Hydra-SSH-8-1442,Attack_Data_Master/Hydra_SSH_8/UAD-Hydra-SSH-8-1442.txt,Attack_Data_Master,1,True,,430,14,10,train,30,30,drop,42
Attack_Data_Master/Hydra_SSH_8/UAD-Hydra-SSH-8-1613,Attack_Data_Master/Hydra_SSH_8/UAD-Hydra-SSH-8-1613.txt,Attack_Data_Master,1,True,,348,11,18,train,30,30,drop,42
Attack_Data_Master/Hydra_SSH_8/UAD-Hydra-SSH-8-2301,Attack_Data_Master/Hydra_SSH_8/UAD-Hydra-SSH-8-2301.txt,Attack_Data_Master,1,True,,93,3,3,train,30,30,drop,42
Attack_Data_Master/Hydra_SSH_8/UAD-Hydra-SSH-8-2311,Attack_Data_Master/Hydra_SSH_8/UAD-Hydra-SSH-8-2311.txt,Attack_Data_Master,1,True,,1673,55,23,validation,30,30,drop,42
Attack_Data_Master/Hydra_SSH_8/UAD-Hydra-SSH-8-2462,Attack_Data_Master/Hydra_SSH_8/UAD-Hydra-SSH-8-2462.txt,Attack_Data_Master,1,True,,2203,73,13,train,30,30,drop,42
Attack_Data_Master/Hydra_SSH_8/UAD-Hydra-SSH-8-2783,Attack_Data_Master/Hydra_SSH_8/UAD-Hydra-SSH-8-2783.txt,Attack_Data_Master,1,True,,522,17,12,train,30,30,drop,42
Attack_Data_Master/Hydra_SSH_8/UAD-Hydra-SSH-8-7820,Attack_Data_Master/Hydra_SSH_8/UAD-Hydra-SSH-8-7820.txt,Attack_Data_Master,1,True,,1572,52,12,train,30,30,drop,42
Attack_Data_Master/Hydra_SSH_8/UAD-Hydra-SSH-8-7840,Attack_Data_Master/Hydra_SSH_8/UAD-Hydra-SSH-8-7840.txt,Attack_Data_Master,1,True,,104,3,14,train,30,30,drop,42
Attack_Data_Master/Hydra_SSH_8/UAD-Hydra-SSH-8-7892,Attack_Data_Master/Hydra_SSH_8/UAD-Hydra-SSH-8-7892.txt,Attack_Data_Master,1,True,,156,5,6,test,30,30,drop,42
Attack_Data_Master/Hydra_SSH_8/UAD-Hydra-SSH-8-7933,Attack_Data_Master/Hydra_SSH_8/UAD-Hydra-SSH-8-7933.txt,Attack_Data_Master,1,True,,153,5,3,train,30,30,drop,42
Attack_Data_Master/Hydra_SSH_8/UAD-Hydra-SSH-8-7954,Attack_Data_Master/Hydra_SSH_8/UAD-Hydra-SSH-8-7954.txt,Attack_Data_Master,1,True,,197,6,17,test,30,30,drop,42
Attack_Data_Master/Hydra_SSH_8/UAD-Hydra-SSH-8-7964,Attack_Data_Master/Hydra_SSH_8/UAD-Hydra-SSH-8-7964.txt,Attack_Data_Master,1,True,,138,4,18,train,30,30,drop,42
Attack_Data_Master/Hydra_SSH_8/UAD-Hydra-SSH-8-7971,Attack_Data_Master/Hydra_SSH_8/UAD-Hydra-SSH-8-7971.txt,Attack_Data_Master,1,True,,121,4,1,test,30,30,drop,42
Attack_Data_Master/Hydra_SSH_8/UAD-Hydra-SSH-8-8012,Attack_Data_Master/Hydra_SSH_8/UAD-Hydra-SSH-8-8012.txt,Attack_Data_Master,1,True,,169,5,19,train,30,30,drop,42
Attack_Data_Master/Hydra_SSH_8/UAD-Hydra-SSH-8-8017,Attack_Data_Master/Hydra_SSH_8/UAD-Hydra-SSH-8-8017.txt,Attack_Data_Master,1,True,,121,4,1,test,30,30,drop,42
Attack_Data_Master/Hydra_SSH_8/UAD-Hydra-SSH-8-8052,Attack_Data_Master/Hydra_SSH_8/UAD-Hydra-SSH-8-8052.txt,Attack_Data_Master,1,True,,138,4,18,train,30,30,drop,42
Attack_Data_Master/Hydra_SSH_8/UAD-Hydra-SSH-8-8059,Attack_Data_Master/Hydra_SSH_8/UAD-Hydra-SSH-8-8059.txt,Attack_Data_Master,1,True,,110,3,20,validation,30,30,drop,42
Attack_Data_Master/Hydra_SSH_8/UAD-Hydra-SSH-8-=5738,Attack_Data_Master/Hydra_SSH_8/UAD-Hydra-SSH-8-=5738.txt,Attack_Data_Master,1,True,,119,3,29,train,30,30,drop,42
Attack_Data_Master/Hydra_SSH_9/UAD-Hydra-SSH-9-1371,Attack_Data_Master/Hydra_SSH_9/UAD-Hydra-SSH-9-1371.txt,Attack_Data_Master,1,True,,761,25,11,train,30,30,drop,42
Attack_Data_Master/Hydra_SSH_9/UAD-Hydra-SSH-9-1442,Attack_Data_Master/Hydra_SSH_9/UAD-Hydra-SSH-9-1442.txt,Attack_Data_Master,1,True,,418,13,28,train,30,30,drop,42
Attack_Data_Master/Hydra_SSH_9/UAD-Hydra-SSH-9-1613,Attack_Data_Master/Hydra_SSH_9/UAD-Hydra-SSH-9-1613.txt,Attack_Data_Master,1,True,,254,8,14,train,30,30,drop,42
Attack_Data_Master/Hydra_SSH_9/UAD-Hydra-SSH-9-2311,Attack_Data_Master/Hydra_SSH_9/UAD-Hydra-SSH-9-2311.txt,Attack_Data_Master,1,True,,1308,43,18,test,30,30,drop,42
Attack_Data_Master/Hydra_SSH_9/UAD-Hydra-SSH-9-2462,Attack_Data_Master/Hydra_SSH_9/UAD-Hydra-SSH-9-2462.txt,Attack_Data_Master,1,True,,1689,56,9,test,30,30,drop,42
Attack_Data_Master/Hydra_SSH_9/UAD-Hydra-SSH-9-2783,Attack_Data_Master/Hydra_SSH_9/UAD-Hydra-SSH-9-2783.txt,Attack_Data_Master,1,True,,357,11,27,validation,30,30,drop,42
Attack_Data_Master/Hydra_SSH_9/UAD-Hydra-SSH-9-3754,Attack_Data_Master/Hydra_SSH_9/UAD-Hydra-SSH-9-3754.txt,Attack_Data_Master,1,True,,153,5,3,test,30,30,drop,42
Attack_Data_Master/Hydra_SSH_9/UAD-Hydra-SSH-9-8177,Attack_Data_Master/Hydra_SSH_9/UAD-Hydra-SSH-9-8177.txt,Attack_Data_Master,1,True,,1387,46,7,train,30,30,drop,42
Attack_Data_Master/Hydra_SSH_9/UAD-Hydra-SSH-9-8188,Attack_Data_Master/Hydra_SSH_9/UAD-Hydra-SSH-9-8188.txt,Attack_Data_Master,1,True,,170,5,20,train,30,30,drop,42
Attack_Data_Master/Hydra_SSH_9/UAD-Hydra-SSH-9-8194,Attack_Data_Master/Hydra_SSH_9/UAD-Hydra-SSH-9-8194.txt,Attack_Data_Master,1,True,,170,5,20,train,30,30,drop,42
Attack_Data_Master/Hydra_SSH_9/UAD-Hydra-SSH-9-8223,Attack_Data_Master/Hydra_SSH_9/UAD-Hydra-SSH-9-8223.txt,Attack_Data_Master,1,True,,156,5,6,train,30,30,drop,42
Attack_Data_Master/Hydra_SSH_9/UAD-Hydra-SSH-9-8235,Attack_Data_Master/Hydra_SSH_9/UAD-Hydra-SSH-9-8235.txt,Attack_Data_Master,1,True,,125,4,5,train,30,30,drop,42
Attack_Data_Master/Hydra_SSH_9/UAD-Hydra-SSH-9-8254,Attack_Data_Master/Hydra_SSH_9/UAD-Hydra-SSH-9-8254.txt,Attack_Data_Master,1,True,,147,4,27,train,30,30,drop,42
Attack_Data_Master/Hydra_SSH_9/UAD-Hydra-SSH-9-8257,Attack_Data_Master/Hydra_SSH_9/UAD-Hydra-SSH-9-8257.txt,Attack_Data_Master,1,True,,190,6,10,train,30,30,drop,42
Attack_Data_Master/Hydra_SSH_9/UAD-Hydra-SSH-9-8258,Attack_Data_Master/Hydra_SSH_9/UAD-Hydra-SSH-9-8258.txt,Attack_Data_Master,1,True,,128,4,8,train,30,30,drop,42
Attack_Data_Master/Hydra_SSH_9/UAD-Hydra-SSH-9-8259,Attack_Data_Master/Hydra_SSH_9/UAD-Hydra-SSH-9-8259.txt,Attack_Data_Master,1,True,,114,3,24,validation,30,30,drop,42
Attack_Data_Master/Hydra_SSH_9/UAD-Hydra-SSH-9-8278,Attack_Data_Master/Hydra_SSH_9/UAD-Hydra-SSH-9-8278.txt,Attack_Data_Master,1,True,,139,4,19,train,30,30,drop,42
Attack_Data_Master/Hydra_SSH_9/UAD-Hydra-SSH-9-8303,Attack_Data_Master/Hydra_SSH_9/UAD-Hydra-SSH-9-8303.txt,Attack_Data_Master,1,True,,121,4,1,train,30,30,drop,42
Attack_Data_Master/Hydra_SSH_9/UAD-Hydra-SSH-9-8312,Attack_Data_Master/Hydra_SSH_9/UAD-Hydra-SSH-9-8312.txt,Attack_Data_Master,1,True,,109,3,19,train,30,30,drop,42
Attack_Data_Master/Hydra_SSH_9/UAD-Hydra-SSH-9-8314,Attack_Data_Master/Hydra_SSH_9/UAD-Hydra-SSH-9-8314.txt,Attack_Data_Master,1,True,,100,3,10,train,30,30,drop,42
Attack_Data_Master/Hydra_SSH_9/UAD-Hydra-SSH-9-8315,Attack_Data_Master/Hydra_SSH_9/UAD-Hydra-SSH-9-8315.txt,Attack_Data_Master,1,True,,198,6,18,test,30,30,drop,42
Attack_Data_Master/Hydra_SSH_9/UAD-Hydra-SSH-9-8316,Attack_Data_Master/Hydra_SSH_9/UAD-Hydra-SSH-9-8316.txt,Attack_Data_Master,1,True,,240,8,0,train,30,30,drop,42
Attack_Data_Master/Hydra_SSH_9/UAD-Hydra-SSH-9-8327,Attack_Data_Master/Hydra_SSH_9/UAD-Hydra-SSH-9-8327.txt,Attack_Data_Master,1,True,,113,3,23,train,30,30,drop,42
Attack_Data_Master/Hydra_SSH_9/UAD-Hydra-SSH-9-8334,Attack_Data_Master/Hydra_SSH_9/UAD-Hydra-SSH-9-8334.txt,Attack_Data_Master,1,True,,108,3,18,test,30,30,drop,42
Attack_Data_Master/Hydra_SSH_9/UAD-Hydra-SSH-9-8346,Attack_Data_Master/Hydra_SSH_9/UAD-Hydra-SSH-9-8346.txt,Attack_Data_Master,1,True,,119,3,29,train,30,30,drop,42
Attack_Data_Master/Hydra_SSH_9/UAD-Hydra-SSH-9-8347,Attack_Data_Master/Hydra_SSH_9/UAD-Hydra-SSH-9-8347.txt,Attack_Data_Master,1,True,,115,3,25,train,30,30,drop,42
Attack_Data_Master/Hydra_SSH_9/UAD-Hydra-SSH-9-8360,Attack_Data_Master/Hydra_SSH_9/UAD-Hydra-SSH-9-8360.txt,Attack_Data_Master,1,True,,108,3,18,train,30,30,drop,42
Attack_Data_Master/Hydra_SSH_9/UAD-Hydra-SSH-9-=5738,Attack_Data_Master/Hydra_SSH_9/UAD-Hydra-SSH-9-=5738.txt,Attack_Data_Master,1,True,,89,2,29,train,30,30,drop,42
Attack_Data_Master/Java_Meterpreter_1/UAD-Java-Meterpreter-1-1371,Attack_Data_Master/Java_Meterpreter_1/UAD-Java-Meterpreter-1-1371.txt,Attack_Data_Master,1,True,,279,9,9,train,30,30,drop,42
Attack_Data_Master/Java_Meterpreter_1/UAD-Java-Meterpreter-1-1613,Attack_Data_Master/Java_Meterpreter_1/UAD-Java-Meterpreter-1-1613.txt,Attack_Data_Master,1,True,,330,11,0,train,30,30,drop,42
Attack_Data_Master/Java_Meterpreter_1/UAD-Java-Meterpreter-1-19425,Attack_Data_Master/Java_Meterpreter_1/UAD-Java-Meterpreter-1-19425.txt,Attack_Data_Master,1,True,,263,8,23,validation,30,30,drop,42
Attack_Data_Master/Java_Meterpreter_1/UAD-Java-Meterpreter-1-19444,Attack_Data_Master/Java_Meterpreter_1/UAD-Java-Meterpreter-1-19444.txt,Attack_Data_Master,1,True,,290,9,20,test,30,30,drop,42
Attack_Data_Master/Java_Meterpreter_1/UAD-Java-Meterpreter-1-19463,Attack_Data_Master/Java_Meterpreter_1/UAD-Java-Meterpreter-1-19463.txt,Attack_Data_Master,1,True,,497,16,17,test,30,30,drop,42
Attack_Data_Master/Java_Meterpreter_1/UAD-Java-Meterpreter-1-19479,Attack_Data_Master/Java_Meterpreter_1/UAD-Java-Meterpreter-1-19479.txt,Attack_Data_Master,1,True,,662,22,2,train,30,30,drop,42
Attack_Data_Master/Java_Meterpreter_1/UAD-Java-Meterpreter-1-2311,Attack_Data_Master/Java_Meterpreter_1/UAD-Java-Meterpreter-1-2311.txt,Attack_Data_Master,1,True,,643,21,13,test,30,30,drop,42
Attack_Data_Master/Java_Meterpreter_1/UAD-Java-Meterpreter-1-2462,Attack_Data_Master/Java_Meterpreter_1/UAD-Java-Meterpreter-1-2462.txt,Attack_Data_Master,1,True,,981,32,21,validation,30,30,drop,42
Attack_Data_Master/Java_Meterpreter_1/UAD-Java-Meterpreter-1-2783,Attack_Data_Master/Java_Meterpreter_1/UAD-Java-Meterpreter-1-2783.txt,Attack_Data_Master,1,True,,296,9,26,train,30,30,drop,42
Attack_Data_Master/Java_Meterpreter_1/UAD-Java-Meterpreter-1-961,Attack_Data_Master/Java_Meterpreter_1/UAD-Java-Meterpreter-1-961.txt,Attack_Data_Master,1,True,,139,4,19,train,30,30,drop,42
Attack_Data_Master/Java_Meterpreter_1/UAD-Java-Meterpreter-1-=1,Attack_Data_Master/Java_Meterpreter_1/UAD-Java-Meterpreter-1-=1.txt,Attack_Data_Master,1,True,,347,11,17,train,30,30,drop,42
Attack_Data_Master/Java_Meterpreter_10/UAD-Java-Meterpreter-10-1371,Attack_Data_Master/Java_Meterpreter_10/UAD-Java-Meterpreter-10-1371.txt,Attack_Data_Master,1,True,,314,10,14,validation,30,30,drop,42
Attack_Data_Master/Java_Meterpreter_10/UAD-Java-Meterpreter-10-1613,Attack_Data_Master/Java_Meterpreter_10/UAD-Java-Meterpreter-10-1613.txt,Attack_Data_Master,1,True,,811,27,1,train,30,30,drop,42
Attack_Data_Master/Java_Meterpreter_10/UAD-Java-Meterpreter-10-19826,Attack_Data_Master/Java_Meterpreter_10/UAD-Java-Meterpreter-10-19826.txt,Attack_Data_Master,1,True,,123,4,3,test,30,30,drop,42
Attack_Data_Master/Java_Meterpreter_10/UAD-Java-Meterpreter-10-19833,Attack_Data_Master/Java_Meterpreter_10/UAD-Java-Meterpreter-10-19833.txt,Attack_Data_Master,1,True,,290,9,20,train,30,30,drop,42
Attack_Data_Master/Java_Meterpreter_10/UAD-Java-Meterpreter-10-19852,Attack_Data_Master/Java_Meterpreter_10/UAD-Java-Meterpreter-10-19852.txt,Attack_Data_Master,1,True,,310,10,10,train,30,30,drop,42
Attack_Data_Master/Java_Meterpreter_10/UAD-Java-Meterpreter-10-19880,Attack_Data_Master/Java_Meterpreter_10/UAD-Java-Meterpreter-10-19880.txt,Attack_Data_Master,1,True,,128,4,8,train,30,30,drop,42
Attack_Data_Master/Java_Meterpreter_10/UAD-Java-Meterpreter-10-19887,Attack_Data_Master/Java_Meterpreter_10/UAD-Java-Meterpreter-10-19887.txt,Attack_Data_Master,1,True,,758,25,8,train,30,30,drop,42
Attack_Data_Master/Java_Meterpreter_10/UAD-Java-Meterpreter-10-2311,Attack_Data_Master/Java_Meterpreter_10/UAD-Java-Meterpreter-10-2311.txt,Attack_Data_Master,1,True,,589,19,19,train,30,30,drop,42
Attack_Data_Master/Java_Meterpreter_10/UAD-Java-Meterpreter-10-2377,Attack_Data_Master/Java_Meterpreter_10/UAD-Java-Meterpreter-10-2377.txt,Attack_Data_Master,1,True,,466,15,16,test,30,30,drop,42
Attack_Data_Master/Java_Meterpreter_10/UAD-Java-Meterpreter-10-2462,Attack_Data_Master/Java_Meterpreter_10/UAD-Java-Meterpreter-10-2462.txt,Attack_Data_Master,1,True,,1219,40,19,train,30,30,drop,42
Attack_Data_Master/Java_Meterpreter_10/UAD-Java-Meterpreter-10-2783,Attack_Data_Master/Java_Meterpreter_10/UAD-Java-Meterpreter-10-2783.txt,Attack_Data_Master,1,True,,551,18,11,train,30,30,drop,42
Attack_Data_Master/Java_Meterpreter_10/UAD-Java-Meterpreter-10-=1,Attack_Data_Master/Java_Meterpreter_10/UAD-Java-Meterpreter-10-=1.txt,Attack_Data_Master,1,True,,488,16,8,train,30,30,drop,42
Attack_Data_Master/Java_Meterpreter_2/UAD-Java-Meterpreter-2-1371,Attack_Data_Master/Java_Meterpreter_2/UAD-Java-Meterpreter-2-1371.txt,Attack_Data_Master,1,True,,243,8,3,train,30,30,drop,42
Attack_Data_Master/Java_Meterpreter_2/UAD-Java-Meterpreter-2-1613,Attack_Data_Master/Java_Meterpreter_2/UAD-Java-Meterpreter-2-1613.txt,Attack_Data_Master,1,True,,249,8,9,train,30,30,drop,42
Attack_Data_Master/Java_Meterpreter_2/UAD-Java-Meterpreter-2-19531,Attack_Data_Master/Java_Meterpreter_2/UAD-Java-Meterpreter-2-19531.txt,Attack_Data_Master,1,True,,123,4,3,test,30,30,drop,42
Attack_Data_Master/Java_Meterpreter_2/UAD-Java-Meterpreter-2-19544,Attack_Data_Master/Java_Meterpreter_2/UAD-Java-Meterpreter-2-19544.txt,Attack_Data_Master,1,True,,252,8,12,train,30,30,drop,42
Attack_Data_Master/Java_Meterpreter_2/UAD-Java-Meterpreter-2-19563,Attack_Data_Master/Java_Meterpreter_2/UAD-Java-Meterpreter-2-19563.txt,Attack_Data_Master,1,True,,236,7,26,train,30,30,drop,42
Attack_Data_Master/Java_Meterpreter_2/UAD-Java-Meterpreter-2-19582,Attack_Data_Master/Java_Meterpreter_2/UAD-Java-Meterpreter-2-19582.txt,Attack_Data_Master,1,True,,630,21,0,train,30,30,drop,42
Attack_Data_Master/Java_Meterpreter_2/UAD-Java-Meterpreter-2-19598,Attack_Data_Master/Java_Meterpreter_2/UAD-Java-Meterpreter-2-19598.txt,Attack_Data_Master,1,True,,618,20,18,validation,30,30,drop,42
Attack_Data_Master/Java_Meterpreter_2/UAD-Java-Meterpreter-2-2311,Attack_Data_Master/Java_Meterpreter_2/UAD-Java-Meterpreter-2-2311.txt,Attack_Data_Master,1,True,,690,23,0,validation,30,30,drop,42
Attack_Data_Master/Java_Meterpreter_2/UAD-Java-Meterpreter-2-2462,Attack_Data_Master/Java_Meterpreter_2/UAD-Java-Meterpreter-2-2462.txt,Attack_Data_Master,1,True,,856,28,16,test,30,30,drop,42
Attack_Data_Master/Java_Meterpreter_2/UAD-Java-Meterpreter-2-2783,Attack_Data_Master/Java_Meterpreter_2/UAD-Java-Meterpreter-2-2783.txt,Attack_Data_Master,1,True,,256,8,16,train,30,30,drop,42
Attack_Data_Master/Java_Meterpreter_2/UAD-Java-Meterpreter-2-=1,Attack_Data_Master/Java_Meterpreter_2/UAD-Java-Meterpreter-2-=1.txt,Attack_Data_Master,1,True,,389,12,29,train,30,30,drop,42
Attack_Data_Master/Java_Meterpreter_3/UAD-Java-Meterpreter-3-1371,Attack_Data_Master/Java_Meterpreter_3/UAD-Java-Meterpreter-3-1371.txt,Attack_Data_Master,1,True,,294,9,24,train,30,30,drop,42
Attack_Data_Master/Java_Meterpreter_3/UAD-Java-Meterpreter-3-1613,Attack_Data_Master/Java_Meterpreter_3/UAD-Java-Meterpreter-3-1613.txt,Attack_Data_Master,1,True,,350,11,20,test,30,30,drop,42
Attack_Data_Master/Java_Meterpreter_3/UAD-Java-Meterpreter-3-19676,Attack_Data_Master/Java_Meterpreter_3/UAD-Java-Meterpreter-3-19676.txt,Attack_Data_Master,1,True,,113,3,23,validation,30,30,drop,42
Attack_Data_Master/Java_Meterpreter_3/UAD-Java-Meterpreter-3-19681,Attack_Data_Master/Java_Meterpreter_3/UAD-Java-Meterpreter-3-19681.txt,Attack_Data_Master,1,True,,345,11,15,test,30,30,drop,42
Attack_Data_Master/Java_Meterpreter_3/UAD-Java-Meterpreter-3-19700,Attack_Data_Master/Java_Meterpreter_3/UAD-Java-Meterpreter-3-19700.txt,Attack_Data_Master,1,True,,436,14,16,train,30,30,drop,42
Attack_Data_Master/Java_Meterpreter_3/UAD-Java-Meterpreter-3-19719,Attack_Data_Master/Java_Meterpreter_3/UAD-Java-Meterpreter-3-19719.txt,Attack_Data_Master,1,True,,472,15,22,test,30,30,drop,42
Attack_Data_Master/Java_Meterpreter_3/UAD-Java-Meterpreter-3-19735,Attack_Data_Master/Java_Meterpreter_3/UAD-Java-Meterpreter-3-19735.txt,Attack_Data_Master,1,True,,796,26,16,train,30,30,drop,42
Attack_Data_Master/Java_Meterpreter_3/UAD-Java-Meterpreter-3-2311,Attack_Data_Master/Java_Meterpreter_3/UAD-Java-Meterpreter-3-2311.txt,Attack_Data_Master,1,True,,718,23,28,validation,30,30,drop,42
Attack_Data_Master/Java_Meterpreter_3/UAD-Java-Meterpreter-3-2462,Attack_Data_Master/Java_Meterpreter_3/UAD-Java-Meterpreter-3-2462.txt,Attack_Data_Master,1,True,,1081,36,1,train,30,30,drop,42
Attack_Data_Master/Java_Meterpreter_3/UAD-Java-Meterpreter-3-2783,Attack_Data_Master/Java_Meterpreter_3/UAD-Java-Meterpreter-3-2783.txt,Attack_Data_Master,1,True,,362,12,2,validation,30,30,drop,42
Attack_Data_Master/Java_Meterpreter_3/UAD-Java-Meterpreter-3-961,Attack_Data_Master/Java_Meterpreter_3/UAD-Java-Meterpreter-3-961.txt,Attack_Data_Master,1,True,,146,4,26,train,30,30,drop,42
Attack_Data_Master/Java_Meterpreter_3/UAD-Java-Meterpreter-3-=1,Attack_Data_Master/Java_Meterpreter_3/UAD-Java-Meterpreter-3-=1.txt,Attack_Data_Master,1,True,,423,14,3,validation,30,30,drop,42
Attack_Data_Master/Java_Meterpreter_4/UAD-Java-Meterpreter-4-1371,Attack_Data_Master/Java_Meterpreter_4/UAD-Java-Meterpreter-4-1371.txt,Attack_Data_Master,1,True,,297,9,27,train,30,30,drop,42
Attack_Data_Master/Java_Meterpreter_4/UAD-Java-Meterpreter-4-1613,Attack_Data_Master/Java_Meterpreter_4/UAD-Java-Meterpreter-4-1613.txt,Attack_Data_Master,1,True,,656,21,26,train,30,30,drop,42
Attack_Data_Master/Java_Meterpreter_4/UAD-Java-Meterpreter-4-20017,Attack_Data_Master/Java_Meterpreter_4/UAD-Java-Meterpreter-4-20017.txt,Attack_Data_Master,1,True,,150,5,0,train,30,30,drop,42
Attack_Data_Master/Java_Meterpreter_4/UAD-Java-Meterpreter-4-20024,Attack_Data_Master/Java_Meterpreter_4/UAD-Java-Meterpreter-4-20024.txt,Attack_Data_Master,1,True,,343,11,13,train,30,30,drop,42
Attack_Data_Master/Java_Meterpreter_4/UAD-Java-Meterpreter-4-20043,Attack_Data_Master/Java_Meterpreter_4/UAD-Java-Meterpreter-4-20043.txt,Attack_Data_Master,1,True,,149,4,29,train,30,30,drop,42
Attack_Data_Master/Java_Meterpreter_4/UAD-Java-Meterpreter-4-20062,Attack_Data_Master/Java_Meterpreter_4/UAD-Java-Meterpreter-4-20062.txt,Attack_Data_Master,1,True,,981,32,21,train,30,30,drop,42
Attack_Data_Master/Java_Meterpreter_4/UAD-Java-Meterpreter-4-20078,Attack_Data_Master/Java_Meterpreter_4/UAD-Java-Meterpreter-4-20078.txt,Attack_Data_Master,1,True,,766,25,16,train,30,30,drop,42
Attack_Data_Master/Java_Meterpreter_4/UAD-Java-Meterpreter-4-2311,Attack_Data_Master/Java_Meterpreter_4/UAD-Java-Meterpreter-4-2311.txt,Attack_Data_Master,1,True,,746,24,26,test,30,30,drop,42
Attack_Data_Master/Java_Meterpreter_4/UAD-Java-Meterpreter-4-2342,Attack_Data_Master/Java_Meterpreter_4/UAD-Java-Meterpreter-4-2342.txt,Attack_Data_Master,1,True,,92,3,2,train,30,30,drop,42
Attack_Data_Master/Java_Meterpreter_4/UAD-Java-Meterpreter-4-2377,Attack_Data_Master/Java_Meterpreter_4/UAD-Java-Meterpreter-4-2377.txt,Attack_Data_Master,1,True,,639,21,9,test,30,30,drop,42
Attack_Data_Master/Java_Meterpreter_4/UAD-Java-Meterpreter-4-2462,Attack_Data_Master/Java_Meterpreter_4/UAD-Java-Meterpreter-4-2462.txt,Attack_Data_Master,1,True,,1021,34,1,validation,30,30,drop,42
Attack_Data_Master/Java_Meterpreter_4/UAD-Java-Meterpreter-4-2783,Attack_Data_Master/Java_Meterpreter_4/UAD-Java-Meterpreter-4-2783.txt,Attack_Data_Master,1,True,,419,13,29,train,30,30,drop,42
Attack_Data_Master/Java_Meterpreter_4/UAD-Java-Meterpreter-4-=1,Attack_Data_Master/Java_Meterpreter_4/UAD-Java-Meterpreter-4-=1.txt,Attack_Data_Master,1,True,,443,14,23,validation,30,30,drop,42
Attack_Data_Master/Java_Meterpreter_5/UAD-Java-Meterpreter-5-1371,Attack_Data_Master/Java_Meterpreter_5/UAD-Java-Meterpreter-5-1371.txt,Attack_Data_Master,1,True,,275,9,5,validation,30,30,drop,42
Attack_Data_Master/Java_Meterpreter_5/UAD-Java-Meterpreter-5-1613,Attack_Data_Master/Java_Meterpreter_5/UAD-Java-Meterpreter-5-1613.txt,Attack_Data_Master,1,True,,493,16,13,train,30,30,drop,42
Attack_Data_Master/Java_Meterpreter_5/UAD-Java-Meterpreter-5-20142,Attack_Data_Master/Java_Meterpreter_5/UAD-Java-Meterpreter-5-20142.txt,Attack_Data_Master,1,True,,150,5,0,train,30,30,drop,42
Attack_Data_Master/Java_Meterpreter_5/UAD-Java-Meterpreter-5-20145,Attack_Data_Master/Java_Meterpreter_5/UAD-Java-Meterpreter-5-20145.txt,Attack_Data_Master,1,True,,253,8,13,test,30,30,drop,42
Attack_Data_Master/Java_Meterpreter_5/UAD-Java-Meterpreter-5-20164,Attack_Data_Master/Java_Meterpreter_5/UAD-Java-Meterpreter-5-20164.txt,Attack_Data_Master,1,True,,316,10,16,validation,30,30,drop,42
Attack_Data_Master/Java_Meterpreter_5/UAD-Java-Meterpreter-5-20183,Attack_Data_Master/Java_Meterpreter_5/UAD-Java-Meterpreter-5-20183.txt,Attack_Data_Master,1,True,,937,31,7,train,30,30,drop,42
Attack_Data_Master/Java_Meterpreter_5/UAD-Java-Meterpreter-5-20199,Attack_Data_Master/Java_Meterpreter_5/UAD-Java-Meterpreter-5-20199.txt,Attack_Data_Master,1,True,,832,27,22,train,30,30,drop,42
Attack_Data_Master/Java_Meterpreter_5/UAD-Java-Meterpreter-5-2311,Attack_Data_Master/Java_Meterpreter_5/UAD-Java-Meterpreter-5-2311.txt,Attack_Data_Master,1,True,,705,23,15,train,30,30,drop,42
Attack_Data_Master/Java_Meterpreter_5/UAD-Java-Meterpreter-5-2462,Attack_Data_Master/Java_Meterpreter_5/UAD-Java-Meterpreter-5-2462.txt,Attack_Data_Master,1,True,,1144,38,4,train,30,30,drop,42
Attack_Data_Master/Java_Meterpreter_5/UAD-Java-Meterpreter-5-2783,Attack_Data_Master/Java_Meterpreter_5/UAD-Java-Meterpreter-5-2783.txt,Attack_Data_Master,1,True,,363,12,3,train,30,30,drop,42
Attack_Data_Master/Java_Meterpreter_5/UAD-Java-Meterpreter-5-961,Attack_Data_Master/Java_Meterpreter_5/UAD-Java-Meterpreter-5-961.txt,Attack_Data_Master,1,True,,148,4,28,train,30,30,drop,42
Attack_Data_Master/Java_Meterpreter_5/UAD-Java-Meterpreter-5-=1,Attack_Data_Master/Java_Meterpreter_5/UAD-Java-Meterpreter-5-=1.txt,Attack_Data_Master,1,True,,364,12,4,train,30,30,drop,42
Attack_Data_Master/Java_Meterpreter_6/UAD-Java-Meterpreter-6-1371,Attack_Data_Master/Java_Meterpreter_6/UAD-Java-Meterpreter-6-1371.txt,Attack_Data_Master,1,True,,275,9,5,train,30,30,drop,42
Attack_Data_Master/Java_Meterpreter_6/UAD-Java-Meterpreter-6-1613,Attack_Data_Master/Java_Meterpreter_6/UAD-Java-Meterpreter-6-1613.txt,Attack_Data_Master,1,True,,402,13,12,train,30,30,drop,42
Attack_Data_Master/Java_Meterpreter_6/UAD-Java-Meterpreter-6-20253,Attack_Data_Master/Java_Meterpreter_6/UAD-Java-Meterpreter-6-20253.txt,Attack_Data_Master,1,True,,141,4,21,test,30,30,drop,42
Attack_Data_Master/Java_Meterpreter_6/UAD-Java-Meterpreter-6-20256,Attack_Data_Master/Java_Meterpreter_6/UAD-Java-Meterpreter-6-20256.txt,Attack_Data_Master,1,True,,404,13,14,train,30,30,drop,42
Attack_Data_Master/Java_Meterpreter_6/UAD-Java-Meterpreter-6-20275,Attack_Data_Master/Java_Meterpreter_6/UAD-Java-Meterpreter-6-20275.txt,Attack_Data_Master,1,True,,303,10,3,test,30,30,drop,42
Attack_Data_Master/Java_Meterpreter_6/UAD-Java-Meterpreter-6-20294,Attack_Data_Master/Java_Meterpreter_6/UAD-Java-Meterpreter-6-20294.txt,Attack_Data_Master,1,True,,561,18,21,train,30,30,drop,42
Attack_Data_Master/Java_Meterpreter_6/UAD-Java-Meterpreter-6-20310,Attack_Data_Master/Java_Meterpreter_6/UAD-Java-Meterpreter-6-20310.txt,Attack_Data_Master,1,True,,792,26,12,train,30,30,drop,42
Attack_Data_Master/Java_Meterpreter_6/UAD-Java-Meterpreter-6-2311,Attack_Data_Master/Java_Meterpreter_6/UAD-Java-Meterpreter-6-2311.txt,Attack_Data_Master,1,True,,675,22,15,train,30,30,drop,42
Attack_Data_Master/Java_Meterpreter_6/UAD-Java-Meterpreter-6-2462,Attack_Data_Master/Java_Meterpreter_6/UAD-Java-Meterpreter-6-2462.txt,Attack_Data_Master,1,True,,1098,36,18,train,30,30,drop,42
Attack_Data_Master/Java_Meterpreter_6/UAD-Java-Meterpreter-6-2783,Attack_Data_Master/Java_Meterpreter_6/UAD-Java-Meterpreter-6-2783.txt,Attack_Data_Master,1,True,,322,10,22,train,30,30,drop,42
Attack_Data_Master/Java_Meterpreter_6/UAD-Java-Meterpreter-6-961,Attack_Data_Master/Java_Meterpreter_6/UAD-Java-Meterpreter-6-961.txt,Attack_Data_Master,1,True,,146,4,26,train,30,30,drop,42
Attack_Data_Master/Java_Meterpreter_6/UAD-Java-Meterpreter-6-=1,Attack_Data_Master/Java_Meterpreter_6/UAD-Java-Meterpreter-6-=1.txt,Attack_Data_Master,1,True,,440,14,20,validation,30,30,drop,42
Attack_Data_Master/Java_Meterpreter_7/UAD-Java-Meterpreter-7-1371,Attack_Data_Master/Java_Meterpreter_7/UAD-Java-Meterpreter-7-1371.txt,Attack_Data_Master,1,True,,316,10,16,train,30,30,drop,42
Attack_Data_Master/Java_Meterpreter_7/UAD-Java-Meterpreter-7-1613,Attack_Data_Master/Java_Meterpreter_7/UAD-Java-Meterpreter-7-1613.txt,Attack_Data_Master,1,True,,440,14,20,validation,30,30,drop,42
Attack_Data_Master/Java_Meterpreter_7/UAD-Java-Meterpreter-7-20347,Attack_Data_Master/Java_Meterpreter_7/UAD-Java-Meterpreter-7-20347.txt,Attack_Data_Master,1,True,,136,4,16,train,30,30,drop,42
Attack_Data_Master/Java_Meterpreter_7/UAD-Java-Meterpreter-7-20371,Attack_Data_Master/Java_Meterpreter_7/UAD-Java-Meterpreter-7-20371.txt,Attack_Data_Master,1,True,,346,11,16,train,30,30,drop,42
Attack_Data_Master/Java_Meterpreter_7/UAD-Java-Meterpreter-7-20390,Attack_Data_Master/Java_Meterpreter_7/UAD-Java-Meterpreter-7-20390.txt,Attack_Data_Master,1,True,,380,12,20,train,30,30,drop,42
Attack_Data_Master/Java_Meterpreter_7/UAD-Java-Meterpreter-7-20409,Attack_Data_Master/Java_Meterpreter_7/UAD-Java-Meterpreter-7-20409.txt,Attack_Data_Master,1,True,,737,24,17,train,30,30,drop,42
Attack_Data_Master/Java_Meterpreter_7/UAD-Java-Meterpreter-7-20425,Attack_Data_Master/Java_Meterpreter_7/UAD-Java-Meterpreter-7-20425.txt,Attack_Data_Master,1,True,,855,28,15,test,30,30,drop,42
Attack_Data_Master/Java_Meterpreter_7/UAD-Java-Meterpreter-7-20435,Attack_Data_Master/Java_Meterpreter_7/UAD-Java-Meterpreter-7-20435.txt,Attack_Data_Master,1,True,,105,3,15,train,30,30,drop,42
Attack_Data_Master/Java_Meterpreter_7/UAD-Java-Meterpreter-7-20447,Attack_Data_Master/Java_Meterpreter_7/UAD-Java-Meterpreter-7-20447.txt,Attack_Data_Master,1,True,,130,4,10,train,30,30,drop,42
Attack_Data_Master/Java_Meterpreter_7/UAD-Java-Meterpreter-7-2311,Attack_Data_Master/Java_Meterpreter_7/UAD-Java-Meterpreter-7-2311.txt,Attack_Data_Master,1,True,,666,22,6,train,30,30,drop,42
Attack_Data_Master/Java_Meterpreter_7/UAD-Java-Meterpreter-7-2462,Attack_Data_Master/Java_Meterpreter_7/UAD-Java-Meterpreter-7-2462.txt,Attack_Data_Master,1,True,,1119,37,9,train,30,30,drop,42
Attack_Data_Master/Java_Meterpreter_7/UAD-Java-Meterpreter-7-2783,Attack_Data_Master/Java_Meterpreter_7/UAD-Java-Meterpreter-7-2783.txt,Attack_Data_Master,1,True,,291,9,21,train,30,30,drop,42
Attack_Data_Master/Java_Meterpreter_7/UAD-Java-Meterpreter-7-=1,Attack_Data_Master/Java_Meterpreter_7/UAD-Java-Meterpreter-7-=1.txt,Attack_Data_Master,1,True,,401,13,11,validation,30,30,drop,42
Attack_Data_Master/Java_Meterpreter_8/UAD-Java-Meterpreter-8-1371,Attack_Data_Master/Java_Meterpreter_8/UAD-Java-Meterpreter-8-1371.txt,Attack_Data_Master,1,True,,375,12,15,train,30,30,drop,42
Attack_Data_Master/Java_Meterpreter_8/UAD-Java-Meterpreter-8-1533,Attack_Data_Master/Java_Meterpreter_8/UAD-Java-Meterpreter-8-1533.txt,Attack_Data_Master,1,True,,191,6,11,train,30,30,drop,42
Attack_Data_Master/Java_Meterpreter_8/UAD-Java-Meterpreter-8-1613,Attack_Data_Master/Java_Meterpreter_8/UAD-Java-Meterpreter-8-1613.txt,Attack_Data_Master,1,True,,728,24,8,train,30,30,drop,42
Attack_Data_Master/Java_Meterpreter_8/UAD-Java-Meterpreter-8-20507,Attack_Data_Master/Java_Meterpreter_8/UAD-Java-Meterpreter-8-20507.txt,Attack_Data_Master,1,True,,180,6,0,train,30,30,drop,42
Attack_Data_Master/Java_Meterpreter_8/UAD-Java-Meterpreter-8-20529,Attack_Data_Master/Java_Meterpreter_8/UAD-Java-Meterpreter-8-20529.txt,Attack_Data_Master,1,True,,336,11,6,train,30,30,drop,42
Attack_Data_Master/Java_Meterpreter_8/UAD-Java-Meterpreter-8-20548,Attack_Data_Master/Java_Meterpreter_8/UAD-Java-Meterpreter-8-20548.txt,Attack_Data_Master,1,True,,391,13,1,test,30,30,drop,42
Attack_Data_Master/Java_Meterpreter_8/UAD-Java-Meterpreter-8-20567,Attack_Data_Master/Java_Meterpreter_8/UAD-Java-Meterpreter-8-20567.txt,Attack_Data_Master,1,True,,1255,41,25,train,30,30,drop,42
Attack_Data_Master/Java_Meterpreter_8/UAD-Java-Meterpreter-8-20583,Attack_Data_Master/Java_Meterpreter_8/UAD-Java-Meterpreter-8-20583.txt,Attack_Data_Master,1,True,,762,25,12,train,30,30,drop,42
Attack_Data_Master/Java_Meterpreter_8/UAD-Java-Meterpreter-8-2311,Attack_Data_Master/Java_Meterpreter_8/UAD-Java-Meterpreter-8-2311.txt,Attack_Data_Master,1,True,,785,26,5,test,30,30,drop,42
Attack_Data_Master/Java_Meterpreter_8/UAD-Java-Meterpreter-8-2377,Attack_Data_Master/Java_Meterpreter_8/UAD-Java-Meterpreter-8-2377.txt,Attack_Data_Master,1,True,,560,18,20,train,30,30,drop,42
Attack_Data_Master/Java_Meterpreter_8/UAD-Java-Meterpreter-8-2462,Attack_Data_Master/Java_Meterpreter_8/UAD-Java-Meterpreter-8-2462.txt,Attack_Data_Master,1,True,,1283,42,23,test,30,30,drop,42
Attack_Data_Master/Java_Meterpreter_8/UAD-Java-Meterpreter-8-2783,Attack_Data_Master/Java_Meterpreter_8/UAD-Java-Meterpreter-8-2783.txt,Attack_Data_Master,1,True,,550,18,10,train,30,30,drop,42
Attack_Data_Master/Java_Meterpreter_8/UAD-Java-Meterpreter-8-=1,Attack_Data_Master/Java_Meterpreter_8/UAD-Java-Meterpreter-8-=1.txt,Attack_Data_Master,1,True,,457,15,7,train,30,30,drop,42
Attack_Data_Master/Java_Meterpreter_9/UAD-Java-Meterpreter-9-1371,Attack_Data_Master/Java_Meterpreter_9/UAD-Java-Meterpreter-9-1371.txt,Attack_Data_Master,1,True,,350,11,20,train,30,30,drop,42
Attack_Data_Master/Java_Meterpreter_9/UAD-Java-Meterpreter-9-1613,Attack_Data_Master/Java_Meterpreter_9/UAD-Java-Meterpreter-9-1613.txt,Attack_Data_Master,1,True,,461,15,11,train,30,30,drop,42
Attack_Data_Master/Java_Meterpreter_9/UAD-Java-Meterpreter-9-20674,Attack_Data_Master/Java_Meterpreter_9/UAD-Java-Meterpreter-9-20674.txt,Attack_Data_Master,1,True,,315,10,15,train,30,30,drop,42
Attack_Data_Master/Java_Meterpreter_9/UAD-Java-Meterpreter-9-20693,Attack_Data_Master/Java_Meterpreter_9/UAD-Java-Meterpreter-9-20693.txt,Attack_Data_Master,1,True,,261,8,21,validation,30,30,drop,42
Attack_Data_Master/Java_Meterpreter_9/UAD-Java-Meterpreter-9-20712,Attack_Data_Master/Java_Meterpreter_9/UAD-Java-Meterpreter-9-20712.txt,Attack_Data_Master,1,True,,978,32,18,validation,30,30,drop,42
Attack_Data_Master/Java_Meterpreter_9/UAD-Java-Meterpreter-9-20720,Attack_Data_Master/Java_Meterpreter_9/UAD-Java-Meterpreter-9-20720.txt,Attack_Data_Master,1,True,,78,2,18,train,30,30,drop,42
Attack_Data_Master/Java_Meterpreter_9/UAD-Java-Meterpreter-9-20721,Attack_Data_Master/Java_Meterpreter_9/UAD-Java-Meterpreter-9-20721.txt,Attack_Data_Master,1,True,,90,3,0,train,30,30,drop,42
Attack_Data_Master/Java_Meterpreter_9/UAD-Java-Meterpreter-9-20728,Attack_Data_Master/Java_Meterpreter_9/UAD-Java-Meterpreter-9-20728.txt,Attack_Data_Master,1,True,,952,31,22,train,30,30,drop,42
Attack_Data_Master/Java_Meterpreter_9/UAD-Java-Meterpreter-9-20730,Attack_Data_Master/Java_Meterpreter_9/UAD-Java-Meterpreter-9-20730.txt,Attack_Data_Master,1,True,,105,3,15,validation,30,30,drop,42
Attack_Data_Master/Java_Meterpreter_9/UAD-Java-Meterpreter-9-20748,Attack_Data_Master/Java_Meterpreter_9/UAD-Java-Meterpreter-9-20748.txt,Attack_Data_Master,1,True,,105,3,15,train,30,30,drop,42
Attack_Data_Master/Java_Meterpreter_9/UAD-Java-Meterpreter-9-2311,Attack_Data_Master/Java_Meterpreter_9/UAD-Java-Meterpreter-9-2311.txt,Attack_Data_Master,1,True,,815,27,5,validation,30,30,drop,42
Attack_Data_Master/Java_Meterpreter_9/UAD-Java-Meterpreter-9-2462,Attack_Data_Master/Java_Meterpreter_9/UAD-Java-Meterpreter-9-2462.txt,Attack_Data_Master,1,True,,1230,41,0,train,30,30,drop,42
Attack_Data_Master/Java_Meterpreter_9/UAD-Java-Meterpreter-9-2783,Attack_Data_Master/Java_Meterpreter_9/UAD-Java-Meterpreter-9-2783.txt,Attack_Data_Master,1,True,,331,11,1,validation,30,30,drop,42
Attack_Data_Master/Java_Meterpreter_9/UAD-Java-Meterpreter-9-961,Attack_Data_Master/Java_Meterpreter_9/UAD-Java-Meterpreter-9-961.txt,Attack_Data_Master,1,True,,141,4,21,train,30,30,drop,42
Attack_Data_Master/Java_Meterpreter_9/UAD-Java-Meterpreter-9-=1,Attack_Data_Master/Java_Meterpreter_9/UAD-Java-Meterpreter-9-=1.txt,Attack_Data_Master,1,True,,423,14,3,train,30,30,drop,42
Attack_Data_Master/Meterpreter_1/UAD-Meterpreter-1-1371,Attack_Data_Master/Meterpreter_1/UAD-Meterpreter-1-1371.txt,Attack_Data_Master,1,True,,320,10,20,train,30,30,drop,42
Attack_Data_Master/Meterpreter_1/UAD-Meterpreter-1-1613,Attack_Data_Master/Meterpreter_1/UAD-Meterpreter-1-1613.txt,Attack_Data_Master,1,True,,422,14,2,train,30,30,drop,42
Attack_Data_Master/Meterpreter_1/UAD-Meterpreter-1-16391,Attack_Data_Master/Meterpreter_1/UAD-Meterpreter-1-16391.txt,Attack_Data_Master,1,True,,180,6,0,test,30,30,drop,42
Attack_Data_Master/Meterpreter_1/UAD-Meterpreter-1-2293,Attack_Data_Master/Meterpreter_1/UAD-Meterpreter-1-2293.txt,Attack_Data_Master,1,True,,132,4,12,train,30,30,drop,42
Attack_Data_Master/Meterpreter_1/UAD-Meterpreter-1-2311,Attack_Data_Master/Meterpreter_1/UAD-Meterpreter-1-2311.txt,Attack_Data_Master,1,True,,658,21,28,train,30,30,drop,42
Attack_Data_Master/Meterpreter_1/UAD-Meterpreter-1-2462,Attack_Data_Master/Meterpreter_1/UAD-Meterpreter-1-2462.txt,Attack_Data_Master,1,True,,1097,36,17,test,30,30,drop,42
Attack_Data_Master/Meterpreter_1/UAD-Meterpreter-1-2783,Attack_Data_Master/Meterpreter_1/UAD-Meterpreter-1-2783.txt,Attack_Data_Master,1,True,,322,10,22,train,30,30,drop,42
Attack_Data_Master/Meterpreter_10/UAD-Meterpreter-10-1371,Attack_Data_Master/Meterpreter_10/UAD-Meterpreter-10-1371.txt,Attack_Data_Master,1,True,,365,12,5,test,30,30,drop,42
Attack_Data_Master/Meterpreter_10/UAD-Meterpreter-10-1533,Attack_Data_Master/Meterpreter_10/UAD-Meterpreter-10-1533.txt,Attack_Data_Master,1,True,,85,2,25,train,30,30,drop,42
Attack_Data_Master/Meterpreter_10/UAD-Meterpreter-10-1613,Attack_Data_Master/Meterpreter_10/UAD-Meterpreter-10-1613.txt,Attack_Data_Master,1,True,,227,7,17,train,30,30,drop,42
Attack_Data_Master/Meterpreter_10/UAD-Meterpreter-10-17465,Attack_Data_Master/Meterpreter_10/UAD-Meterpreter-10-17465.txt,Attack_Data_Master,1,True,,113,3,23,train,30,30,drop,42
Attack_Data_Master/Meterpreter_10/UAD-Meterpreter-10-2293,Attack_Data_Master/Meterpreter_10/UAD-Meterpreter-10-2293.txt,Attack_Data_Master,1,True,,90,3,0,train,30,30,drop,42
Attack_Data_Master/Meterpreter_10/UAD-Meterpreter-10-2311,Attack_Data_Master/Meterpreter_10/UAD-Meterpreter-10-2311.txt,Attack_Data_Master,1,True,,850,28,10,validation,30,30,drop,42
Attack_Data_Master/Meterpreter_10/UAD-Meterpreter-10-2462,Attack_Data_Master/Meterpreter_10/UAD-Meterpreter-10-2462.txt,Attack_Data_Master,1,True,,1294,43,4,train,30,30,drop,42
Attack_Data_Master/Meterpreter_10/UAD-Meterpreter-10-961,Attack_Data_Master/Meterpreter_10/UAD-Meterpreter-10-961.txt,Attack_Data_Master,1,True,,169,5,19,train,30,30,drop,42
Attack_Data_Master/Meterpreter_2/UAD-Meterpreter-2-1371,Attack_Data_Master/Meterpreter_2/UAD-Meterpreter-2-1371.txt,Attack_Data_Master,1,True,,344,11,14,train,30,30,drop,42
Attack_Data_Master/Meterpreter_2/UAD-Meterpreter-2-1533,Attack_Data_Master/Meterpreter_2/UAD-Meterpreter-2-1533.txt,Attack_Data_Master,1,True,,106,3,16,train,30,30,drop,42
Attack_Data_Master/Meterpreter_2/UAD-Meterpreter-2-1613,Attack_Data_Master/Meterpreter_2/UAD-Meterpreter-2-1613.txt,Attack_Data_Master,1,True,,894,29,24,validation,30,30,drop,42
Attack_Data_Master/Meterpreter_2/UAD-Meterpreter-2-16493,Attack_Data_Master/Meterpreter_2/UAD-Meterpreter-2-16493.txt,Attack_Data_Master,1,True,,117,3,27,validation,30,30,drop,42
Attack_Data_Master/Meterpreter_2/UAD-Meterpreter-2-16513,Attack_Data_Master/Meterpreter_2/UAD-Meterpreter-2-16513.txt,Attack_Data_Master,1,True,,190,6,10,train,30,30,drop,42
Attack_Data_Master/Meterpreter_2/UAD-Meterpreter-2-16592,Attack_Data_Master/Meterpreter_2/UAD-Meterpreter-2-16592.txt,Attack_Data_Master,1,True,,924,30,24,train,30,30,drop,42
Attack_Data_Master/Meterpreter_2/UAD-Meterpreter-2-2293,Attack_Data_Master/Meterpreter_2/UAD-Meterpreter-2-2293.txt,Attack_Data_Master,1,True,,133,4,13,train,30,30,drop,42
Attack_Data_Master/Meterpreter_2/UAD-Meterpreter-2-2311,Attack_Data_Master/Meterpreter_2/UAD-Meterpreter-2-2311.txt,Attack_Data_Master,1,True,,777,25,27,test,30,30,drop,42
Attack_Data_Master/Meterpreter_2/UAD-Meterpreter-2-2462,Attack_Data_Master/Meterpreter_2/UAD-Meterpreter-2-2462.txt,Attack_Data_Master,1,True,,1348,44,28,validation,30,30,drop,42
Attack_Data_Master/Meterpreter_2/UAD-Meterpreter-2-2783,Attack_Data_Master/Meterpreter_2/UAD-Meterpreter-2-2783.txt,Attack_Data_Master,1,True,,442,14,22,train,30,30,drop,42
Attack_Data_Master/Meterpreter_3/UAD-Meterpreter-3-1371,Attack_Data_Master/Meterpreter_3/UAD-Meterpreter-3-1371.txt,Attack_Data_Master,1,True,,284,9,14,train,30,30,drop,42
Attack_Data_Master/Meterpreter_3/UAD-Meterpreter-3-1613,Attack_Data_Master/Meterpreter_3/UAD-Meterpreter-3-1613.txt,Attack_Data_Master,1,True,,812,27,2,train,30,30,drop,42
Attack_Data_Master/Meterpreter_3/UAD-Meterpreter-3-16644,Attack_Data_Master/Meterpreter_3/UAD-Meterpreter-3-16644.txt,Attack_Data_Master,1,True,,139,4,19,train,30,30,drop,42
Attack_Data_Master/Meterpreter_3/UAD-Meterpreter-3-2293,Attack_Data_Master/Meterpreter_3/UAD-Meterpreter-3-2293.txt,Attack_Data_Master,1,True,,510,17,0,train,30,30,drop,42
Attack_Data_Master/Meterpreter_3/UAD-Meterpreter-3-2301,Attack_Data_Master/Meterpreter_3/UAD-Meterpreter-3-2301.txt,Attack_Data_Master,1,True,,167,5,17,validation,30,30,drop,42
Attack_Data_Master/Meterpreter_3/UAD-Meterpreter-3-2311,Attack_Data_Master/Meterpreter_3/UAD-Meterpreter-3-2311.txt,Attack_Data_Master,1,True,,708,23,18,train,30,30,drop,42
Attack_Data_Master/Meterpreter_3/UAD-Meterpreter-3-2462,Attack_Data_Master/Meterpreter_3/UAD-Meterpreter-3-2462.txt,Attack_Data_Master,1,True,,1240,41,10,train,30,30,drop,42
Attack_Data_Master/Meterpreter_3/UAD-Meterpreter-3-=16719,Attack_Data_Master/Meterpreter_3/UAD-Meterpreter-3-=16719.txt,Attack_Data_Master,1,True,,129,4,9,train,30,30,drop,42
Attack_Data_Master/Meterpreter_4/UAD-Meterpreter-4-1371,Attack_Data_Master/Meterpreter_4/UAD-Meterpreter-4-1371.txt,Attack_Data_Master,1,True,,331,11,1,train,30,30,drop,42
Attack_Data_Master/Meterpreter_4/UAD-Meterpreter-4-1613,Attack_Data_Master/Meterpreter_4/UAD-Meterpreter-4-1613.txt,Attack_Data_Master,1,True,,342,11,12,test,30,30,drop,42
Attack_Data_Master/Meterpreter_4/UAD-Meterpreter-4-16801,Attack_Data_Master/Meterpreter_4/UAD-Meterpreter-4-16801.txt,Attack_Data_Master,1,True,,113,3,23,train,30,30,drop,42
Attack_Data_Master/Meterpreter_4/UAD-Meterpreter-4-2293,Attack_Data_Master/Meterpreter_4/UAD-Meterpreter-4-2293.txt,Attack_Data_Master,1,True,,152,5,2,train,30,30,drop,42
Attack_Data_Master/Meterpreter_4/UAD-Meterpreter-4-2311,Attack_Data_Master/Meterpreter_4/UAD-Meterpreter-4-2311.txt,Attack_Data_Master,1,True,,679,22,19,train,30,30,drop,42
Attack_Data_Master/Meterpreter_4/UAD-Meterpreter-4-2462,Attack_Data_Master/Meterpreter_4/UAD-Meterpreter-4-2462.txt,Attack_Data_Master,1,True,,1097,36,17,train,30,30,drop,42
Attack_Data_Master/Meterpreter_5/UAD-Meterpreter-5-1371,Attack_Data_Master/Meterpreter_5/UAD-Meterpreter-5-1371.txt,Attack_Data_Master,1,True,,259,8,19,train,30,30,drop,42
Attack_Data_Master/Meterpreter_5/UAD-Meterpreter-5-1613,Attack_Data_Master/Meterpreter_5/UAD-Meterpreter-5-1613.txt,Attack_Data_Master,1,True,,229,7,19,train,30,30,drop,42
Attack_Data_Master/Meterpreter_5/UAD-Meterpreter-5-16878,Attack_Data_Master/Meterpreter_5/UAD-Meterpreter-5-16878.txt,Attack_Data_Master,1,True,,117,3,27,test,30,30,drop,42
Attack_Data_Master/Meterpreter_5/UAD-Meterpreter-5-2311,Attack_Data_Master/Meterpreter_5/UAD-Meterpreter-5-2311.txt,Attack_Data_Master,1,True,,643,21,13,train,30,30,drop,42
Attack_Data_Master/Meterpreter_5/UAD-Meterpreter-5-2462,Attack_Data_Master/Meterpreter_5/UAD-Meterpreter-5-2462.txt,Attack_Data_Master,1,True,,1074,35,24,test,30,30,drop,42
Attack_Data_Master/Meterpreter_6/UAD-Meterpreter-6-1371,Attack_Data_Master/Meterpreter_6/UAD-Meterpreter-6-1371.txt,Attack_Data_Master,1,True,,305,10,5,train,30,30,drop,42
Attack_Data_Master/Meterpreter_6/UAD-Meterpreter-6-1533,Attack_Data_Master/Meterpreter_6/UAD-Meterpreter-6-1533.txt,Attack_Data_Master,1,True,,103,3,13,test,30,30,drop,42
Attack_Data_Master/Meterpreter_6/UAD-Meterpreter-6-1613,Attack_Data_Master/Meterpreter_6/UAD-Meterpreter-6-1613.txt,Attack_Data_Master,1,True,,518,17,8,train,30,30,drop,42
Attack_Data_Master/Meterpreter_6/UAD-Meterpreter-6-16991,Attack_Data_Master/Meterpreter_6/UAD-Meterpreter-6-16991.txt,Attack_Data_Master,1,True,,154,5,4,train,30,30,drop,42
Attack_Data_Master/Meterpreter_6/UAD-Meterpreter-6-17027,Attack_Data_Master/Meterpreter_6/UAD-Meterpreter-6-17027.txt,Attack_Data_Master,1,True,,112,3,22,train,30,30,drop,42
Attack_Data_Master/Meterpreter_6/UAD-Meterpreter-6-17041,Attack_Data_Master/Meterpreter_6/UAD-Meterpreter-6-17041.txt,Attack_Data_Master,1,True,,355,11,25,train,30,30,drop,42
Attack_Data_Master/Meterpreter_6/UAD-Meterpreter-6-17044,Attack_Data_Master/Meterpreter_6/UAD-Meterpreter-6-17044.txt,Attack_Data_Master,1,True,,787,26,7,train,30,30,drop,42
Attack_Data_Master/Meterpreter_6/UAD-Meterpreter-6-17082,Attack_Data_Master/Meterpreter_6/UAD-Meterpreter-6-17082.txt,Attack_Data_Master,1,True,,957,31,27,train,30,30,drop,42
Attack_Data_Master/Meterpreter_6/UAD-Meterpreter-6-2293,Attack_Data_Master/Meterpreter_6/UAD-Meterpreter-6-2293.txt,Attack_Data_Master,1,True,,99,3,9,train,30,30,drop,42
Attack_Data_Master/Meterpreter_6/UAD-Meterpreter-6-2311,Attack_Data_Master/Meterpreter_6/UAD-Meterpreter-6-2311.txt,Attack_Data_Master,1,True,,618,20,18,train,30,30,drop,42
Attack_Data_Master/Meterpreter_6/UAD-Meterpreter-6-2462,Attack_Data_Master/Meterpreter_6/UAD-Meterpreter-6-2462.txt,Attack_Data_Master,1,True,,1164,38,24,train,30,30,drop,42
Attack_Data_Master/Meterpreter_6/UAD-Meterpreter-6-2783,Attack_Data_Master/Meterpreter_6/UAD-Meterpreter-6-2783.txt,Attack_Data_Master,1,True,,339,11,9,train,30,30,drop,42
Attack_Data_Master/Meterpreter_6/UAD-Meterpreter-6-961,Attack_Data_Master/Meterpreter_6/UAD-Meterpreter-6-961.txt,Attack_Data_Master,1,True,,221,7,11,train,30,30,drop,42
Attack_Data_Master/Meterpreter_7/UAD-Meterpreter-7-1371,Attack_Data_Master/Meterpreter_7/UAD-Meterpreter-7-1371.txt,Attack_Data_Master,1,True,,292,9,22,test,30,30,drop,42
Attack_Data_Master/Meterpreter_7/UAD-Meterpreter-7-1613,Attack_Data_Master/Meterpreter_7/UAD-Meterpreter-7-1613.txt,Attack_Data_Master,1,True,,298,9,28,train,30,30,drop,42
Attack_Data_Master/Meterpreter_7/UAD-Meterpreter-7-17144,Attack_Data_Master/Meterpreter_7/UAD-Meterpreter-7-17144.txt,Attack_Data_Master,1,True,,146,4,26,train,30,30,drop,42
Attack_Data_Master/Meterpreter_7/UAD-Meterpreter-7-2293,Attack_Data_Master/Meterpreter_7/UAD-Meterpreter-7-2293.txt,Attack_Data_Master,1,True,,198,6,18,train,30,30,drop,42
Attack_Data_Master/Meterpreter_7/UAD-Meterpreter-7-2311,Attack_Data_Master/Meterpreter_7/UAD-Meterpreter-7-2311.txt,Attack_Data_Master,1,True,,689,22,29,train,30,30,drop,42
Attack_Data_Master/Meterpreter_7/UAD-Meterpreter-7-2462,Attack_Data_Master/Meterpreter_7/UAD-Meterpreter-7-2462.txt,Attack_Data_Master,1,True,,1035,34,15,train,30,30,drop,42
Attack_Data_Master/Meterpreter_8/UAD-Meterpreter-8-1371,Attack_Data_Master/Meterpreter_8/UAD-Meterpreter-8-1371.txt,Attack_Data_Master,1,True,,303,10,3,validation,30,30,drop,42
Attack_Data_Master/Meterpreter_8/UAD-Meterpreter-8-1613,Attack_Data_Master/Meterpreter_8/UAD-Meterpreter-8-1613.txt,Attack_Data_Master,1,True,,635,21,5,validation,30,30,drop,42
Attack_Data_Master/Meterpreter_8/UAD-Meterpreter-8-17243,Attack_Data_Master/Meterpreter_8/UAD-Meterpreter-8-17243.txt,Attack_Data_Master,1,True,,120,4,0,validation,30,30,drop,42
Attack_Data_Master/Meterpreter_8/UAD-Meterpreter-8-2293,Attack_Data_Master/Meterpreter_8/UAD-Meterpreter-8-2293.txt,Attack_Data_Master,1,True,,441,14,21,train,30,30,drop,42
Attack_Data_Master/Meterpreter_8/UAD-Meterpreter-8-2311,Attack_Data_Master/Meterpreter_8/UAD-Meterpreter-8-2311.txt,Attack_Data_Master,1,True,,720,24,0,train,30,30,drop,42
Attack_Data_Master/Meterpreter_8/UAD-Meterpreter-8-2462,Attack_Data_Master/Meterpreter_8/UAD-Meterpreter-8-2462.txt,Attack_Data_Master,1,True,,1152,38,12,train,30,30,drop,42
Attack_Data_Master/Meterpreter_8/UAD-Meterpreter-8-2783,Attack_Data_Master/Meterpreter_8/UAD-Meterpreter-8-2783.txt,Attack_Data_Master,1,True,,199,6,19,test,30,30,drop,42
Attack_Data_Master/Meterpreter_9/UAD-Meterpreter-9-1371,Attack_Data_Master/Meterpreter_9/UAD-Meterpreter-9-1371.txt,Attack_Data_Master,1,True,,278,9,8,validation,30,30,drop,42
Attack_Data_Master/Meterpreter_9/UAD-Meterpreter-9-1613,Attack_Data_Master/Meterpreter_9/UAD-Meterpreter-9-1613.txt,Attack_Data_Master,1,True,,306,10,6,validation,30,30,drop,42
Attack_Data_Master/Meterpreter_9/UAD-Meterpreter-9-17366,Attack_Data_Master/Meterpreter_9/UAD-Meterpreter-9-17366.txt,Attack_Data_Master,1,True,,97,3,7,train,30,30,drop,42
Attack_Data_Master/Meterpreter_9/UAD-Meterpreter-9-2311,Attack_Data_Master/Meterpreter_9/UAD-Meterpreter-9-2311.txt,Attack_Data_Master,1,True,,601,20,1,train,30,30,drop,42
Attack_Data_Master/Meterpreter_9/UAD-Meterpreter-9-2462,Attack_Data_Master/Meterpreter_9/UAD-Meterpreter-9-2462.txt,Attack_Data_Master,1,True,,1071,35,21,train,30,30,drop,42
Attack_Data_Master/Web_Shell_1/UAD-WS1-1371,Attack_Data_Master/Web_Shell_1/UAD-WS1-1371.txt,Attack_Data_Master,1,True,,346,11,16,train,30,30,drop,42
Attack_Data_Master/Web_Shell_1/UAD-WS1-1613,Attack_Data_Master/Web_Shell_1/UAD-WS1-1613.txt,Attack_Data_Master,1,True,,249,8,9,train,30,30,drop,42
Attack_Data_Master/Web_Shell_1/UAD-WS1-2311,Attack_Data_Master/Web_Shell_1/UAD-WS1-2311.txt,Attack_Data_Master,1,True,,694,23,4,train,30,30,drop,42
Attack_Data_Master/Web_Shell_1/UAD-WS1-2462,Attack_Data_Master/Web_Shell_1/UAD-WS1-2462.txt,Attack_Data_Master,1,True,,892,29,22,train,30,30,drop,42
Attack_Data_Master/Web_Shell_1/UAD-WS1-2783,Attack_Data_Master/Web_Shell_1/UAD-WS1-2783.txt,Attack_Data_Master,1,True,,303,10,3,train,30,30,drop,42
Attack_Data_Master/Web_Shell_1/UAD-WS1-4555,Attack_Data_Master/Web_Shell_1/UAD-WS1-4555.txt,Attack_Data_Master,1,True,,87,2,27,train,30,30,drop,42
Attack_Data_Master/Web_Shell_1/UAD-WS1-4557,Attack_Data_Master/Web_Shell_1/UAD-WS1-4557.txt,Attack_Data_Master,1,True,,167,5,17,test,30,30,drop,42
Attack_Data_Master/Web_Shell_1/UAD-WS1-4563,Attack_Data_Master/Web_Shell_1/UAD-WS1-4563.txt,Attack_Data_Master,1,True,,290,9,20,train,30,30,drop,42
Attack_Data_Master/Web_Shell_1/UAD-WS1-4564,Attack_Data_Master/Web_Shell_1/UAD-WS1-4564.txt,Attack_Data_Master,1,True,,242,8,2,validation,30,30,drop,42
Attack_Data_Master/Web_Shell_1/UAD-WS1-4566,Attack_Data_Master/Web_Shell_1/UAD-WS1-4566.txt,Attack_Data_Master,1,True,,184,6,4,train,30,30,drop,42
Attack_Data_Master/Web_Shell_1/UAD-WS1-4568,Attack_Data_Master/Web_Shell_1/UAD-WS1-4568.txt,Attack_Data_Master,1,True,,166,5,16,train,30,30,drop,42
Attack_Data_Master/Web_Shell_1/UAD-WS1-4569,Attack_Data_Master/Web_Shell_1/UAD-WS1-4569.txt,Attack_Data_Master,1,True,,348,11,18,train,30,30,drop,42
Attack_Data_Master/Web_Shell_1/UAD-WS1-4605,Attack_Data_Master/Web_Shell_1/UAD-WS1-4605.txt,Attack_Data_Master,1,True,,333,11,3,train,30,30,drop,42
Attack_Data_Master/Web_Shell_1/UAD-WS1-961,Attack_Data_Master/Web_Shell_1/UAD-WS1-961.txt,Attack_Data_Master,1,True,,141,4,21,train,30,30,drop,42
Attack_Data_Master/Web_Shell_10/UAD-WS10-1083,Attack_Data_Master/Web_Shell_10/UAD-WS10-1083.txt,Attack_Data_Master,1,True,,77,2,17,train,30,30,drop,42
Attack_Data_Master/Web_Shell_10/UAD-WS10-1086,Attack_Data_Master/Web_Shell_10/UAD-WS10-1086.txt,Attack_Data_Master,1,True,,115,3,25,train,30,30,drop,42
Attack_Data_Master/Web_Shell_10/UAD-WS10-1371,Attack_Data_Master/Web_Shell_10/UAD-WS10-1371.txt,Attack_Data_Master,1,True,,937,31,7,train,30,30,drop,42
Attack_Data_Master/Web_Shell_10/UAD-WS10-1613,Attack_Data_Master/Web_Shell_10/UAD-WS10-1613.txt,Attack_Data_Master,1,True,,724,24,4,train,30,30,drop,42
Attack_Data_Master/Web_Shell_10/UAD-WS10-2301,Attack_Data_Master/Web_Shell_10/UAD-WS10-2301.txt,Attack_Data_Master,1,True,,77,2,17,test,30,30,drop,42
Attack_Data_Master/Web_Shell_10/UAD-WS10-2311,Attack_Data_Master/Web_Shell_10/UAD-WS10-2311.txt,Attack_Data_Master,1,True,,2161,72,1,validation,30,30,drop,42
Attack_Data_Master/Web_Shell_10/UAD-WS10-2424,Attack_Data_Master/Web_Shell_10/UAD-WS10-2424.txt,Attack_Data_Master,1,True,,171,5,21,train,30,30,drop,42
Attack_Data_Master/Web_Shell_10/UAD-WS10-2487,Attack_Data_Master/Web_Shell_10/UAD-WS10-2487.txt,Attack_Data_Master,1,True,,126,4,6,train,30,30,drop,42
Attack_Data_Master/Web_Shell_10/UAD-WS10-2783,Attack_Data_Master/Web_Shell_10/UAD-WS10-2783.txt,Attack_Data_Master,1,True,,962,32,2,validation,30,30,drop,42
Attack_Data_Master/Web_Shell_10/UAD-WS10-3754,Attack_Data_Master/Web_Shell_10/UAD-WS10-3754.txt,Attack_Data_Master,1,True,,170,5,20,train,30,30,drop,42
Attack_Data_Master/Web_Shell_10/UAD-WS10-3766,Attack_Data_Master/Web_Shell_10/UAD-WS10-3766.txt,Attack_Data_Master,1,True,,102,3,12,train,30,30,drop,42
Attack_Data_Master/Web_Shell_10/UAD-WS10-4548,Attack_Data_Master/Web_Shell_10/UAD-WS10-4548.txt,Attack_Data_Master,1,True,,123,4,3,train,30,30,drop,42
Attack_Data_Master/Web_Shell_10/UAD-WS10-4953,Attack_Data_Master/Web_Shell_10/UAD-WS10-4953.txt,Attack_Data_Master,1,True,,119,3,29,train,30,30,drop,42
Attack_Data_Master/Web_Shell_10/UAD-WS10-5314,Attack_Data_Master/Web_Shell_10/UAD-WS10-5314.txt,Attack_Data_Master,1,True,,103,3,13,train,30,30,drop,42
Attack_Data_Master/Web_Shell_10/UAD-WS10-5657,Attack_Data_Master/Web_Shell_10/UAD-WS10-5657.txt,Attack_Data_Master,1,True,,205,6,25,train,30,30,drop,42
Attack_Data_Master/Web_Shell_10/UAD-WS10-961,Attack_Data_Master/Web_Shell_10/UAD-WS10-961.txt,Attack_Data_Master,1,True,,316,10,16,train,30,30,drop,42
Attack_Data_Master/Web_Shell_2/UAD-WS2-1371,Attack_Data_Master/Web_Shell_2/UAD-WS2-1371.txt,Attack_Data_Master,1,True,,553,18,13,train,30,30,drop,42
Attack_Data_Master/Web_Shell_2/UAD-WS2-1613,Attack_Data_Master/Web_Shell_2/UAD-WS2-1613.txt,Attack_Data_Master,1,True,,476,15,26,train,30,30,drop,42
Attack_Data_Master/Web_Shell_2/UAD-WS2-2311,Attack_Data_Master/Web_Shell_2/UAD-WS2-2311.txt,Attack_Data_Master,1,True,,965,32,5,validation,30,30,drop,42
Attack_Data_Master/Web_Shell_2/UAD-WS2-2462,Attack_Data_Master/Web_Shell_2/UAD-WS2-2462.txt,Attack_Data_Master,1,True,,1423,47,13,test,30,30,drop,42
Attack_Data_Master/Web_Shell_2/UAD-WS2-2783,Attack_Data_Master/Web_Shell_2/UAD-WS2-2783.txt,Attack_Data_Master,1,True,,571,19,1,train,30,30,drop,42
Attack_Data_Master/Web_Shell_2/UAD-WS2-4568,Attack_Data_Master/Web_Shell_2/UAD-WS2-4568.txt,Attack_Data_Master,1,True,,114,3,24,test,30,30,drop,42
Attack_Data_Master/Web_Shell_2/UAD-WS2-4569,Attack_Data_Master/Web_Shell_2/UAD-WS2-4569.txt,Attack_Data_Master,1,True,,275,9,5,train,30,30,drop,42
Attack_Data_Master/Web_Shell_2/UAD-WS2-4605,Attack_Data_Master/Web_Shell_2/UAD-WS2-4605.txt,Attack_Data_Master,1,True,,334,11,4,train,30,30,drop,42
Attack_Data_Master/Web_Shell_2/UAD-WS2-4609,Attack_Data_Master/Web_Shell_2/UAD-WS2-4609.txt,Attack_Data_Master,1,True,,92,3,2,train,30,30,drop,42
Attack_Data_Master/Web_Shell_2/UAD-WS2-4620,Attack_Data_Master/Web_Shell_2/UAD-WS2-4620.txt,Attack_Data_Master,1,True,,89,2,29,train,30,30,drop,42
Attack_Data_Master/Web_Shell_2/UAD-WS2-4731,Attack_Data_Master/Web_Shell_2/UAD-WS2-4731.txt,Attack_Data_Master,1,True,,138,4,18,test,30,30,drop,42
Attack_Data_Master/Web_Shell_2/UAD-WS2-4767,Attack_Data_Master/Web_Shell_2/UAD-WS2-4767.txt,Attack_Data_Master,1,True,,1089,36,9,train,30,30,drop,42
Attack_Data_Master/Web_Shell_2/UAD-WS2-961,Attack_Data_Master/Web_Shell_2/UAD-WS2-961.txt,Attack_Data_Master,1,True,,229,7,19,train,30,30,drop,42
Attack_Data_Master/Web_Shell_3/UAD-WS3-1371,Attack_Data_Master/Web_Shell_3/UAD-WS3-1371.txt,Attack_Data_Master,1,True,,557,18,17,train,30,30,drop,42
Attack_Data_Master/Web_Shell_3/UAD-WS3-1613,Attack_Data_Master/Web_Shell_3/UAD-WS3-1613.txt,Attack_Data_Master,1,True,,406,13,16,train,30,30,drop,42
Attack_Data_Master/Web_Shell_3/UAD-WS3-2311,Attack_Data_Master/Web_Shell_3/UAD-WS3-2311.txt,Attack_Data_Master,1,True,,1046,34,26,train,30,30,drop,42
Attack_Data_Master/Web_Shell_3/UAD-WS3-2462,Attack_Data_Master/Web_Shell_3/UAD-WS3-2462.txt,Attack_Data_Master,1,True,,1698,56,18,validation,30,30,drop,42
Attack_Data_Master/Web_Shell_3/UAD-WS3-2783,Attack_Data_Master/Web_Shell_3/UAD-WS3-2783.txt,Attack_Data_Master,1,True,,456,15,6,train,30,30,drop,42
Attack_Data_Master/Web_Shell_3/UAD-WS3-4810,Attack_Data_Master/Web_Shell_3/UAD-WS3-4810.txt,Attack_Data_Master,1,True,,108,3,18,train,30,30,drop,42
Attack_Data_Master/Web_Shell_3/UAD-WS3-961,Attack_Data_Master/Web_Shell_3/UAD-WS3-961.txt,Attack_Data_Master,1,True,,207,6,27,test,30,30,drop,42
Attack_Data_Master/Web_Shell_4/UAD-WS4-1371,Attack_Data_Master/Web_Shell_4/UAD-WS4-1371.txt,Attack_Data_Master,1,True,,521,17,11,train,30,30,drop,42
Attack_Data_Master/Web_Shell_4/UAD-WS4-1613,Attack_Data_Master/Web_Shell_4/UAD-WS4-1613.txt,Attack_Data_Master,1,True,,745,24,25,train,30,30,drop,42
Attack_Data_Master/Web_Shell_4/UAD-WS4-2311,Attack_Data_Master/Web_Shell_4/UAD-WS4-2311.txt,Attack_Data_Master,1,True,,947,31,17,train,30,30,drop,42
Attack_Data_Master/Web_Shell_4/UAD-WS4-2462,Attack_Data_Master/Web_Shell_4/UAD-WS4-2462.txt,Attack_Data_Master,1,True,,1764,58,24,validation,30,30,drop,42
Attack_Data_Master/Web_Shell_4/UAD-WS4-2783,Attack_Data_Master/Web_Shell_4/UAD-WS4-2783.txt,Attack_Data_Master,1,True,,711,23,21,train,30,30,drop,42
Attack_Data_Master/Web_Shell_4/UAD-WS4-4609,Attack_Data_Master/Web_Shell_4/UAD-WS4-4609.txt,Attack_Data_Master,1,True,,117,3,27,train,30,30,drop,42
Attack_Data_Master/Web_Shell_4/UAD-WS4-4753,Attack_Data_Master/Web_Shell_4/UAD-WS4-4753.txt,Attack_Data_Master,1,True,,214,7,4,validation,30,30,drop,42
Attack_Data_Master/Web_Shell_4/UAD-WS4-4872,Attack_Data_Master/Web_Shell_4/UAD-WS4-4872.txt,Attack_Data_Master,1,True,,110,3,20,train,30,30,drop,42
Attack_Data_Master/Web_Shell_4/UAD-WS4-4883,Attack_Data_Master/Web_Shell_4/UAD-WS4-4883.txt,Attack_Data_Master,1,True,,152,5,2,train,30,30,drop,42
Attack_Data_Master/Web_Shell_4/UAD-WS4-961,Attack_Data_Master/Web_Shell_4/UAD-WS4-961.txt,Attack_Data_Master,1,True,,218,7,8,train,30,30,drop,42
Attack_Data_Master/Web_Shell_5/UAD-WS5-1371,Attack_Data_Master/Web_Shell_5/UAD-WS5-1371.txt,Attack_Data_Master,1,True,,633,21,3,test,30,30,drop,42
Attack_Data_Master/Web_Shell_5/UAD-WS5-1613,Attack_Data_Master/Web_Shell_5/UAD-WS5-1613.txt,Attack_Data_Master,1,True,,641,21,11,train,30,30,drop,42
Attack_Data_Master/Web_Shell_5/UAD-WS5-2311,Attack_Data_Master/Web_Shell_5/UAD-WS5-2311.txt,Attack_Data_Master,1,True,,1049,34,29,train,30,30,drop,42
Attack_Data_Master/Web_Shell_5/UAD-WS5-2377,Attack_Data_Master/Web_Shell_5/UAD-WS5-2377.txt,Attack_Data_Master,1,True,,477,15,27,test,30,30,drop,42
Attack_Data_Master/Web_Shell_5/UAD-WS5-2462,Attack_Data_Master/Web_Shell_5/UAD-WS5-2462.txt,Attack_Data_Master,1,True,,1584,52,24,train,30,30,drop,42
Attack_Data_Master/Web_Shell_5/UAD-WS5-2783,Attack_Data_Master/Web_Shell_5/UAD-WS5-2783.txt,Attack_Data_Master,1,True,,742,24,22,validation,30,30,drop,42
Attack_Data_Master/Web_Shell_5/UAD-WS5-5029,Attack_Data_Master/Web_Shell_5/UAD-WS5-5029.txt,Attack_Data_Master,1,True,,190,6,10,train,30,30,drop,42
Attack_Data_Master/Web_Shell_5/UAD-WS5-5047,Attack_Data_Master/Web_Shell_5/UAD-WS5-5047.txt,Attack_Data_Master,1,True,,936,31,6,train,30,30,drop,42
Attack_Data_Master/Web_Shell_5/UAD-WS5-961,Attack_Data_Master/Web_Shell_5/UAD-WS5-961.txt,Attack_Data_Master,1,True,,289,9,19,train,30,30,drop,42
Attack_Data_Master/Web_Shell_6/UAD-WS6-1371,Attack_Data_Master/Web_Shell_6/UAD-WS6-1371.txt,Attack_Data_Master,1,True,,464,15,14,validation,30,30,drop,42
Attack_Data_Master/Web_Shell_6/UAD-WS6-1613,Attack_Data_Master/Web_Shell_6/UAD-WS6-1613.txt,Attack_Data_Master,1,True,,397,13,7,train,30,30,drop,42
Attack_Data_Master/Web_Shell_6/UAD-WS6-2311,Attack_Data_Master/Web_Shell_6/UAD-WS6-2311.txt,Attack_Data_Master,1,True,,1000,33,10,test,30,30,drop,42
Attack_Data_Master/Web_Shell_6/UAD-WS6-2462,Attack_Data_Master/Web_Shell_6/UAD-WS6-2462.txt,Attack_Data_Master,1,True,,1421,47,11,train,30,30,drop,42
Attack_Data_Master/Web_Shell_6/UAD-WS6-2783,Attack_Data_Master/Web_Shell_6/UAD-WS6-2783.txt,Attack_Data_Master,1,True,,520,17,10,train,30,30,drop,42
Attack_Data_Master/Web_Shell_6/UAD-WS6-4750,Attack_Data_Master/Web_Shell_6/UAD-WS6-4750.txt,Attack_Data_Master,1,True,,171,5,21,train,30,30,drop,42
Attack_Data_Master/Web_Shell_6/UAD-WS6-4953,Attack_Data_Master/Web_Shell_6/UAD-WS6-4953.txt,Attack_Data_Master,1,True,,171,5,21,train,30,30,drop,42
Attack_Data_Master/Web_Shell_6/UAD-WS6-5153,Attack_Data_Master/Web_Shell_6/UAD-WS6-5153.txt,Attack_Data_Master,1,True,,123,4,3,train,30,30,drop,42
Attack_Data_Master/Web_Shell_6/UAD-WS6-5164,Attack_Data_Master/Web_Shell_6/UAD-WS6-5164.txt,Attack_Data_Master,1,True,,128,4,8,train,30,30,drop,42
Attack_Data_Master/Web_Shell_6/UAD-WS6-5189,Attack_Data_Master/Web_Shell_6/UAD-WS6-5189.txt,Attack_Data_Master,1,True,,931,31,1,train,30,30,drop,42
Attack_Data_Master/Web_Shell_6/UAD-WS6-961,Attack_Data_Master/Web_Shell_6/UAD-WS6-961.txt,Attack_Data_Master,1,True,,219,7,9,train,30,30,drop,42
Attack_Data_Master/Web_Shell_7/UAD-WS7-1371,Attack_Data_Master/Web_Shell_7/UAD-WS7-1371.txt,Attack_Data_Master,1,True,,634,21,4,train,30,30,drop,42
Attack_Data_Master/Web_Shell_7/UAD-WS7-1613,Attack_Data_Master/Web_Shell_7/UAD-WS7-1613.txt,Attack_Data_Master,1,True,,565,18,25,test,30,30,drop,42
Attack_Data_Master/Web_Shell_7/UAD-WS7-2311,Attack_Data_Master/Web_Shell_7/UAD-WS7-2311.txt,Attack_Data_Master,1,True,,1158,38,18,train,30,30,drop,42
Attack_Data_Master/Web_Shell_7/UAD-WS7-2462,Attack_Data_Master/Web_Shell_7/UAD-WS7-2462.txt,Attack_Data_Master,1,True,,1705,56,25,train,30,30,drop,42
Attack_Data_Master/Web_Shell_7/UAD-WS7-2783,Attack_Data_Master/Web_Shell_7/UAD-WS7-2783.txt,Attack_Data_Master,1,True,,758,25,8,train,30,30,drop,42
Attack_Data_Master/Web_Shell_7/UAD-WS7-3754,Attack_Data_Master/Web_Shell_7/UAD-WS7-3754.txt,Attack_Data_Master,1,True,,113,3,23,train,30,30,drop,42
Attack_Data_Master/Web_Shell_7/UAD-WS7-4548,Attack_Data_Master/Web_Shell_7/UAD-WS7-4548.txt,Attack_Data_Master,1,True,,95,3,5,test,30,30,drop,42
Attack_Data_Master/Web_Shell_7/UAD-WS7-4568,Attack_Data_Master/Web_Shell_7/UAD-WS7-4568.txt,Attack_Data_Master,1,True,,367,12,7,test,30,30,drop,42
Attack_Data_Master/Web_Shell_7/UAD-WS7-4751,Attack_Data_Master/Web_Shell_7/UAD-WS7-4751.txt,Attack_Data_Master,1,True,,103,3,13,train,30,30,drop,42
Attack_Data_Master/Web_Shell_7/UAD-WS7-5251,Attack_Data_Master/Web_Shell_7/UAD-WS7-5251.txt,Attack_Data_Master,1,True,,131,4,11,test,30,30,drop,42
Attack_Data_Master/Web_Shell_7/UAD-WS7-5262,Attack_Data_Master/Web_Shell_7/UAD-WS7-5262.txt,Attack_Data_Master,1,True,,127,4,7,train,30,30,drop,42
Attack_Data_Master/Web_Shell_7/UAD-WS7-5314,Attack_Data_Master/Web_Shell_7/UAD-WS7-5314.txt,Attack_Data_Master,1,True,,118,3,28,validation,30,30,drop,42
Attack_Data_Master/Web_Shell_7/UAD-WS7-5317,Attack_Data_Master/Web_Shell_7/UAD-WS7-5317.txt,Attack_Data_Master,1,True,,91,3,1,train,30,30,drop,42
Attack_Data_Master/Web_Shell_7/UAD-WS7-961,Attack_Data_Master/Web_Shell_7/UAD-WS7-961.txt,Attack_Data_Master,1,True,,232,7,22,train,30,30,drop,42
Attack_Data_Master/Web_Shell_8/UAD-WS8-1086,Attack_Data_Master/Web_Shell_8/UAD-WS8-1086.txt,Attack_Data_Master,1,True,,92,3,2,train,30,30,drop,42
Attack_Data_Master/Web_Shell_8/UAD-WS8-1371,Attack_Data_Master/Web_Shell_8/UAD-WS8-1371.txt,Attack_Data_Master,1,True,,700,23,10,validation,30,30,drop,42
Attack_Data_Master/Web_Shell_8/UAD-WS8-1613,Attack_Data_Master/Web_Shell_8/UAD-WS8-1613.txt,Attack_Data_Master,1,True,,519,17,9,train,30,30,drop,42
Attack_Data_Master/Web_Shell_8/UAD-WS8-2311,Attack_Data_Master/Web_Shell_8/UAD-WS8-2311.txt,Attack_Data_Master,1,True,,1383,46,3,train,30,30,drop,42
Attack_Data_Master/Web_Shell_8/UAD-WS8-2424,Attack_Data_Master/Web_Shell_8/UAD-WS8-2424.txt,Attack_Data_Master,1,True,,108,3,18,train,30,30,drop,42
Attack_Data_Master/Web_Shell_8/UAD-WS8-2462,Attack_Data_Master/Web_Shell_8/UAD-WS8-2462.txt,Attack_Data_Master,1,True,,1686,56,6,validation,30,30,drop,42
Attack_Data_Master/Web_Shell_8/UAD-WS8-2487,Attack_Data_Master/Web_Shell_8/UAD-WS8-2487.txt,Attack_Data_Master,1,True,,91,3,1,train,30,30,drop,42
Attack_Data_Master/Web_Shell_8/UAD-WS8-2783,Attack_Data_Master/Web_Shell_8/UAD-WS8-2783.txt,Attack_Data_Master,1,True,,606,20,6,test,30,30,drop,42
Attack_Data_Master/Web_Shell_8/UAD-WS8-3754,Attack_Data_Master/Web_Shell_8/UAD-WS8-3754.txt,Attack_Data_Master,1,True,,152,5,2,validation,30,30,drop,42
Attack_Data_Master/Web_Shell_8/UAD-WS8-4548,Attack_Data_Master/Web_Shell_8/UAD-WS8-4548.txt,Attack_Data_Master,1,True,,94,3,4,train,30,30,drop,42
Attack_Data_Master/Web_Shell_8/UAD-WS8-5426,Attack_Data_Master/Web_Shell_8/UAD-WS8-5426.txt,Attack_Data_Master,1,True,,141,4,21,train,30,30,drop,42
Attack_Data_Master/Web_Shell_8/UAD-WS8-5437,Attack_Data_Master/Web_Shell_8/UAD-WS8-5437.txt,Attack_Data_Master,1,True,,151,5,1,train,30,30,drop,42
Attack_Data_Master/Web_Shell_8/UAD-WS8-961,Attack_Data_Master/Web_Shell_8/UAD-WS8-961.txt,Attack_Data_Master,1,True,,322,10,22,train,30,30,drop,42
Attack_Data_Master/Web_Shell_9/UAD-WS9-1371,Attack_Data_Master/Web_Shell_9/UAD-WS9-1371.txt,Attack_Data_Master,1,True,,555,18,15,train,30,30,drop,42
Attack_Data_Master/Web_Shell_9/UAD-WS9-1613,Attack_Data_Master/Web_Shell_9/UAD-WS9-1613.txt,Attack_Data_Master,1,True,,502,16,22,train,30,30,drop,42
Attack_Data_Master/Web_Shell_9/UAD-WS9-2311,Attack_Data_Master/Web_Shell_9/UAD-WS9-2311.txt,Attack_Data_Master,1,True,,1070,35,20,test,30,30,drop,42
Attack_Data_Master/Web_Shell_9/UAD-WS9-2462,Attack_Data_Master/Web_Shell_9/UAD-WS9-2462.txt,Attack_Data_Master,1,True,,1554,51,24,test,30,30,drop,42
Attack_Data_Master/Web_Shell_9/UAD-WS9-2783,Attack_Data_Master/Web_Shell_9/UAD-WS9-2783.txt,Attack_Data_Master,1,True,,638,21,8,train,30,30,drop,42
Attack_Data_Master/Web_Shell_9/UAD-WS9-4569,Attack_Data_Master/Web_Shell_9/UAD-WS9-4569.txt,Attack_Data_Master,1,True,,1130,37,20,train,30,30,drop,42
Attack_Data_Master/Web_Shell_9/UAD-WS9-4955,Attack_Data_Master/Web_Shell_9/UAD-WS9-4955.txt,Attack_Data_Master,1,True,,378,12,18,train,30,30,drop,42
Attack_Data_Master/Web_Shell_9/UAD-WS9-5314,Attack_Data_Master/Web_Shell_9/UAD-WS9-5314.txt,Attack_Data_Master,1,True,,110,3,20,train,30,30,drop,42
Attack_Data_Master/Web_Shell_9/UAD-WS9-5318,Attack_Data_Master/Web_Shell_9/UAD-WS9-5318.txt,Attack_Data_Master,1,True,,110,3,20,test,30,30,drop,42
Attack_Data_Master/Web_Shell_9/UAD-WS9-5539,Attack_Data_Master/Web_Shell_9/UAD-WS9-5539.txt,Attack_Data_Master,1,True,,97,3,7,train,30,30,drop,42
Attack_Data_Master/Web_Shell_9/UAD-WS9-961,Attack_Data_Master/Web_Shell_9/UAD-WS9-961.txt,Attack_Data_Master,1,True,,196,6,16,train,30,30,drop,42
Training_Data_Master/UTD-0001,Training_Data_Master/UTD-0001.txt,Training_Data_Master,0,True,,819,27,9,train,30,30,drop,42
Training_Data_Master/UTD-0002,Training_Data_Master/UTD-0002.txt,Training_Data_Master,0,True,,137,4,17,train,30,30,drop,42
Training_Data_Master/UTD-0003,Training_Data_Master/UTD-0003.txt,Training_Data_Master,0,True,,110,3,20,train,30,30,drop,42
Training_Data_Master/UTD-0004,Training_Data_Master/UTD-0004.txt,Training_Data_Master,0,True,,490,16,10,train,30,30,drop,42
Training_Data_Master/UTD-0005,Training_Data_Master/UTD-0005.txt,Training_Data_Master,0,True,,787,26,7,validation,30,30,drop,42
Training_Data_Master/UTD-0006,Training_Data_Master/UTD-0006.txt,Training_Data_Master,0,True,,197,6,17,train,30,30,drop,42
Training_Data_Master/UTD-0007,Training_Data_Master/UTD-0007.txt,Training_Data_Master,0,True,,355,11,25,train,30,30,drop,42
Training_Data_Master/UTD-0008,Training_Data_Master/UTD-0008.txt,Training_Data_Master,0,True,,772,25,22,train,30,30,drop,42
Training_Data_Master/UTD-0009,Training_Data_Master/UTD-0009.txt,Training_Data_Master,0,True,,725,24,5,test,30,30,drop,42
Training_Data_Master/UTD-0010,Training_Data_Master/UTD-0010.txt,Training_Data_Master,0,True,,773,25,23,validation,30,30,drop,42
Training_Data_Master/UTD-0011,Training_Data_Master/UTD-0011.txt,Training_Data_Master,0,True,,168,5,18,train,30,30,drop,42
Training_Data_Master/UTD-0012,Training_Data_Master/UTD-0012.txt,Training_Data_Master,0,True,,357,11,27,test,30,30,drop,42
Training_Data_Master/UTD-0013,Training_Data_Master/UTD-0013.txt,Training_Data_Master,0,True,,245,8,5,train,30,30,drop,42
Training_Data_Master/UTD-0014,Training_Data_Master/UTD-0014.txt,Training_Data_Master,0,True,,227,7,17,validation,30,30,drop,42
Training_Data_Master/UTD-0015,Training_Data_Master/UTD-0015.txt,Training_Data_Master,0,True,,255,8,15,train,30,30,drop,42
Training_Data_Master/UTD-0016,Training_Data_Master/UTD-0016.txt,Training_Data_Master,0,True,,575,19,5,train,30,30,drop,42
Training_Data_Master/UTD-0017,Training_Data_Master/UTD-0017.txt,Training_Data_Master,0,True,,210,7,0,test,30,30,drop,42
Training_Data_Master/UTD-0018,Training_Data_Master/UTD-0018.txt,Training_Data_Master,0,True,,193,6,13,test,30,30,drop,42
Training_Data_Master/UTD-0019,Training_Data_Master/UTD-0019.txt,Training_Data_Master,0,True,,557,18,17,train,30,30,drop,42
Training_Data_Master/UTD-0020,Training_Data_Master/UTD-0020.txt,Training_Data_Master,0,True,,504,16,24,train,30,30,drop,42
Training_Data_Master/UTD-0021,Training_Data_Master/UTD-0021.txt,Training_Data_Master,0,True,,468,15,18,train,30,30,drop,42
Training_Data_Master/UTD-0022,Training_Data_Master/UTD-0022.txt,Training_Data_Master,0,True,,151,5,1,train,30,30,drop,42
Training_Data_Master/UTD-0023,Training_Data_Master/UTD-0023.txt,Training_Data_Master,0,True,,269,8,29,train,30,30,drop,42
Training_Data_Master/UTD-0024,Training_Data_Master/UTD-0024.txt,Training_Data_Master,0,True,,166,5,16,train,30,30,drop,42
Training_Data_Master/UTD-0025,Training_Data_Master/UTD-0025.txt,Training_Data_Master,0,True,,124,4,4,validation,30,30,drop,42
Training_Data_Master/UTD-0026,Training_Data_Master/UTD-0026.txt,Training_Data_Master,0,True,,109,3,19,train,30,30,drop,42
Training_Data_Master/UTD-0027,Training_Data_Master/UTD-0027.txt,Training_Data_Master,0,True,,689,22,29,train,30,30,drop,42
Training_Data_Master/UTD-0028,Training_Data_Master/UTD-0028.txt,Training_Data_Master,0,True,,196,6,16,train,30,30,drop,42
Training_Data_Master/UTD-0029,Training_Data_Master/UTD-0029.txt,Training_Data_Master,0,True,,151,5,1,train,30,30,drop,42
Training_Data_Master/UTD-0030,Training_Data_Master/UTD-0030.txt,Training_Data_Master,0,True,,159,5,9,train,30,30,drop,42
Training_Data_Master/UTD-0031,Training_Data_Master/UTD-0031.txt,Training_Data_Master,0,True,,115,3,25,test,30,30,drop,42
Training_Data_Master/UTD-0032,Training_Data_Master/UTD-0032.txt,Training_Data_Master,0,True,,88,2,28,test,30,30,drop,42
Training_Data_Master/UTD-0033,Training_Data_Master/UTD-0033.txt,Training_Data_Master,0,True,,83,2,23,train,30,30,drop,42
Training_Data_Master/UTD-0034,Training_Data_Master/UTD-0034.txt,Training_Data_Master,0,True,,290,9,20,train,30,30,drop,42
Training_Data_Master/UTD-0035,Training_Data_Master/UTD-0035.txt,Training_Data_Master,0,True,,95,3,5,validation,30,30,drop,42
Training_Data_Master/UTD-0036,Training_Data_Master/UTD-0036.txt,Training_Data_Master,0,True,,585,19,15,train,30,30,drop,42
Training_Data_Master/UTD-0037,Training_Data_Master/UTD-0037.txt,Training_Data_Master,0,True,,434,14,14,train,30,30,drop,42
Training_Data_Master/UTD-0038,Training_Data_Master/UTD-0038.txt,Training_Data_Master,0,True,,179,5,29,test,30,30,drop,42
Training_Data_Master/UTD-0039,Training_Data_Master/UTD-0039.txt,Training_Data_Master,0,True,,101,3,11,train,30,30,drop,42
Training_Data_Master/UTD-0040,Training_Data_Master/UTD-0040.txt,Training_Data_Master,0,True,,146,4,26,test,30,30,drop,42
Training_Data_Master/UTD-0041,Training_Data_Master/UTD-0041.txt,Training_Data_Master,0,True,,223,7,13,train,30,30,drop,42
Training_Data_Master/UTD-0042,Training_Data_Master/UTD-0042.txt,Training_Data_Master,0,True,,144,4,24,train,30,30,drop,42
Training_Data_Master/UTD-0043,Training_Data_Master/UTD-0043.txt,Training_Data_Master,0,True,,309,10,9,train,30,30,drop,42
Training_Data_Master/UTD-0044,Training_Data_Master/UTD-0044.txt,Training_Data_Master,0,True,,137,4,17,train,30,30,drop,42
Training_Data_Master/UTD-0045,Training_Data_Master/UTD-0045.txt,Training_Data_Master,0,True,,365,12,5,train,30,30,drop,42
Training_Data_Master/UTD-0046,Training_Data_Master/UTD-0046.txt,Training_Data_Master,0,True,,294,9,24,validation,30,30,drop,42
Training_Data_Master/UTD-0047,Training_Data_Master/UTD-0047.txt,Training_Data_Master,0,True,,189,6,9,train,30,30,drop,42
Training_Data_Master/UTD-0048,Training_Data_Master/UTD-0048.txt,Training_Data_Master,0,True,,117,3,27,test,30,30,drop,42
Training_Data_Master/UTD-0049,Training_Data_Master/UTD-0049.txt,Training_Data_Master,0,True,,128,4,8,train,30,30,drop,42
Training_Data_Master/UTD-0050,Training_Data_Master/UTD-0050.txt,Training_Data_Master,0,True,,152,5,2,train,30,30,drop,42
Training_Data_Master/UTD-0051,Training_Data_Master/UTD-0051.txt,Training_Data_Master,0,True,,110,3,20,validation,30,30,drop,42
Training_Data_Master/UTD-0052,Training_Data_Master/UTD-0052.txt,Training_Data_Master,0,True,,348,11,18,train,30,30,drop,42
Training_Data_Master/UTD-0053,Training_Data_Master/UTD-0053.txt,Training_Data_Master,0,True,,320,10,20,train,30,30,drop,42
Training_Data_Master/UTD-0054,Training_Data_Master/UTD-0054.txt,Training_Data_Master,0,True,,195,6,15,train,30,30,drop,42
Training_Data_Master/UTD-0055,Training_Data_Master/UTD-0055.txt,Training_Data_Master,0,True,,104,3,14,train,30,30,drop,42
Training_Data_Master/UTD-0056,Training_Data_Master/UTD-0056.txt,Training_Data_Master,0,True,,286,9,16,train,30,30,drop,42
Training_Data_Master/UTD-0057,Training_Data_Master/UTD-0057.txt,Training_Data_Master,0,True,,315,10,15,test,30,30,drop,42
Training_Data_Master/UTD-0058,Training_Data_Master/UTD-0058.txt,Training_Data_Master,0,True,,307,10,7,train,30,30,drop,42
Training_Data_Master/UTD-0059,Training_Data_Master/UTD-0059.txt,Training_Data_Master,0,True,,225,7,15,train,30,30,drop,42
Training_Data_Master/UTD-0060,Training_Data_Master/UTD-0060.txt,Training_Data_Master,0,True,,238,7,28,train,30,30,drop,42
Training_Data_Master/UTD-0061,Training_Data_Master/UTD-0061.txt,Training_Data_Master,0,True,,158,5,8,train,30,30,drop,42
Training_Data_Master/UTD-0062,Training_Data_Master/UTD-0062.txt,Training_Data_Master,0,True,,163,5,13,train,30,30,drop,42
Training_Data_Master/UTD-0063,Training_Data_Master/UTD-0063.txt,Training_Data_Master,0,True,,280,9,10,train,30,30,drop,42
Training_Data_Master/UTD-0064,Training_Data_Master/UTD-0064.txt,Training_Data_Master,0,True,,139,4,19,train,30,30,drop,42
Training_Data_Master/UTD-0065,Training_Data_Master/UTD-0065.txt,Training_Data_Master,0,True,,381,12,21,train,30,30,drop,42
Training_Data_Master/UTD-0066,Training_Data_Master/UTD-0066.txt,Training_Data_Master,0,True,,328,10,28,train,30,30,drop,42
Training_Data_Master/UTD-0067,Training_Data_Master/UTD-0067.txt,Training_Data_Master,0,True,,314,10,14,train,30,30,drop,42
Training_Data_Master/UTD-0068,Training_Data_Master/UTD-0068.txt,Training_Data_Master,0,True,,117,3,27,train,30,30,drop,42
Training_Data_Master/UTD-0069,Training_Data_Master/UTD-0069.txt,Training_Data_Master,0,True,,1631,54,11,validation,30,30,drop,42
Training_Data_Master/UTD-0070,Training_Data_Master/UTD-0070.txt,Training_Data_Master,0,True,,129,4,9,train,30,30,drop,42
Training_Data_Master/UTD-0071,Training_Data_Master/UTD-0071.txt,Training_Data_Master,0,True,,113,3,23,validation,30,30,drop,42
Training_Data_Master/UTD-0072,Training_Data_Master/UTD-0072.txt,Training_Data_Master,0,True,,353,11,23,train,30,30,drop,42
Training_Data_Master/UTD-0073,Training_Data_Master/UTD-0073.txt,Training_Data_Master,0,True,,98,3,8,test,30,30,drop,42
Training_Data_Master/UTD-0074,Training_Data_Master/UTD-0074.txt,Training_Data_Master,0,True,,371,12,11,test,30,30,drop,42
Training_Data_Master/UTD-0075,Training_Data_Master/UTD-0075.txt,Training_Data_Master,0,True,,1606,53,16,train,30,30,drop,42
Training_Data_Master/UTD-0076,Training_Data_Master/UTD-0076.txt,Training_Data_Master,0,True,,127,4,7,validation,30,30,drop,42
Training_Data_Master/UTD-0077,Training_Data_Master/UTD-0077.txt,Training_Data_Master,0,True,,160,5,10,train,30,30,drop,42
Training_Data_Master/UTD-0078,Training_Data_Master/UTD-0078.txt,Training_Data_Master,0,True,,114,3,24,train,30,30,drop,42
Training_Data_Master/UTD-0079,Training_Data_Master/UTD-0079.txt,Training_Data_Master,0,True,,317,10,17,validation,30,30,drop,42
Training_Data_Master/UTD-0080,Training_Data_Master/UTD-0080.txt,Training_Data_Master,0,True,,178,5,28,train,30,30,drop,42
Training_Data_Master/UTD-0081,Training_Data_Master/UTD-0081.txt,Training_Data_Master,0,True,,125,4,5,test,30,30,drop,42
Training_Data_Master/UTD-0082,Training_Data_Master/UTD-0082.txt,Training_Data_Master,0,True,,225,7,15,train,30,30,drop,42
Training_Data_Master/UTD-0083,Training_Data_Master/UTD-0083.txt,Training_Data_Master,0,True,,1416,47,6,validation,30,30,drop,42
Training_Data_Master/UTD-0084,Training_Data_Master/UTD-0084.txt,Training_Data_Master,0,True,,157,5,7,train,30,30,drop,42
Training_Data_Master/UTD-0085,Training_Data_Master/UTD-0085.txt,Training_Data_Master,0,True,,131,4,11,validation,30,30,drop,42
Training_Data_Master/UTD-0086,Training_Data_Master/UTD-0086.txt,Training_Data_Master,0,True,,337,11,7,train,30,30,drop,42
Training_Data_Master/UTD-0087,Training_Data_Master/UTD-0087.txt,Training_Data_Master,0,True,,162,5,12,train,30,30,drop,42
Training_Data_Master/UTD-0088,Training_Data_Master/UTD-0088.txt,Training_Data_Master,0,True,,278,9,8,train,30,30,drop,42
Training_Data_Master/UTD-0089,Training_Data_Master/UTD-0089.txt,Training_Data_Master,0,True,,131,4,11,test,30,30,drop,42
Training_Data_Master/UTD-0090,Training_Data_Master/UTD-0090.txt,Training_Data_Master,0,True,,383,12,23,train,30,30,drop,42
Training_Data_Master/UTD-0091,Training_Data_Master/UTD-0091.txt,Training_Data_Master,0,True,,95,3,5,test,30,30,drop,42
Training_Data_Master/UTD-0092,Training_Data_Master/UTD-0092.txt,Training_Data_Master,0,True,,217,7,7,train,30,30,drop,42
Training_Data_Master/UTD-0093,Training_Data_Master/UTD-0093.txt,Training_Data_Master,0,True,,235,7,25,train,30,30,drop,42
Training_Data_Master/UTD-0094,Training_Data_Master/UTD-0094.txt,Training_Data_Master,0,True,,100,3,10,train,30,30,drop,42
Training_Data_Master/UTD-0095,Training_Data_Master/UTD-0095.txt,Training_Data_Master,0,True,,235,7,25,train,30,30,drop,42
Training_Data_Master/UTD-0096,Training_Data_Master/UTD-0096.txt,Training_Data_Master,0,True,,1244,41,14,train,30,30,drop,42
Training_Data_Master/UTD-0097,Training_Data_Master/UTD-0097.txt,Training_Data_Master,0,True,,1470,49,0,test,30,30,drop,42
Training_Data_Master/UTD-0098,Training_Data_Master/UTD-0098.txt,Training_Data_Master,0,True,,177,5,27,train,30,30,drop,42
Training_Data_Master/UTD-0099,Training_Data_Master/UTD-0099.txt,Training_Data_Master,0,True,,138,4,18,train,30,30,drop,42
Training_Data_Master/UTD-0100,Training_Data_Master/UTD-0100.txt,Training_Data_Master,0,True,,1747,58,7,test,30,30,drop,42
Training_Data_Master/UTD-0101,Training_Data_Master/UTD-0101.txt,Training_Data_Master,0,True,,505,16,25,validation,30,30,drop,42
Training_Data_Master/UTD-0102,Training_Data_Master/UTD-0102.txt,Training_Data_Master,0,True,,1086,36,6,train,30,30,drop,42
Training_Data_Master/UTD-0103,Training_Data_Master/UTD-0103.txt,Training_Data_Master,0,True,,179,5,29,test,30,30,drop,42
Training_Data_Master/UTD-0104,Training_Data_Master/UTD-0104.txt,Training_Data_Master,0,True,,439,14,19,train,30,30,drop,42
Training_Data_Master/UTD-0105,Training_Data_Master/UTD-0105.txt,Training_Data_Master,0,True,,500,16,20,train,30,30,drop,42
Training_Data_Master/UTD-0106,Training_Data_Master/UTD-0106.txt,Training_Data_Master,0,True,,723,24,3,train,30,30,drop,42
Training_Data_Master/UTD-0107,Training_Data_Master/UTD-0107.txt,Training_Data_Master,0,True,,971,32,11,test,30,30,drop,42
Training_Data_Master/UTD-0108,Training_Data_Master/UTD-0108.txt,Training_Data_Master,0,True,,725,24,5,train,30,30,drop,42
Training_Data_Master/UTD-0109,Training_Data_Master/UTD-0109.txt,Training_Data_Master,0,True,,187,6,7,test,30,30,drop,42
Training_Data_Master/UTD-0110,Training_Data_Master/UTD-0110.txt,Training_Data_Master,0,True,,107,3,17,train,30,30,drop,42
Training_Data_Master/UTD-0111,Training_Data_Master/UTD-0111.txt,Training_Data_Master,0,True,,252,8,12,train,30,30,drop,42
Training_Data_Master/UTD-0112,Training_Data_Master/UTD-0112.txt,Training_Data_Master,0,True,,148,4,28,train,30,30,drop,42
Training_Data_Master/UTD-0113,Training_Data_Master/UTD-0113.txt,Training_Data_Master,0,True,,98,3,8,train,30,30,drop,42
Training_Data_Master/UTD-0114,Training_Data_Master/UTD-0114.txt,Training_Data_Master,0,True,,97,3,7,train,30,30,drop,42
Training_Data_Master/UTD-0115,Training_Data_Master/UTD-0115.txt,Training_Data_Master,0,True,,91,3,1,validation,30,30,drop,42
Training_Data_Master/UTD-0116,Training_Data_Master/UTD-0116.txt,Training_Data_Master,0,True,,235,7,25,train,30,30,drop,42
Training_Data_Master/UTD-0117,Training_Data_Master/UTD-0117.txt,Training_Data_Master,0,True,,186,6,6,validation,30,30,drop,42
Training_Data_Master/UTD-0118,Training_Data_Master/UTD-0118.txt,Training_Data_Master,0,True,,103,3,13,train,30,30,drop,42
Training_Data_Master/UTD-0119,Training_Data_Master/UTD-0119.txt,Training_Data_Master,0,True,,491,16,11,train,30,30,drop,42
Training_Data_Master/UTD-0120,Training_Data_Master/UTD-0120.txt,Training_Data_Master,0,True,,1256,41,26,train,30,30,drop,42
Training_Data_Master/UTD-0121,Training_Data_Master/UTD-0121.txt,Training_Data_Master,0,True,,206,6,26,train,30,30,drop,42
Training_Data_Master/UTD-0122,Training_Data_Master/UTD-0122.txt,Training_Data_Master,0,True,,192,6,12,train,30,30,drop,42
Training_Data_Master/UTD-0123,Training_Data_Master/UTD-0123.txt,Training_Data_Master,0,True,,149,4,29,test,30,30,drop,42
Training_Data_Master/UTD-0124,Training_Data_Master/UTD-0124.txt,Training_Data_Master,0,True,,171,5,21,train,30,30,drop,42
Training_Data_Master/UTD-0125,Training_Data_Master/UTD-0125.txt,Training_Data_Master,0,True,,97,3,7,train,30,30,drop,42
Training_Data_Master/UTD-0126,Training_Data_Master/UTD-0126.txt,Training_Data_Master,0,True,,97,3,7,train,30,30,drop,42
Training_Data_Master/UTD-0127,Training_Data_Master/UTD-0127.txt,Training_Data_Master,0,True,,97,3,7,train,30,30,drop,42
Training_Data_Master/UTD-0128,Training_Data_Master/UTD-0128.txt,Training_Data_Master,0,True,,97,3,7,validation,30,30,drop,42
Training_Data_Master/UTD-0129,Training_Data_Master/UTD-0129.txt,Training_Data_Master,0,True,,97,3,7,train,30,30,drop,42
Training_Data_Master/UTD-0130,Training_Data_Master/UTD-0130.txt,Training_Data_Master,0,True,,1938,64,18,test,30,30,drop,42
Training_Data_Master/UTD-0131,Training_Data_Master/UTD-0131.txt,Training_Data_Master,0,True,,153,5,3,test,30,30,drop,42
Training_Data_Master/UTD-0132,Training_Data_Master/UTD-0132.txt,Training_Data_Master,0,True,,111,3,21,validation,30,30,drop,42
Training_Data_Master/UTD-0133,Training_Data_Master/UTD-0133.txt,Training_Data_Master,0,True,,672,22,12,validation,30,30,drop,42
Training_Data_Master/UTD-0134,Training_Data_Master/UTD-0134.txt,Training_Data_Master,0,True,,2948,98,8,validation,30,30,drop,42
Training_Data_Master/UTD-0135,Training_Data_Master/UTD-0135.txt,Training_Data_Master,0,True,,261,8,21,train,30,30,drop,42
Training_Data_Master/UTD-0136,Training_Data_Master/UTD-0136.txt,Training_Data_Master,0,True,,236,7,26,validation,30,30,drop,42
Training_Data_Master/UTD-0137,Training_Data_Master/UTD-0137.txt,Training_Data_Master,0,True,,743,24,23,train,30,30,drop,42
Training_Data_Master/UTD-0138,Training_Data_Master/UTD-0138.txt,Training_Data_Master,0,True,,777,25,27,train,30,30,drop,42
Training_Data_Master/UTD-0139,Training_Data_Master/UTD-0139.txt,Training_Data_Master,0,True,,983,32,23,train,30,30,drop,42
Training_Data_Master/UTD-0140,Training_Data_Master/UTD-0140.txt,Training_Data_Master,0,True,,337,11,7,train,30,30,drop,42
Training_Data_Master/UTD-0141,Training_Data_Master/UTD-0141.txt,Training_Data_Master,0,True,,308,10,8,train,30,30,drop,42
Training_Data_Master/UTD-0142,Training_Data_Master/UTD-0142.txt,Training_Data_Master,0,True,,93,3,3,train,30,30,drop,42
Training_Data_Master/UTD-0143,Training_Data_Master/UTD-0143.txt,Training_Data_Master,0,True,,110,3,20,train,30,30,drop,42
Training_Data_Master/UTD-0144,Training_Data_Master/UTD-0144.txt,Training_Data_Master,0,True,,184,6,4,train,30,30,drop,42
Training_Data_Master/UTD-0145,Training_Data_Master/UTD-0145.txt,Training_Data_Master,0,True,,131,4,11,train,30,30,drop,42
Training_Data_Master/UTD-0146,Training_Data_Master/UTD-0146.txt,Training_Data_Master,0,True,,146,4,26,train,30,30,drop,42
Training_Data_Master/UTD-0147,Training_Data_Master/UTD-0147.txt,Training_Data_Master,0,True,,121,4,1,train,30,30,drop,42
Training_Data_Master/UTD-0148,Training_Data_Master/UTD-0148.txt,Training_Data_Master,0,True,,154,5,4,train,30,30,drop,42
Training_Data_Master/UTD-0149,Training_Data_Master/UTD-0149.txt,Training_Data_Master,0,True,,253,8,13,train,30,30,drop,42
Training_Data_Master/UTD-0150,Training_Data_Master/UTD-0150.txt,Training_Data_Master,0,True,,103,3,13,train,30,30,drop,42
Training_Data_Master/UTD-0151,Training_Data_Master/UTD-0151.txt,Training_Data_Master,0,True,,168,5,18,train,30,30,drop,42
Training_Data_Master/UTD-0152,Training_Data_Master/UTD-0152.txt,Training_Data_Master,0,True,,133,4,13,test,30,30,drop,42
Training_Data_Master/UTD-0153,Training_Data_Master/UTD-0153.txt,Training_Data_Master,0,True,,116,3,26,train,30,30,drop,42
Training_Data_Master/UTD-0154,Training_Data_Master/UTD-0154.txt,Training_Data_Master,0,True,,190,6,10,train,30,30,drop,42
Training_Data_Master/UTD-0155,Training_Data_Master/UTD-0155.txt,Training_Data_Master,0,True,,1196,39,26,train,30,30,drop,42
Training_Data_Master/UTD-0156,Training_Data_Master/UTD-0156.txt,Training_Data_Master,0,True,,1271,42,11,train,30,30,drop,42
Training_Data_Master/UTD-0157,Training_Data_Master/UTD-0157.txt,Training_Data_Master,0,True,,774,25,24,train,30,30,drop,42
Training_Data_Master/UTD-0158,Training_Data_Master/UTD-0158.txt,Training_Data_Master,0,True,,787,26,7,train,30,30,drop,42
Training_Data_Master/UTD-0159,Training_Data_Master/UTD-0159.txt,Training_Data_Master,0,True,,536,17,26,test,30,30,drop,42
Training_Data_Master/UTD-0160,Training_Data_Master/UTD-0160.txt,Training_Data_Master,0,True,,122,4,2,train,30,30,drop,42
Training_Data_Master/UTD-0161,Training_Data_Master/UTD-0161.txt,Training_Data_Master,0,True,,179,5,29,train,30,30,drop,42
Training_Data_Master/UTD-0162,Training_Data_Master/UTD-0162.txt,Training_Data_Master,0,True,,1065,35,15,test,30,30,drop,42
Training_Data_Master/UTD-0163,Training_Data_Master/UTD-0163.txt,Training_Data_Master,0,True,,772,25,22,train,30,30,drop,42
Training_Data_Master/UTD-0164,Training_Data_Master/UTD-0164.txt,Training_Data_Master,0,True,,193,6,13,train,30,30,drop,42
Training_Data_Master/UTD-0165,Training_Data_Master/UTD-0165.txt,Training_Data_Master,0,True,,110,3,20,train,30,30,drop,42
Training_Data_Master/UTD-0166,Training_Data_Master/UTD-0166.txt,Training_Data_Master,0,True,,110,3,20,train,30,30,drop,42
Training_Data_Master/UTD-0167,Training_Data_Master/UTD-0167.txt,Training_Data_Master,0,True,,149,4,29,train,30,30,drop,42
Training_Data_Master/UTD-0168,Training_Data_Master/UTD-0168.txt,Training_Data_Master,0,True,,347,11,17,validation,30,30,drop,42
Training_Data_Master/UTD-0169,Training_Data_Master/UTD-0169.txt,Training_Data_Master,0,True,,97,3,7,train,30,30,drop,42
Training_Data_Master/UTD-0170,Training_Data_Master/UTD-0170.txt,Training_Data_Master,0,True,,749,24,29,train,30,30,drop,42
Training_Data_Master/UTD-0171,Training_Data_Master/UTD-0171.txt,Training_Data_Master,0,True,,115,3,25,train,30,30,drop,42
Training_Data_Master/UTD-0172,Training_Data_Master/UTD-0172.txt,Training_Data_Master,0,True,,480,16,0,train,30,30,drop,42
Training_Data_Master/UTD-0173,Training_Data_Master/UTD-0173.txt,Training_Data_Master,0,True,,151,5,1,train,30,30,drop,42
Training_Data_Master/UTD-0174,Training_Data_Master/UTD-0174.txt,Training_Data_Master,0,True,,97,3,7,train,30,30,drop,42
Training_Data_Master/UTD-0175,Training_Data_Master/UTD-0175.txt,Training_Data_Master,0,True,,97,3,7,test,30,30,drop,42
Training_Data_Master/UTD-0176,Training_Data_Master/UTD-0176.txt,Training_Data_Master,0,True,,196,6,16,train,30,30,drop,42
Training_Data_Master/UTD-0177,Training_Data_Master/UTD-0177.txt,Training_Data_Master,0,True,,148,4,28,validation,30,30,drop,42
Training_Data_Master/UTD-0178,Training_Data_Master/UTD-0178.txt,Training_Data_Master,0,True,,758,25,8,train,30,30,drop,42
Training_Data_Master/UTD-0179,Training_Data_Master/UTD-0179.txt,Training_Data_Master,0,True,,140,4,20,test,30,30,drop,42
Training_Data_Master/UTD-0180,Training_Data_Master/UTD-0180.txt,Training_Data_Master,0,True,,323,10,23,train,30,30,drop,42
Training_Data_Master/UTD-0181,Training_Data_Master/UTD-0181.txt,Training_Data_Master,0,True,,279,9,9,train,30,30,drop,42
Training_Data_Master/UTD-0182,Training_Data_Master/UTD-0182.txt,Training_Data_Master,0,True,,194,6,14,test,30,30,drop,42
Training_Data_Master/UTD-0183,Training_Data_Master/UTD-0183.txt,Training_Data_Master,0,True,,137,4,17,train,30,30,drop,42
Training_Data_Master/UTD-0184,Training_Data_Master/UTD-0184.txt,Training_Data_Master,0,True,,102,3,12,train,30,30,drop,42
Training_Data_Master/UTD-0185,Training_Data_Master/UTD-0185.txt,Training_Data_Master,0,True,,173,5,23,train,30,30,drop,42
Training_Data_Master/UTD-0186,Training_Data_Master/UTD-0186.txt,Training_Data_Master,0,True,,336,11,6,validation,30,30,drop,42
Training_Data_Master/UTD-0187,Training_Data_Master/UTD-0187.txt,Training_Data_Master,0,True,,92,3,2,train,30,30,drop,42
Training_Data_Master/UTD-0188,Training_Data_Master/UTD-0188.txt,Training_Data_Master,0,True,,181,6,1,train,30,30,drop,42
Training_Data_Master/UTD-0189,Training_Data_Master/UTD-0189.txt,Training_Data_Master,0,True,,94,3,4,train,30,30,drop,42
Training_Data_Master/UTD-0190,Training_Data_Master/UTD-0190.txt,Training_Data_Master,0,True,,822,27,12,train,30,30,drop,42
Training_Data_Master/UTD-0191,Training_Data_Master/UTD-0191.txt,Training_Data_Master,0,True,,828,27,18,train,30,30,drop,42
Training_Data_Master/UTD-0192,Training_Data_Master/UTD-0192.txt,Training_Data_Master,0,True,,190,6,10,validation,30,30,drop,42
Training_Data_Master/UTD-0193,Training_Data_Master/UTD-0193.txt,Training_Data_Master,0,True,,184,6,4,validation,30,30,drop,42
Training_Data_Master/UTD-0194,Training_Data_Master/UTD-0194.txt,Training_Data_Master,0,True,,225,7,15,train,30,30,drop,42
Training_Data_Master/UTD-0195,Training_Data_Master/UTD-0195.txt,Training_Data_Master,0,True,,1102,36,22,train,30,30,drop,42
Training_Data_Master/UTD-0196,Training_Data_Master/UTD-0196.txt,Training_Data_Master,0,True,,224,7,14,test,30,30,drop,42
Training_Data_Master/UTD-0197,Training_Data_Master/UTD-0197.txt,Training_Data_Master,0,True,,206,6,26,train,30,30,drop,42
Training_Data_Master/UTD-0198,Training_Data_Master/UTD-0198.txt,Training_Data_Master,0,True,,117,3,27,train,30,30,drop,42
Training_Data_Master/UTD-0199,Training_Data_Master/UTD-0199.txt,Training_Data_Master,0,True,,791,26,11,train,30,30,drop,42
Training_Data_Master/UTD-0200,Training_Data_Master/UTD-0200.txt,Training_Data_Master,0,True,,92,3,2,train,30,30,drop,42
Training_Data_Master/UTD-0201,Training_Data_Master/UTD-0201.txt,Training_Data_Master,0,True,,235,7,25,train,30,30,drop,42
Training_Data_Master/UTD-0202,Training_Data_Master/UTD-0202.txt,Training_Data_Master,0,True,,113,3,23,train,30,30,drop,42
Training_Data_Master/UTD-0203,Training_Data_Master/UTD-0203.txt,Training_Data_Master,0,True,,147,4,27,train,30,30,drop,42
Training_Data_Master/UTD-0204,Training_Data_Master/UTD-0204.txt,Training_Data_Master,0,True,,1426,47,16,train,30,30,drop,42
Training_Data_Master/UTD-0205,Training_Data_Master/UTD-0205.txt,Training_Data_Master,0,True,,150,5,0,train,30,30,drop,42
Training_Data_Master/UTD-0206,Training_Data_Master/UTD-0206.txt,Training_Data_Master,0,True,,301,10,1,train,30,30,drop,42
Training_Data_Master/UTD-0207,Training_Data_Master/UTD-0207.txt,Training_Data_Master,0,True,,154,5,4,train,30,30,drop,42
Training_Data_Master/UTD-0208,Training_Data_Master/UTD-0208.txt,Training_Data_Master,0,True,,161,5,11,train,30,30,drop,42
Training_Data_Master/UTD-0209,Training_Data_Master/UTD-0209.txt,Training_Data_Master,0,True,,116,3,26,test,30,30,drop,42
Training_Data_Master/UTD-0210,Training_Data_Master/UTD-0210.txt,Training_Data_Master,0,True,,494,16,14,train,30,30,drop,42
Training_Data_Master/UTD-0211,Training_Data_Master/UTD-0211.txt,Training_Data_Master,0,True,,586,19,16,validation,30,30,drop,42
Training_Data_Master/UTD-0212,Training_Data_Master/UTD-0212.txt,Training_Data_Master,0,True,,162,5,12,train,30,30,drop,42
Training_Data_Master/UTD-0213,Training_Data_Master/UTD-0213.txt,Training_Data_Master,0,True,,790,26,10,test,30,30,drop,42
Training_Data_Master/UTD-0214,Training_Data_Master/UTD-0214.txt,Training_Data_Master,0,True,,244,8,4,train,30,30,drop,42
Training_Data_Master/UTD-0215,Training_Data_Master/UTD-0215.txt,Training_Data_Master,0,True,,553,18,13,validation,30,30,drop,42
Training_Data_Master/UTD-0216,Training_Data_Master/UTD-0216.txt,Training_Data_Master,0,True,,229,7,19,train,30,30,drop,42
Training_Data_Master/UTD-0217,Training_Data_Master/UTD-0217.txt,Training_Data_Master,0,True,,96,3,6,train,30,30,drop,42
Training_Data_Master/UTD-0218,Training_Data_Master/UTD-0218.txt,Training_Data_Master,0,True,,438,14,18,train,30,30,drop,42
Training_Data_Master/UTD-0219,Training_Data_Master/UTD-0219.txt,Training_Data_Master,0,True,,452,15,2,train,30,30,drop,42
Training_Data_Master/UTD-0220,Training_Data_Master/UTD-0220.txt,Training_Data_Master,0,True,,171,5,21,train,30,30,drop,42
Training_Data_Master/UTD-0221,Training_Data_Master/UTD-0221.txt,Training_Data_Master,0,True,,680,22,20,train,30,30,drop,42
Training_Data_Master/UTD-0222,Training_Data_Master/UTD-0222.txt,Training_Data_Master,0,True,,328,10,28,train,30,30,drop,42
Training_Data_Master/UTD-0223,Training_Data_Master/UTD-0223.txt,Training_Data_Master,0,True,,155,5,5,train,30,30,drop,42
Training_Data_Master/UTD-0224,Training_Data_Master/UTD-0224.txt,Training_Data_Master,0,True,,128,4,8,test,30,30,drop,42
Training_Data_Master/UTD-0225,Training_Data_Master/UTD-0225.txt,Training_Data_Master,0,True,,469,15,19,train,30,30,drop,42
Training_Data_Master/UTD-0226,Training_Data_Master/UTD-0226.txt,Training_Data_Master,0,True,,89,2,29,train,30,30,drop,42
Training_Data_Master/UTD-0227,Training_Data_Master/UTD-0227.txt,Training_Data_Master,0,True,,121,4,1,train,30,30,drop,42
Training_Data_Master/UTD-0228,Training_Data_Master/UTD-0228.txt,Training_Data_Master,0,True,,131,4,11,train,30,30,drop,42
Training_Data_Master/UTD-0229,Training_Data_Master/UTD-0229.txt,Training_Data_Master,0,True,,79,2,19,train,30,30,drop,42
Training_Data_Master/UTD-0230,Training_Data_Master/UTD-0230.txt,Training_Data_Master,0,True,,124,4,4,train,30,30,drop,42
Training_Data_Master/UTD-0231,Training_Data_Master/UTD-0231.txt,Training_Data_Master,0,True,,135,4,15,train,30,30,drop,42
Training_Data_Master/UTD-0232,Training_Data_Master/UTD-0232.txt,Training_Data_Master,0,True,,451,15,1,train,30,30,drop,42
Training_Data_Master/UTD-0233,Training_Data_Master/UTD-0233.txt,Training_Data_Master,0,True,,195,6,15,train,30,30,drop,42
Training_Data_Master/UTD-0234,Training_Data_Master/UTD-0234.txt,Training_Data_Master,0,True,,156,5,6,test,30,30,drop,42
Training_Data_Master/UTD-0235,Training_Data_Master/UTD-0235.txt,Training_Data_Master,0,True,,308,10,8,test,30,30,drop,42
Training_Data_Master/UTD-0236,Training_Data_Master/UTD-0236.txt,Training_Data_Master,0,True,,82,2,22,train,30,30,drop,42
Training_Data_Master/UTD-0237,Training_Data_Master/UTD-0237.txt,Training_Data_Master,0,True,,107,3,17,train,30,30,drop,42
Training_Data_Master/UTD-0238,Training_Data_Master/UTD-0238.txt,Training_Data_Master,0,True,,194,6,14,validation,30,30,drop,42
Training_Data_Master/UTD-0239,Training_Data_Master/UTD-0239.txt,Training_Data_Master,0,True,,193,6,13,validation,30,30,drop,42
Training_Data_Master/UTD-0240,Training_Data_Master/UTD-0240.txt,Training_Data_Master,0,True,,152,5,2,train,30,30,drop,42
Training_Data_Master/UTD-0241,Training_Data_Master/UTD-0241.txt,Training_Data_Master,0,True,,126,4,6,test,30,30,drop,42
Training_Data_Master/UTD-0242,Training_Data_Master/UTD-0242.txt,Training_Data_Master,0,True,,181,6,1,train,30,30,drop,42
Training_Data_Master/UTD-0243,Training_Data_Master/UTD-0243.txt,Training_Data_Master,0,True,,85,2,25,train,30,30,drop,42
Training_Data_Master/UTD-0244,Training_Data_Master/UTD-0244.txt,Training_Data_Master,0,True,,1614,53,24,train,30,30,drop,42
Training_Data_Master/UTD-0245,Training_Data_Master/UTD-0245.txt,Training_Data_Master,0,True,,169,5,19,validation,30,30,drop,42
Training_Data_Master/UTD-0246,Training_Data_Master/UTD-0246.txt,Training_Data_Master,0,True,,1830,61,0,test,30,30,drop,42
Training_Data_Master/UTD-0247,Training_Data_Master/UTD-0247.txt,Training_Data_Master,0,True,,271,9,1,train,30,30,drop,42
Training_Data_Master/UTD-0248,Training_Data_Master/UTD-0248.txt,Training_Data_Master,0,True,,110,3,20,train,30,30,drop,42
Training_Data_Master/UTD-0249,Training_Data_Master/UTD-0249.txt,Training_Data_Master,0,True,,137,4,17,validation,30,30,drop,42
Training_Data_Master/UTD-0250,Training_Data_Master/UTD-0250.txt,Training_Data_Master,0,True,,791,26,11,validation,30,30,drop,42
Training_Data_Master/UTD-0251,Training_Data_Master/UTD-0251.txt,Training_Data_Master,0,True,,450,15,0,validation,30,30,drop,42
Training_Data_Master/UTD-0252,Training_Data_Master/UTD-0252.txt,Training_Data_Master,0,True,,105,3,15,train,30,30,drop,42
Training_Data_Master/UTD-0253,Training_Data_Master/UTD-0253.txt,Training_Data_Master,0,True,,739,24,19,train,30,30,drop,42
Training_Data_Master/UTD-0254,Training_Data_Master/UTD-0254.txt,Training_Data_Master,0,True,,804,26,24,train,30,30,drop,42
Training_Data_Master/UTD-0255,Training_Data_Master/UTD-0255.txt,Training_Data_Master,0,True,,118,3,28,train,30,30,drop,42
Training_Data_Master/UTD-0256,Training_Data_Master/UTD-0256.txt,Training_Data_Master,0,True,,166,5,16,validation,30,30,drop,42
Training_Data_Master/UTD-0257,Training_Data_Master/UTD-0257.txt,Training_Data_Master,0,True,,1115,37,5,train,30,30,drop,42
Training_Data_Master/UTD-0258,Training_Data_Master/UTD-0258.txt,Training_Data_Master,0,True,,110,3,20,validation,30,30,drop,42
Training_Data_Master/UTD-0259,Training_Data_Master/UTD-0259.txt,Training_Data_Master,0,True,,199,6,19,train,30,30,drop,42
Training_Data_Master/UTD-0260,Training_Data_Master/UTD-0260.txt,Training_Data_Master,0,True,,612,20,12,train,30,30,drop,42
Training_Data_Master/UTD-0261,Training_Data_Master/UTD-0261.txt,Training_Data_Master,0,True,,821,27,11,train,30,30,drop,42
Training_Data_Master/UTD-0262,Training_Data_Master/UTD-0262.txt,Training_Data_Master,0,True,,945,31,15,train,30,30,drop,42
Training_Data_Master/UTD-0263,Training_Data_Master/UTD-0263.txt,Training_Data_Master,0,True,,124,4,4,train,30,30,drop,42
Training_Data_Master/UTD-0264,Training_Data_Master/UTD-0264.txt,Training_Data_Master,0,True,,103,3,13,train,30,30,drop,42
Training_Data_Master/UTD-0265,Training_Data_Master/UTD-0265.txt,Training_Data_Master,0,True,,198,6,18,validation,30,30,drop,42
Training_Data_Master/UTD-0266,Training_Data_Master/UTD-0266.txt,Training_Data_Master,0,True,,878,29,8,test,30,30,drop,42
Training_Data_Master/UTD-0267,Training_Data_Master/UTD-0267.txt,Training_Data_Master,0,True,,122,4,2,train,30,30,drop,42
Training_Data_Master/UTD-0268,Training_Data_Master/UTD-0268.txt,Training_Data_Master,0,True,,1301,43,11,train,30,30,drop,42
Training_Data_Master/UTD-0269,Training_Data_Master/UTD-0269.txt,Training_Data_Master,0,True,,1131,37,21,train,30,30,drop,42
Training_Data_Master/UTD-0270,Training_Data_Master/UTD-0270.txt,Training_Data_Master,0,True,,413,13,23,train,30,30,drop,42
Training_Data_Master/UTD-0271,Training_Data_Master/UTD-0271.txt,Training_Data_Master,0,True,,787,26,7,train,30,30,drop,42
Training_Data_Master/UTD-0272,Training_Data_Master/UTD-0272.txt,Training_Data_Master,0,True,,673,22,13,train,30,30,drop,42
Training_Data_Master/UTD-0273,Training_Data_Master/UTD-0273.txt,Training_Data_Master,0,True,,915,30,15,test,30,30,drop,42
Training_Data_Master/UTD-0274,Training_Data_Master/UTD-0274.txt,Training_Data_Master,0,True,,93,3,3,validation,30,30,drop,42
Training_Data_Master/UTD-0275,Training_Data_Master/UTD-0275.txt,Training_Data_Master,0,True,,110,3,20,train,30,30,drop,42
Training_Data_Master/UTD-0276,Training_Data_Master/UTD-0276.txt,Training_Data_Master,0,True,,99,3,9,test,30,30,drop,42
Training_Data_Master/UTD-0277,Training_Data_Master/UTD-0277.txt,Training_Data_Master,0,True,,105,3,15,train,30,30,drop,42
Training_Data_Master/UTD-0278,Training_Data_Master/UTD-0278.txt,Training_Data_Master,0,True,,191,6,11,train,30,30,drop,42
Training_Data_Master/UTD-0279,Training_Data_Master/UTD-0279.txt,Training_Data_Master,0,True,,1769,58,29,validation,30,30,drop,42
Training_Data_Master/UTD-0280,Training_Data_Master/UTD-0280.txt,Training_Data_Master,0,True,,124,4,4,train,30,30,drop,42
Training_Data_Master/UTD-0281,Training_Data_Master/UTD-0281.txt,Training_Data_Master,0,True,,192,6,12,train,30,30,drop,42
Training_Data_Master/UTD-0282,Training_Data_Master/UTD-0282.txt,Training_Data_Master,0,True,,98,3,8,validation,30,30,drop,42
Training_Data_Master/UTD-0283,Training_Data_Master/UTD-0283.txt,Training_Data_Master,0,True,,138,4,18,train,30,30,drop,42
Training_Data_Master/UTD-0284,Training_Data_Master/UTD-0284.txt,Training_Data_Master,0,True,,339,11,9,train,30,30,drop,42
Training_Data_Master/UTD-0285,Training_Data_Master/UTD-0285.txt,Training_Data_Master,0,True,,194,6,14,train,30,30,drop,42
Training_Data_Master/UTD-0286,Training_Data_Master/UTD-0286.txt,Training_Data_Master,0,True,,160,5,10,test,30,30,drop,42
Training_Data_Master/UTD-0287,Training_Data_Master/UTD-0287.txt,Training_Data_Master,0,True,,317,10,17,validation,30,30,drop,42
Training_Data_Master/UTD-0288,Training_Data_Master/UTD-0288.txt,Training_Data_Master,0,True,,1305,43,15,train,30,30,drop,42
Training_Data_Master/UTD-0289,Training_Data_Master/UTD-0289.txt,Training_Data_Master,0,True,,1776,59,6,train,30,30,drop,42
Training_Data_Master/UTD-0290,Training_Data_Master/UTD-0290.txt,Training_Data_Master,0,True,,1742,58,2,train,30,30,drop,42
Training_Data_Master/UTD-0291,Training_Data_Master/UTD-0291.txt,Training_Data_Master,0,True,,1688,56,8,validation,30,30,drop,42
Training_Data_Master/UTD-0292,Training_Data_Master/UTD-0292.txt,Training_Data_Master,0,True,,137,4,17,train,30,30,drop,42
Training_Data_Master/UTD-0293,Training_Data_Master/UTD-0293.txt,Training_Data_Master,0,True,,894,29,24,train,30,30,drop,42
Training_Data_Master/UTD-0294,Training_Data_Master/UTD-0294.txt,Training_Data_Master,0,True,,404,13,14,test,30,30,drop,42
Training_Data_Master/UTD-0295,Training_Data_Master/UTD-0295.txt,Training_Data_Master,0,True,,389,12,29,train,30,30,drop,42
Training_Data_Master/UTD-0296,Training_Data_Master/UTD-0296.txt,Training_Data_Master,0,True,,1305,43,15,train,30,30,drop,42
Training_Data_Master/UTD-0297,Training_Data_Master/UTD-0297.txt,Training_Data_Master,0,True,,115,3,25,train,30,30,drop,42
Training_Data_Master/UTD-0298,Training_Data_Master/UTD-0298.txt,Training_Data_Master,0,True,,109,3,19,train,30,30,drop,42
Training_Data_Master/UTD-0299,Training_Data_Master/UTD-0299.txt,Training_Data_Master,0,True,,1280,42,20,validation,30,30,drop,42
Training_Data_Master/UTD-0300,Training_Data_Master/UTD-0300.txt,Training_Data_Master,0,True,,299,9,29,train,30,30,drop,42
Training_Data_Master/UTD-0301,Training_Data_Master/UTD-0301.txt,Training_Data_Master,0,True,,369,12,9,train,30,30,drop,42
Training_Data_Master/UTD-0302,Training_Data_Master/UTD-0302.txt,Training_Data_Master,0,True,,100,3,10,train,30,30,drop,42
Training_Data_Master/UTD-0303,Training_Data_Master/UTD-0303.txt,Training_Data_Master,0,True,,1095,36,15,train,30,30,drop,42
Training_Data_Master/UTD-0304,Training_Data_Master/UTD-0304.txt,Training_Data_Master,0,True,,1305,43,15,validation,30,30,drop,42
Training_Data_Master/UTD-0305,Training_Data_Master/UTD-0305.txt,Training_Data_Master,0,True,,388,12,28,train,30,30,drop,42
Training_Data_Master/UTD-0306,Training_Data_Master/UTD-0306.txt,Training_Data_Master,0,True,,94,3,4,train,30,30,drop,42
Training_Data_Master/UTD-0307,Training_Data_Master/UTD-0307.txt,Training_Data_Master,0,True,,1305,43,15,train,30,30,drop,42
Training_Data_Master/UTD-0308,Training_Data_Master/UTD-0308.txt,Training_Data_Master,0,True,,122,4,2,train,30,30,drop,42
Training_Data_Master/UTD-0309,Training_Data_Master/UTD-0309.txt,Training_Data_Master,0,True,,122,4,2,train,30,30,drop,42
Training_Data_Master/UTD-0310,Training_Data_Master/UTD-0310.txt,Training_Data_Master,0,True,,121,4,1,train,30,30,drop,42
Training_Data_Master/UTD-0311,Training_Data_Master/UTD-0311.txt,Training_Data_Master,0,True,,369,12,9,validation,30,30,drop,42
Training_Data_Master/UTD-0312,Training_Data_Master/UTD-0312.txt,Training_Data_Master,0,True,,94,3,4,validation,30,30,drop,42
Training_Data_Master/UTD-0313,Training_Data_Master/UTD-0313.txt,Training_Data_Master,0,True,,246,8,6,train,30,30,drop,42
Training_Data_Master/UTD-0314,Training_Data_Master/UTD-0314.txt,Training_Data_Master,0,True,,204,6,24,train,30,30,drop,42
Training_Data_Master/UTD-0315,Training_Data_Master/UTD-0315.txt,Training_Data_Master,0,True,,369,12,9,train,30,30,drop,42
Training_Data_Master/UTD-0316,Training_Data_Master/UTD-0316.txt,Training_Data_Master,0,True,,1152,38,12,train,30,30,drop,42
Training_Data_Master/UTD-0317,Training_Data_Master/UTD-0317.txt,Training_Data_Master,0,True,,95,3,5,train,30,30,drop,42
Training_Data_Master/UTD-0318,Training_Data_Master/UTD-0318.txt,Training_Data_Master,0,True,,230,7,20,validation,30,30,drop,42
Training_Data_Master/UTD-0319,Training_Data_Master/UTD-0319.txt,Training_Data_Master,0,True,,109,3,19,train,30,30,drop,42
Training_Data_Master/UTD-0320,Training_Data_Master/UTD-0320.txt,Training_Data_Master,0,True,,234,7,24,train,30,30,drop,42
Training_Data_Master/UTD-0321,Training_Data_Master/UTD-0321.txt,Training_Data_Master,0,True,,189,6,9,train,30,30,drop,42
Training_Data_Master/UTD-0322,Training_Data_Master/UTD-0322.txt,Training_Data_Master,0,True,,130,4,10,validation,30,30,drop,42
Training_Data_Master/UTD-0323,Training_Data_Master/UTD-0323.txt,Training_Data_Master,0,True,,242,8,2,train,30,30,drop,42
Training_Data_Master/UTD-0324,Training_Data_Master/UTD-0324.txt,Training_Data_Master,0,True,,231,7,21,train,30,30,drop,42
Training_Data_Master/UTD-0325,Training_Data_Master/UTD-0325.txt,Training_Data_Master,0,True,,189,6,9,test,30,30,drop,42
Training_Data_Master/UTD-0326,Training_Data_Master/UTD-0326.txt,Training_Data_Master,0,True,,189,6,9,train,30,30,drop,42
Training_Data_Master/UTD-0327,Training_Data_Master/UTD-0327.txt,Training_Data_Master,0,True,,220,7,10,validation,30,30,drop,42
Training_Data_Master/UTD-0328,Training_Data_Master/UTD-0328.txt,Training_Data_Master,0,True,,1305,43,15,train,30,30,drop,42
Training_Data_Master/UTD-0329,Training_Data_Master/UTD-0329.txt,Training_Data_Master,0,True,,119,3,29,train,30,30,drop,42
Training_Data_Master/UTD-0330,Training_Data_Master/UTD-0330.txt,Training_Data_Master,0,True,,214,7,4,train,30,30,drop,42
Training_Data_Master/UTD-0331,Training_Data_Master/UTD-0331.txt,Training_Data_Master,0,True,,111,3,21,test,30,30,drop,42
Training_Data_Master/UTD-0332,Training_Data_Master/UTD-0332.txt,Training_Data_Master,0,True,,111,3,21,train,30,30,drop,42
Training_Data_Master/UTD-0333,Training_Data_Master/UTD-0333.txt,Training_Data_Master,0,True,,111,3,21,train,30,30,drop,42
Training_Data_Master/UTD-0334,Training_Data_Master/UTD-0334.txt,Training_Data_Master,0,True,,99,3,9,train,30,30,drop,42
Training_Data_Master/UTD-0335,Training_Data_Master/UTD-0335.txt,Training_Data_Master,0,True,,345,11,15,train,30,30,drop,42
Training_Data_Master/UTD-0336,Training_Data_Master/UTD-0336.txt,Training_Data_Master,0,True,,1305,43,15,train,30,30,drop,42
Training_Data_Master/UTD-0337,Training_Data_Master/UTD-0337.txt,Training_Data_Master,0,True,,211,7,1,test,30,30,drop,42
Training_Data_Master/UTD-0338,Training_Data_Master/UTD-0338.txt,Training_Data_Master,0,True,,410,13,20,validation,30,30,drop,42
Training_Data_Master/UTD-0339,Training_Data_Master/UTD-0339.txt,Training_Data_Master,0,True,,1305,43,15,train,30,30,drop,42
Training_Data_Master/UTD-0340,Training_Data_Master/UTD-0340.txt,Training_Data_Master,0,True,,211,7,1,validation,30,30,drop,42
Training_Data_Master/UTD-0341,Training_Data_Master/UTD-0341.txt,Training_Data_Master,0,True,,637,21,7,train,30,30,drop,42
Training_Data_Master/UTD-0342,Training_Data_Master/UTD-0342.txt,Training_Data_Master,0,True,,104,3,14,train,30,30,drop,42
Training_Data_Master/UTD-0343,Training_Data_Master/UTD-0343.txt,Training_Data_Master,0,True,,372,12,12,train,30,30,drop,42
Training_Data_Master/UTD-0344,Training_Data_Master/UTD-0344.txt,Training_Data_Master,0,True,,1079,35,29,validation,30,30,drop,42
Training_Data_Master/UTD-0345,Training_Data_Master/UTD-0345.txt,Training_Data_Master,0,True,,126,4,6,train,30,30,drop,42
Training_Data_Master/UTD-0346,Training_Data_Master/UTD-0346.txt,Training_Data_Master,0,True,,138,4,18,train,30,30,drop,42
Training_Data_Master/UTD-0347,Training_Data_Master/UTD-0347.txt,Training_Data_Master,0,True,,126,4,6,train,30,30,drop,42
Training_Data_Master/UTD-0348,Training_Data_Master/UTD-0348.txt,Training_Data_Master,0,True,,139,4,19,train,30,30,drop,42
Training_Data_Master/UTD-0349,Training_Data_Master/UTD-0349.txt,Training_Data_Master,0,True,,228,7,18,validation,30,30,drop,42
Training_Data_Master/UTD-0350,Training_Data_Master/UTD-0350.txt,Training_Data_Master,0,True,,95,3,5,train,30,30,drop,42
Training_Data_Master/UTD-0351,Training_Data_Master/UTD-0351.txt,Training_Data_Master,0,True,,103,3,13,test,30,30,drop,42
Training_Data_Master/UTD-0352,Training_Data_Master/UTD-0352.txt,Training_Data_Master,0,True,,181,6,1,train,30,30,drop,42
Training_Data_Master/UTD-0353,Training_Data_Master/UTD-0353.txt,Training_Data_Master,0,True,,93,3,3,test,30,30,drop,42
Training_Data_Master/UTD-0354,Training_Data_Master/UTD-0354.txt,Training_Data_Master,0,True,,346,11,16,train,30,30,drop,42
Training_Data_Master/UTD-0355,Training_Data_Master/UTD-0355.txt,Training_Data_Master,0,True,,330,11,0,test,30,30,drop,42
Training_Data_Master/UTD-0356,Training_Data_Master/UTD-0356.txt,Training_Data_Master,0,True,,745,24,25,train,30,30,drop,42
Training_Data_Master/UTD-0357,Training_Data_Master/UTD-0357.txt,Training_Data_Master,0,True,,169,5,19,train,30,30,drop,42
Training_Data_Master/UTD-0358,Training_Data_Master/UTD-0358.txt,Training_Data_Master,0,True,,115,3,25,train,30,30,drop,42
Training_Data_Master/UTD-0359,Training_Data_Master/UTD-0359.txt,Training_Data_Master,0,True,,453,15,3,train,30,30,drop,42
Training_Data_Master/UTD-0360,Training_Data_Master/UTD-0360.txt,Training_Data_Master,0,True,,1853,61,23,test,30,30,drop,42
Training_Data_Master/UTD-0361,Training_Data_Master/UTD-0361.txt,Training_Data_Master,0,True,,955,31,25,train,30,30,drop,42
Training_Data_Master/UTD-0362,Training_Data_Master/UTD-0362.txt,Training_Data_Master,0,True,,839,27,29,test,30,30,drop,42
Training_Data_Master/UTD-0363,Training_Data_Master/UTD-0363.txt,Training_Data_Master,0,True,,87,2,27,train,30,30,drop,42
Training_Data_Master/UTD-0364,Training_Data_Master/UTD-0364.txt,Training_Data_Master,0,True,,1006,33,16,train,30,30,drop,42
Training_Data_Master/UTD-0365,Training_Data_Master/UTD-0365.txt,Training_Data_Master,0,True,,143,4,23,train,30,30,drop,42
Training_Data_Master/UTD-0366,Training_Data_Master/UTD-0366.txt,Training_Data_Master,0,True,,184,6,4,test,30,30,drop,42
Training_Data_Master/UTD-0367,Training_Data_Master/UTD-0367.txt,Training_Data_Master,0,True,,198,6,18,train,30,30,drop,42
Training_Data_Master/UTD-0368,Training_Data_Master/UTD-0368.txt,Training_Data_Master,0,True,,139,4,19,test,30,30,drop,42
Training_Data_Master/UTD-0369,Training_Data_Master/UTD-0369.txt,Training_Data_Master,0,True,,509,16,29,test,30,30,drop,42
Training_Data_Master/UTD-0370,Training_Data_Master/UTD-0370.txt,Training_Data_Master,0,True,,155,5,5,train,30,30,drop,42
Training_Data_Master/UTD-0371,Training_Data_Master/UTD-0371.txt,Training_Data_Master,0,True,,198,6,18,train,30,30,drop,42
Training_Data_Master/UTD-0372,Training_Data_Master/UTD-0372.txt,Training_Data_Master,0,True,,356,11,26,train,30,30,drop,42
Training_Data_Master/UTD-0373,Training_Data_Master/UTD-0373.txt,Training_Data_Master,0,True,,187,6,7,train,30,30,drop,42
Training_Data_Master/UTD-0374,Training_Data_Master/UTD-0374.txt,Training_Data_Master,0,True,,158,5,8,train,30,30,drop,42
Training_Data_Master/UTD-0375,Training_Data_Master/UTD-0375.txt,Training_Data_Master,0,True,,147,4,27,train,30,30,drop,42
Training_Data_Master/UTD-0376,Training_Data_Master/UTD-0376.txt,Training_Data_Master,0,True,,241,8,1,train,30,30,drop,42
Training_Data_Master/UTD-0377,Training_Data_Master/UTD-0377.txt,Training_Data_Master,0,True,,242,8,2,train,30,30,drop,42
Training_Data_Master/UTD-0378,Training_Data_Master/UTD-0378.txt,Training_Data_Master,0,True,,242,8,2,validation,30,30,drop,42
Training_Data_Master/UTD-0379,Training_Data_Master/UTD-0379.txt,Training_Data_Master,0,True,,222,7,12,train,30,30,drop,42
Training_Data_Master/UTD-0380,Training_Data_Master/UTD-0380.txt,Training_Data_Master,0,True,,242,8,2,train,30,30,drop,42
Training_Data_Master/UTD-0381,Training_Data_Master/UTD-0381.txt,Training_Data_Master,0,True,,221,7,11,train,30,30,drop,42
Training_Data_Master/UTD-0382,Training_Data_Master/UTD-0382.txt,Training_Data_Master,0,True,,207,6,27,test,30,30,drop,42
Training_Data_Master/UTD-0383,Training_Data_Master/UTD-0383.txt,Training_Data_Master,0,True,,172,5,22,train,30,30,drop,42
Training_Data_Master/UTD-0384,Training_Data_Master/UTD-0384.txt,Training_Data_Master,0,True,,204,6,24,train,30,30,drop,42
Training_Data_Master/UTD-0385,Training_Data_Master/UTD-0385.txt,Training_Data_Master,0,True,,457,15,7,train,30,30,drop,42
Training_Data_Master/UTD-0386,Training_Data_Master/UTD-0386.txt,Training_Data_Master,0,True,,577,19,7,validation,30,30,drop,42
Training_Data_Master/UTD-0387,Training_Data_Master/UTD-0387.txt,Training_Data_Master,0,True,,737,24,17,train,30,30,drop,42
Training_Data_Master/UTD-0388,Training_Data_Master/UTD-0388.txt,Training_Data_Master,0,True,,1783,59,13,test,30,30,drop,42
Training_Data_Master/UTD-0389,Training_Data_Master/UTD-0389.txt,Training_Data_Master,0,True,,238,7,28,train,30,30,drop,42
Training_Data_Master/UTD-0390,Training_Data_Master/UTD-0390.txt,Training_Data_Master,0,True,,311,10,11,train,30,30,drop,42
Training_Data_Master/UTD-0391,Training_Data_Master/UTD-0391.txt,Training_Data_Master,0,True,,425,14,5,train,30,30,drop,42
Training_Data_Master/UTD-0392,Training_Data_Master/UTD-0392.txt,Training_Data_Master,0,True,,157,5,7,train,30,30,drop,42
Training_Data_Master/UTD-0393,Training_Data_Master/UTD-0393.txt,Training_Data_Master,0,True,,1344,44,24,train,30,30,drop,42
Training_Data_Master/UTD-0394,Training_Data_Master/UTD-0394.txt,Training_Data_Master,0,True,,174,5,24,validation,30,30,drop,42
Training_Data_Master/UTD-0395,Training_Data_Master/UTD-0395.txt,Training_Data_Master,0,True,,117,3,27,train,30,30,drop,42
Training_Data_Master/UTD-0396,Training_Data_Master/UTD-0396.txt,Training_Data_Master,0,True,,224,7,14,train,30,30,drop,42
Training_Data_Master/UTD-0397,Training_Data_Master/UTD-0397.txt,Training_Data_Master,0,True,,818,27,8,train,30,30,drop,42
Training_Data_Master/UTD-0398,Training_Data_Master/UTD-0398.txt,Training_Data_Master,0,True,,344,11,14,train,30,30,drop,42
Training_Data_Master/UTD-0399,Training_Data_Master/UTD-0399.txt,Training_Data_Master,0,True,,162,5,12,test,30,30,drop,42
Training_Data_Master/UTD-0400,Training_Data_Master/UTD-0400.txt,Training_Data_Master,0,True,,206,6,26,train,30,30,drop,42
Training_Data_Master/UTD-0401,Training_Data_Master/UTD-0401.txt,Training_Data_Master,0,True,,156,5,6,test,30,30,drop,42
Training_Data_Master/UTD-0402,Training_Data_Master/UTD-0402.txt,Training_Data_Master,0,True,,102,3,12,train,30,30,drop,42
Training_Data_Master/UTD-0403,Training_Data_Master/UTD-0403.txt,Training_Data_Master,0,True,,275,9,5,train,30,30,drop,42
Training_Data_Master/UTD-0404,Training_Data_Master/UTD-0404.txt,Training_Data_Master,0,True,,145,4,25,train,30,30,drop,42
Training_Data_Master/UTD-0405,Training_Data_Master/UTD-0405.txt,Training_Data_Master,0,True,,130,4,10,test,30,30,drop,42
Training_Data_Master/UTD-0406,Training_Data_Master/UTD-0406.txt,Training_Data_Master,0,True,,373,12,13,train,30,30,drop,42
Training_Data_Master/UTD-0407,Training_Data_Master/UTD-0407.txt,Training_Data_Master,0,True,,196,6,16,train,30,30,drop,42
Training_Data_Master/UTD-0408,Training_Data_Master/UTD-0408.txt,Training_Data_Master,0,True,,215,7,5,train,30,30,drop,42
Training_Data_Master/UTD-0409,Training_Data_Master/UTD-0409.txt,Training_Data_Master,0,True,,119,3,29,validation,30,30,drop,42
Training_Data_Master/UTD-0410,Training_Data_Master/UTD-0410.txt,Training_Data_Master,0,True,,134,4,14,validation,30,30,drop,42
Training_Data_Master/UTD-0411,Training_Data_Master/UTD-0411.txt,Training_Data_Master,0,True,,231,7,21,train,30,30,drop,42
Training_Data_Master/UTD-0412,Training_Data_Master/UTD-0412.txt,Training_Data_Master,0,True,,422,14,2,train,30,30,drop,42
Training_Data_Master/UTD-0413,Training_Data_Master/UTD-0413.txt,Training_Data_Master,0,True,,116,3,26,train,30,30,drop,42
Training_Data_Master/UTD-0414,Training_Data_Master/UTD-0414.txt,Training_Data_Master,0,True,,1657,55,7,train,30,30,drop,42
Training_Data_Master/UTD-0415,Training_Data_Master/UTD-0415.txt,Training_Data_Master,0,True,,173,5,23,train,30,30,drop,42
Training_Data_Master/UTD-0416,Training_Data_Master/UTD-0416.txt,Training_Data_Master,0,True,,398,13,8,train,30,30,drop,42
Training_Data_Master/UTD-0417,Training_Data_Master/UTD-0417.txt,Training_Data_Master,0,True,,437,14,17,test,30,30,drop,42
Training_Data_Master/UTD-0418,Training_Data_Master/UTD-0418.txt,Training_Data_Master,0,True,,91,3,1,train,30,30,drop,42
Training_Data_Master/UTD-0419,Training_Data_Master/UTD-0419.txt,Training_Data_Master,0,True,,250,8,10,train,30,30,drop,42
Training_Data_Master/UTD-0420,Training_Data_Master/UTD-0420.txt,Training_Data_Master,0,True,,1012,33,22,test,30,30,drop,42
Training_Data_Master/UTD-0421,Training_Data_Master/UTD-0421.txt,Training_Data_Master,0,True,,86,2,26,test,30,30,drop,42
Training_Data_Master/UTD-0422,Training_Data_Master/UTD-0422.txt,Training_Data_Master,0,True,,520,17,10,train,30,30,drop,42
Training_Data_Master/UTD-0423,Training_Data_Master/UTD-0423.txt,Training_Data_Master,0,True,,2384,79,14,train,30,30,drop,42
Training_Data_Master/UTD-0424,Training_Data_Master/UTD-0424.txt,Training_Data_Master,0,True,,153,5,3,train,30,30,drop,42
Training_Data_Master/UTD-0425,Training_Data_Master/UTD-0425.txt,Training_Data_Master,0,True,,761,25,11,train,30,30,drop,42
Training_Data_Master/UTD-0426,Training_Data_Master/UTD-0426.txt,Training_Data_Master,0,True,,694,23,4,train,30,30,drop,42
Training_Data_Master/UTD-0427,Training_Data_Master/UTD-0427.txt,Training_Data_Master,0,True,,486,16,6,train,30,30,drop,42
Training_Data_Master/UTD-0428,Training_Data_Master/UTD-0428.txt,Training_Data_Master,0,True,,349,11,19,train,30,30,drop,42
Training_Data_Master/UTD-0429,Training_Data_Master/UTD-0429.txt,Training_Data_Master,0,True,,778,25,28,validation,30,30,drop,42
Training_Data_Master/UTD-0430,Training_Data_Master/UTD-0430.txt,Training_Data_Master,0,True,,171,5,21,test,30,30,drop,42
Training_Data_Master/UTD-0431,Training_Data_Master/UTD-0431.txt,Training_Data_Master,0,True,,159,5,9,test,30,30,drop,42
Training_Data_Master/UTD-0432,Training_Data_Master/UTD-0432.txt,Training_Data_Master,0,True,,267,8,27,train,30,30,drop,42
Training_Data_Master/UTD-0433,Training_Data_Master/UTD-0433.txt,Training_Data_Master,0,True,,1567,52,7,train,30,30,drop,42
Training_Data_Master/UTD-0434,Training_Data_Master/UTD-0434.txt,Training_Data_Master,0,True,,181,6,1,test,30,30,drop,42
Training_Data_Master/UTD-0435,Training_Data_Master/UTD-0435.txt,Training_Data_Master,0,True,,664,22,4,train,30,30,drop,42
Training_Data_Master/UTD-0436,Training_Data_Master/UTD-0436.txt,Training_Data_Master,0,True,,917,30,17,train,30,30,drop,42
Training_Data_Master/UTD-0437,Training_Data_Master/UTD-0437.txt,Training_Data_Master,0,True,,215,7,5,train,30,30,drop,42
Training_Data_Master/UTD-0438,Training_Data_Master/UTD-0438.txt,Training_Data_Master,0,True,,147,4,27,train,30,30,drop,42
Training_Data_Master/UTD-0439,Training_Data_Master/UTD-0439.txt,Training_Data_Master,0,True,,253,8,13,train,30,30,drop,42
Training_Data_Master/UTD-0440,Training_Data_Master/UTD-0440.txt,Training_Data_Master,0,True,,1081,36,1,train,30,30,drop,42
Training_Data_Master/UTD-0441,Training_Data_Master/UTD-0441.txt,Training_Data_Master,0,True,,153,5,3,train,30,30,drop,42
Training_Data_Master/UTD-0442,Training_Data_Master/UTD-0442.txt,Training_Data_Master,0,True,,151,5,1,test,30,30,drop,42
Training_Data_Master/UTD-0443,Training_Data_Master/UTD-0443.txt,Training_Data_Master,0,True,,815,27,5,train,30,30,drop,42
Training_Data_Master/UTD-0444,Training_Data_Master/UTD-0444.txt,Training_Data_Master,0,True,,993,33,3,train,30,30,drop,42
Training_Data_Master/UTD-0445,Training_Data_Master/UTD-0445.txt,Training_Data_Master,0,True,,609,20,9,validation,30,30,drop,42
Training_Data_Master/UTD-0446,Training_Data_Master/UTD-0446.txt,Training_Data_Master,0,True,,1079,35,29,train,30,30,drop,42
Training_Data_Master/UTD-0447,Training_Data_Master/UTD-0447.txt,Training_Data_Master,0,True,,188,6,8,train,30,30,drop,42
Training_Data_Master/UTD-0448,Training_Data_Master/UTD-0448.txt,Training_Data_Master,0,True,,126,4,6,train,30,30,drop,42
Training_Data_Master/UTD-0449,Training_Data_Master/UTD-0449.txt,Training_Data_Master,0,True,,435,14,15,train,30,30,drop,42
Training_Data_Master/UTD-0450,Training_Data_Master/UTD-0450.txt,Training_Data_Master,0,True,,172,5,22,train,30,30,drop,42
Training_Data_Master/UTD-0451,Training_Data_Master/UTD-0451.txt,Training_Data_Master,0,True,,1690,56,10,train,30,30,drop,42
Training_Data_Master/UTD-0452,Training_Data_Master/UTD-0452.txt,Training_Data_Master,0,True,,1263,42,3,test,30,30,drop,42
Training_Data_Master/UTD-0453,Training_Data_Master/UTD-0453.txt,Training_Data_Master,0,True,,222,7,12,validation,30,30,drop,42
Training_Data_Master/UTD-0454,Training_Data_Master/UTD-0454.txt,Training_Data_Master,0,True,,1140,38,0,test,30,30,drop,42
Training_Data_Master/UTD-0455,Training_Data_Master/UTD-0455.txt,Training_Data_Master,0,True,,210,7,0,train,30,30,drop,42
Training_Data_Master/UTD-0456,Training_Data_Master/UTD-0456.txt,Training_Data_Master,0,True,,283,9,13,test,30,30,drop,42
Training_Data_Master/UTD-0457,Training_Data_Master/UTD-0457.txt,Training_Data_Master,0,True,,131,4,11,test,30,30,drop,42
Training_Data_Master/UTD-0458,Training_Data_Master/UTD-0458.txt,Training_Data_Master,0,True,,1183,39,13,test,30,30,drop,42
Training_Data_Master/UTD-0459,Training_Data_Master/UTD-0459.txt,Training_Data_Master,0,True,,315,10,15,validation,30,30,drop,42
Training_Data_Master/UTD-0460,Training_Data_Master/UTD-0460.txt,Training_Data_Master,0,True,,371,12,11,train,30,30,drop,42
Training_Data_Master/UTD-0461,Training_Data_Master/UTD-0461.txt,Training_Data_Master,0,True,,169,5,19,train,30,30,drop,42
Training_Data_Master/UTD-0462,Training_Data_Master/UTD-0462.txt,Training_Data_Master,0,True,,112,3,22,train,30,30,drop,42
Training_Data_Master/UTD-0463,Training_Data_Master/UTD-0463.txt,Training_Data_Master,0,True,,814,27,4,train,30,30,drop,42
Training_Data_Master/UTD-0464,Training_Data_Master/UTD-0464.txt,Training_Data_Master,0,True,,108,3,18,train,30,30,drop,42
Training_Data_Master/UTD-0465,Training_Data_Master/UTD-0465.txt,Training_Data_Master,0,True,,335,11,5,train,30,30,drop,42
Training_Data_Master/UTD-0466,Training_Data_Master/UTD-0466.txt,Training_Data_Master,0,True,,415,13,25,train,30,30,drop,42
Training_Data_Master/UTD-0467,Training_Data_Master/UTD-0467.txt,Training_Data_Master,0,True,,420,14,0,test,30,30,drop,42
Training_Data_Master/UTD-0468,Training_Data_Master/UTD-0468.txt,Training_Data_Master,0,True,,513,17,3,train,30,30,drop,42
Training_Data_Master/UTD-0469,Training_Data_Master/UTD-0469.txt,Training_Data_Master,0,True,,368,12,8,train,30,30,drop,42
Training_Data_Master/UTD-0470,Training_Data_Master/UTD-0470.txt,Training_Data_Master,0,True,,1421,47,11,train,30,30,drop,42
Training_Data_Master/UTD-0471,Training_Data_Master/UTD-0471.txt,Training_Data_Master,0,True,,346,11,16,validation,30,30,drop,42
Training_Data_Master/UTD-0472,Training_Data_Master/UTD-0472.txt,Training_Data_Master,0,True,,305,10,5,train,30,30,drop,42
Training_Data_Master/UTD-0473,Training_Data_Master/UTD-0473.txt,Training_Data_Master,0,True,,652,21,22,train,30,30,drop,42
Training_Data_Master/UTD-0474,Training_Data_Master/UTD-0474.txt,Training_Data_Master,0,True,,410,13,20,train,30,30,drop,42
Training_Data_Master/UTD-0475,Training_Data_Master/UTD-0475.txt,Training_Data_Master,0,True,,245,8,5,train,30,30,drop,42
Training_Data_Master/UTD-0476,Training_Data_Master/UTD-0476.txt,Training_Data_Master,0,True,,1096,36,16,test,30,30,drop,42
Training_Data_Master/UTD-0477,Training_Data_Master/UTD-0477.txt,Training_Data_Master,0,True,,789,26,9,train,30,30,drop,42
Training_Data_Master/UTD-0478,Training_Data_Master/UTD-0478.txt,Training_Data_Master,0,True,,110,3,20,train,30,30,drop,42
Training_Data_Master/UTD-0479,Training_Data_Master/UTD-0479.txt,Training_Data_Master,0,True,,512,17,2,train,30,30,drop,42
Training_Data_Master/UTD-0480,Training_Data_Master/UTD-0480.txt,Training_Data_Master,0,True,,328,10,28,train,30,30,drop,42
Training_Data_Master/UTD-0481,Training_Data_Master/UTD-0481.txt,Training_Data_Master,0,True,,127,4,7,train,30,30,drop,42
Training_Data_Master/UTD-0482,Training_Data_Master/UTD-0482.txt,Training_Data_Master,0,True,,1752,58,12,validation,30,30,drop,42
Training_Data_Master/UTD-0483,Training_Data_Master/UTD-0483.txt,Training_Data_Master,0,True,,184,6,4,train,30,30,drop,42
Training_Data_Master/UTD-0484,Training_Data_Master/UTD-0484.txt,Training_Data_Master,0,True,,91,3,1,train,30,30,drop,42
Training_Data_Master/UTD-0485,Training_Data_Master/UTD-0485.txt,Training_Data_Master,0,True,,183,6,3,train,30,30,drop,42
Training_Data_Master/UTD-0486,Training_Data_Master/UTD-0486.txt,Training_Data_Master,0,True,,440,14,20,train,30,30,drop,42
Training_Data_Master/UTD-0487,Training_Data_Master/UTD-0487.txt,Training_Data_Master,0,True,,752,25,2,train,30,30,drop,42
Training_Data_Master/UTD-0488,Training_Data_Master/UTD-0488.txt,Training_Data_Master,0,True,,99,3,9,train,30,30,drop,42
Training_Data_Master/UTD-0489,Training_Data_Master/UTD-0489.txt,Training_Data_Master,0,True,,378,12,18,train,30,30,drop,42
Training_Data_Master/UTD-0490,Training_Data_Master/UTD-0490.txt,Training_Data_Master,0,True,,514,17,4,train,30,30,drop,42
Training_Data_Master/UTD-0491,Training_Data_Master/UTD-0491.txt,Training_Data_Master,0,True,,118,3,28,test,30,30,drop,42
Training_Data_Master/UTD-0492,Training_Data_Master/UTD-0492.txt,Training_Data_Master,0,True,,159,5,9,train,30,30,drop,42
Training_Data_Master/UTD-0493,Training_Data_Master/UTD-0493.txt,Training_Data_Master,0,True,,197,6,17,train,30,30,drop,42
Training_Data_Master/UTD-0494,Training_Data_Master/UTD-0494.txt,Training_Data_Master,0,True,,122,4,2,train,30,30,drop,42
Training_Data_Master/UTD-0495,Training_Data_Master/UTD-0495.txt,Training_Data_Master,0,True,,477,15,27,train,30,30,drop,42
Training_Data_Master/UTD-0496,Training_Data_Master/UTD-0496.txt,Training_Data_Master,0,True,,289,9,19,train,30,30,drop,42
Training_Data_Master/UTD-0497,Training_Data_Master/UTD-0497.txt,Training_Data_Master,0,True,,301,10,1,train,30,30,drop,42
Training_Data_Master/UTD-0498,Training_Data_Master/UTD-0498.txt,Training_Data_Master,0,True,,1277,42,17,test,30,30,drop,42
Training_Data_Master/UTD-0499,Training_Data_Master/UTD-0499.txt,Training_Data_Master,0,True,,581,19,11,validation,30,30,drop,42
Training_Data_Master/UTD-0500,Training_Data_Master/UTD-0500.txt,Training_Data_Master,0,True,,650,21,20,validation,30,30,drop,42
Training_Data_Master/UTD-0501,Training_Data_Master/UTD-0501.txt,Training_Data_Master,0,True,,141,4,21,train,30,30,drop,42
Training_Data_Master/UTD-0502,Training_Data_Master/UTD-0502.txt,Training_Data_Master,0,True,,277,9,7,train,30,30,drop,42
Training_Data_Master/UTD-0503,Training_Data_Master/UTD-0503.txt,Training_Data_Master,0,True,,400,13,10,test,30,30,drop,42
Training_Data_Master/UTD-0504,Training_Data_Master/UTD-0504.txt,Training_Data_Master,0,True,,264,8,24,train,30,30,drop,42
Training_Data_Master/UTD-0505,Training_Data_Master/UTD-0505.txt,Training_Data_Master,0,True,,492,16,12,train,30,30,drop,42
Training_Data_Master/UTD-0506,Training_Data_Master/UTD-0506.txt,Training_Data_Master,0,True,,724,24,4,train,30,30,drop,42
Training_Data_Master/UTD-0507,Training_Data_Master/UTD-0507.txt,Training_Data_Master,0,True,,403,13,13,validation,30,30,drop,42
Training_Data_Master/UTD-0508,Training_Data_Master/UTD-0508.txt,Training_Data_Master,0,True,,168,5,18,train,30,30,drop,42
Training_Data_Master/UTD-0509,Training_Data_Master/UTD-0509.txt,Training_Data_Master,0,True,,136,4,16,train,30,30,drop,42
Training_Data_Master/UTD-0510,Training_Data_Master/UTD-0510.txt,Training_Data_Master,0,True,,145,4,25,train,30,30,drop,42
Training_Data_Master/UTD-0511,Training_Data_Master/UTD-0511.txt,Training_Data_Master,0,True,,268,8,28,train,30,30,drop,42
Training_Data_Master/UTD-0512,Training_Data_Master/UTD-0512.txt,Training_Data_Master,0,True,,108,3,18,train,30,30,drop,42
Training_Data_Master/UTD-0513,Training_Data_Master/UTD-0513.txt,Training_Data_Master,0,True,,172,5,22,validation,30,30,drop,42
Training_Data_Master/UTD-0514,Training_Data_Master/UTD-0514.txt,Training_Data_Master,0,True,,101,3,11,train,30,30,drop,42
Training_Data_Master/UTD-0515,Training_Data_Master/UTD-0515.txt,Training_Data_Master,0,True,,555,18,15,validation,30,30,drop,42
Training_Data_Master/UTD-0516,Training_Data_Master/UTD-0516.txt,Training_Data_Master,0,True,,1727,57,17,train,30,30,drop,42
Training_Data_Master/UTD-0517,Training_Data_Master/UTD-0517.txt,Training_Data_Master,0,True,,181,6,1,validation,30,30,drop,42
Training_Data_Master/UTD-0518,Training_Data_Master/UTD-0518.txt,Training_Data_Master,0,True,,129,4,9,test,30,30,drop,42
Training_Data_Master/UTD-0519,Training_Data_Master/UTD-0519.txt,Training_Data_Master,0,True,,124,4,4,validation,30,30,drop,42
Training_Data_Master/UTD-0520,Training_Data_Master/UTD-0520.txt,Training_Data_Master,0,True,,119,3,29,test,30,30,drop,42
Training_Data_Master/UTD-0521,Training_Data_Master/UTD-0521.txt,Training_Data_Master,0,True,,273,9,3,train,30,30,drop,42
Training_Data_Master/UTD-0522,Training_Data_Master/UTD-0522.txt,Training_Data_Master,0,True,,138,4,18,train,30,30,drop,42
Training_Data_Master/UTD-0523,Training_Data_Master/UTD-0523.txt,Training_Data_Master,0,True,,134,4,14,test,30,30,drop,42
Training_Data_Master/UTD-0524,Training_Data_Master/UTD-0524.txt,Training_Data_Master,0,True,,102,3,12,train,30,30,drop,42
Training_Data_Master/UTD-0525,Training_Data_Master/UTD-0525.txt,Training_Data_Master,0,True,,998,33,8,train,30,30,drop,42
Training_Data_Master/UTD-0526,Training_Data_Master/UTD-0526.txt,Training_Data_Master,0,True,,192,6,12,train,30,30,drop,42
Training_Data_Master/UTD-0527,Training_Data_Master/UTD-0527.txt,Training_Data_Master,0,True,,275,9,5,train,30,30,drop,42
Training_Data_Master/UTD-0528,Training_Data_Master/UTD-0528.txt,Training_Data_Master,0,True,,143,4,23,train,30,30,drop,42
Training_Data_Master/UTD-0529,Training_Data_Master/UTD-0529.txt,Training_Data_Master,0,True,,106,3,16,train,30,30,drop,42
Training_Data_Master/UTD-0530,Training_Data_Master/UTD-0530.txt,Training_Data_Master,0,True,,1147,38,7,validation,30,30,drop,42
Training_Data_Master/UTD-0531,Training_Data_Master/UTD-0531.txt,Training_Data_Master,0,True,,178,5,28,test,30,30,drop,42
Training_Data_Master/UTD-0532,Training_Data_Master/UTD-0532.txt,Training_Data_Master,0,True,,137,4,17,test,30,30,drop,42
Training_Data_Master/UTD-0533,Training_Data_Master/UTD-0533.txt,Training_Data_Master,0,True,,123,4,3,train,30,30,drop,42
Training_Data_Master/UTD-0534,Training_Data_Master/UTD-0534.txt,Training_Data_Master,0,True,,386,12,26,train,30,30,drop,42
Training_Data_Master/UTD-0535,Training_Data_Master/UTD-0535.txt,Training_Data_Master,0,True,,407,13,17,train,30,30,drop,42
Training_Data_Master/UTD-0536,Training_Data_Master/UTD-0536.txt,Training_Data_Master,0,True,,224,7,14,validation,30,30,drop,42
Training_Data_Master/UTD-0537,Training_Data_Master/UTD-0537.txt,Training_Data_Master,0,True,,110,3,20,validation,30,30,drop,42
Training_Data_Master/UTD-0538,Training_Data_Master/UTD-0538.txt,Training_Data_Master,0,True,,99,3,9,train,30,30,drop,42
Training_Data_Master/UTD-0539,Training_Data_Master/UTD-0539.txt,Training_Data_Master,0,True,,154,5,4,train,30,30,drop,42
Training_Data_Master/UTD-0540,Training_Data_Master/UTD-0540.txt,Training_Data_Master,0,True,,202,6,22,train,30,30,drop,42
Training_Data_Master/UTD-0541,Training_Data_Master/UTD-0541.txt,Training_Data_Master,0,True,,150,5,0,validation,30,30,drop,42
Training_Data_Master/UTD-0542,Training_Data_Master/UTD-0542.txt,Training_Data_Master,0,True,,86,2,26,train,30,30,drop,42
Training_Data_Master/UTD-0543,Training_Data_Master/UTD-0543.txt,Training_Data_Master,0,True,,1468,48,28,train,30,30,drop,42
Training_Data_Master/UTD-0544,Training_Data_Master/UTD-0544.txt,Training_Data_Master,0,True,,321,10,21,train,30,30,drop,42
Training_Data_Master/UTD-0545,Training_Data_Master/UTD-0545.txt,Training_Data_Master,0,True,,140,4,20,train,30,30,drop,42
Training_Data_Master/UTD-0546,Training_Data_Master/UTD-0546.txt,Training_Data_Master,0,True,,1540,51,10,train,30,30,drop,42
Training_Data_Master/UTD-0547,Training_Data_Master/UTD-0547.txt,Training_Data_Master,0,True,,177,5,27,train,30,30,drop,42
Training_Data_Master/UTD-0548,Training_Data_Master/UTD-0548.txt,Training_Data_Master,0,True,,319,10,19,train,30,30,drop,42
Training_Data_Master/UTD-0549,Training_Data_Master/UTD-0549.txt,Training_Data_Master,0,True,,188,6,8,train,30,30,drop,42
Training_Data_Master/UTD-0550,Training_Data_Master/UTD-0550.txt,Training_Data_Master,0,True,,1938,64,18,train,30,30,drop,42
Training_Data_Master/UTD-0551,Training_Data_Master/UTD-0551.txt,Training_Data_Master,0,True,,637,21,7,train,30,30,drop,42
Training_Data_Master/UTD-0552,Training_Data_Master/UTD-0552.txt,Training_Data_Master,0,True,,1405,46,25,train,30,30,drop,42
Training_Data_Master/UTD-0553,Training_Data_Master/UTD-0553.txt,Training_Data_Master,0,True,,269,8,29,train,30,30,drop,42
Training_Data_Master/UTD-0554,Training_Data_Master/UTD-0554.txt,Training_Data_Master,0,True,,238,7,28,train,30,30,drop,42
Training_Data_Master/UTD-0555,Training_Data_Master/UTD-0555.txt,Training_Data_Master,0,True,,305,10,5,train,30,30,drop,42
Training_Data_Master/UTD-0556,Training_Data_Master/UTD-0556.txt,Training_Data_Master,0,True,,291,9,21,train,30,30,drop,42
Training_Data_Master/UTD-0557,Training_Data_Master/UTD-0557.txt,Training_Data_Master,0,True,,1986,66,6,train,30,30,drop,42
Training_Data_Master/UTD-0558,Training_Data_Master/UTD-0558.txt,Training_Data_Master,0,True,,1154,38,14,test,30,30,drop,42
Training_Data_Master/UTD-0559,Training_Data_Master/UTD-0559.txt,Training_Data_Master,0,True,,200,6,20,train,30,30,drop,42
Training_Data_Master/UTD-0560,Training_Data_Master/UTD-0560.txt,Training_Data_Master,0,True,,811,27,1,train,30,30,drop,42
Training_Data_Master/UTD-0561,Training_Data_Master/UTD-0561.txt,Training_Data_Master,0,True,,217,7,7,train,30,30,drop,42
Training_Data_Master/UTD-0562,Training_Data_Master/UTD-0562.txt,Training_Data_Master,0,True,,1881,62,21,train,30,30,drop,42
Training_Data_Master/UTD-0563,Training_Data_Master/UTD-0563.txt,Training_Data_Master,0,True,,835,27,25,train,30,30,drop,42
Training_Data_Master/UTD-0564,Training_Data_Master/UTD-0564.txt,Training_Data_Master,0,True,,255,8,15,train,30,30,drop,42
Training_Data_Master/UTD-0565,Training_Data_Master/UTD-0565.txt,Training_Data_Master,0,True,,1052,35,2,train,30,30,drop,42
Training_Data_Master/UTD-0566,Training_Data_Master/UTD-0566.txt,Training_Data_Master,0,True,,131,4,11,train,30,30,drop,42
Training_Data_Master/UTD-0567,Training_Data_Master/UTD-0567.txt,Training_Data_Master,0,True,,277,9,7,train,30,30,drop,42
Training_Data_Master/UTD-0568,Training_Data_Master/UTD-0568.txt,Training_Data_Master,0,True,,263,8,23,train,30,30,drop,42
Training_Data_Master/UTD-0569,Training_Data_Master/UTD-0569.txt,Training_Data_Master,0,True,,133,4,13,train,30,30,drop,42
Training_Data_Master/UTD-0570,Training_Data_Master/UTD-0570.txt,Training_Data_Master,0,True,,715,23,25,train,30,30,drop,42
Training_Data_Master/UTD-0571,Training_Data_Master/UTD-0571.txt,Training_Data_Master,0,True,,920,30,20,train,30,30,drop,42
Training_Data_Master/UTD-0572,Training_Data_Master/UTD-0572.txt,Training_Data_Master,0,True,,275,9,5,train,30,30,drop,42
Training_Data_Master/UTD-0573,Training_Data_Master/UTD-0573.txt,Training_Data_Master,0,True,,832,27,22,train,30,30,drop,42
Training_Data_Master/UTD-0574,Training_Data_Master/UTD-0574.txt,Training_Data_Master,0,True,,85,2,25,train,30,30,drop,42
Training_Data_Master/UTD-0575,Training_Data_Master/UTD-0575.txt,Training_Data_Master,0,True,,85,2,25,train,30,30,drop,42
Training_Data_Master/UTD-0576,Training_Data_Master/UTD-0576.txt,Training_Data_Master,0,True,,122,4,2,train,30,30,drop,42
Training_Data_Master/UTD-0577,Training_Data_Master/UTD-0577.txt,Training_Data_Master,0,True,,133,4,13,train,30,30,drop,42
Training_Data_Master/UTD-0578,Training_Data_Master/UTD-0578.txt,Training_Data_Master,0,True,,133,4,13,train,30,30,drop,42
Training_Data_Master/UTD-0579,Training_Data_Master/UTD-0579.txt,Training_Data_Master,0,True,,133,4,13,validation,30,30,drop,42
Training_Data_Master/UTD-0580,Training_Data_Master/UTD-0580.txt,Training_Data_Master,0,True,,133,4,13,train,30,30,drop,42
Training_Data_Master/UTD-0581,Training_Data_Master/UTD-0581.txt,Training_Data_Master,0,True,,133,4,13,test,30,30,drop,42
Training_Data_Master/UTD-0582,Training_Data_Master/UTD-0582.txt,Training_Data_Master,0,True,,133,4,13,validation,30,30,drop,42
Training_Data_Master/UTD-0583,Training_Data_Master/UTD-0583.txt,Training_Data_Master,0,True,,133,4,13,train,30,30,drop,42
Training_Data_Master/UTD-0584,Training_Data_Master/UTD-0584.txt,Training_Data_Master,0,True,,133,4,13,train,30,30,drop,42
Training_Data_Master/UTD-0585,Training_Data_Master/UTD-0585.txt,Training_Data_Master,0,True,,447,14,27,train,30,30,drop,42
Training_Data_Master/UTD-0586,Training_Data_Master/UTD-0586.txt,Training_Data_Master,0,True,,127,4,7,test,30,30,drop,42
Training_Data_Master/UTD-0587,Training_Data_Master/UTD-0587.txt,Training_Data_Master,0,True,,129,4,9,train,30,30,drop,42
Training_Data_Master/UTD-0588,Training_Data_Master/UTD-0588.txt,Training_Data_Master,0,True,,129,4,9,train,30,30,drop,42
Training_Data_Master/UTD-0589,Training_Data_Master/UTD-0589.txt,Training_Data_Master,0,True,,207,6,27,train,30,30,drop,42
Training_Data_Master/UTD-0590,Training_Data_Master/UTD-0590.txt,Training_Data_Master,0,True,,192,6,12,train,30,30,drop,42
Training_Data_Master/UTD-0591,Training_Data_Master/UTD-0591.txt,Training_Data_Master,0,True,,137,4,17,train,30,30,drop,42
Training_Data_Master/UTD-0592,Training_Data_Master/UTD-0592.txt,Training_Data_Master,0,True,,155,5,5,test,30,30,drop,42
Training_Data_Master/UTD-0593,Training_Data_Master/UTD-0593.txt,Training_Data_Master,0,True,,111,3,21,test,30,30,drop,42
Training_Data_Master/UTD-0594,Training_Data_Master/UTD-0594.txt,Training_Data_Master,0,True,,198,6,18,validation,30,30,drop,42
Training_Data_Master/UTD-0595,Training_Data_Master/UTD-0595.txt,Training_Data_Master,0,True,,98,3,8,validation,30,30,drop,42
Training_Data_Master/UTD-0596,Training_Data_Master/UTD-0596.txt,Training_Data_Master,0,True,,203,6,23,train,30,30,drop,42
Training_Data_Master/UTD-0597,Training_Data_Master/UTD-0597.txt,Training_Data_Master,0,True,,139,4,19,validation,30,30,drop,42
Training_Data_Master/UTD-0598,Training_Data_Master/UTD-0598.txt,Training_Data_Master,0,True,,122,4,2,train,30,30,drop,42
Training_Data_Master/UTD-0599,Training_Data_Master/UTD-0599.txt,Training_Data_Master,0,True,,119,3,29,train,30,30,drop,42
Training_Data_Master/UTD-0600,Training_Data_Master/UTD-0600.txt,Training_Data_Master,0,True,,161,5,11,train,30,30,drop,42
Training_Data_Master/UTD-0601,Training_Data_Master/UTD-0601.txt,Training_Data_Master,0,True,,156,5,6,train,30,30,drop,42
Training_Data_Master/UTD-0602,Training_Data_Master/UTD-0602.txt,Training_Data_Master,0,True,,93,3,3,train,30,30,drop,42
Training_Data_Master/UTD-0603,Training_Data_Master/UTD-0603.txt,Training_Data_Master,0,True,,98,3,8,train,30,30,drop,42
Training_Data_Master/UTD-0604,Training_Data_Master/UTD-0604.txt,Training_Data_Master,0,True,,191,6,11,train,30,30,drop,42
Training_Data_Master/UTD-0605,Training_Data_Master/UTD-0605.txt,Training_Data_Master,0,True,,105,3,15,test,30,30,drop,42
Training_Data_Master/UTD-0606,Training_Data_Master/UTD-0606.txt,Training_Data_Master,0,True,,211,7,1,train,30,30,drop,42
Training_Data_Master/UTD-0607,Training_Data_Master/UTD-0607.txt,Training_Data_Master,0,True,,110,3,20,train,30,30,drop,42
Training_Data_Master/UTD-0608,Training_Data_Master/UTD-0608.txt,Training_Data_Master,0,True,,251,8,11,train,30,30,drop,42
Training_Data_Master/UTD-0609,Training_Data_Master/UTD-0609.txt,Training_Data_Master,0,True,,98,3,8,train,30,30,drop,42
Training_Data_Master/UTD-0610,Training_Data_Master/UTD-0610.txt,Training_Data_Master,0,True,,144,4,24,test,30,30,drop,42
Training_Data_Master/UTD-0611,Training_Data_Master/UTD-0611.txt,Training_Data_Master,0,True,,111,3,21,train,30,30,drop,42
Training_Data_Master/UTD-0612,Training_Data_Master/UTD-0612.txt,Training_Data_Master,0,True,,238,7,28,train,30,30,drop,42
Training_Data_Master/UTD-0613,Training_Data_Master/UTD-0613.txt,Training_Data_Master,0,True,,988,32,28,test,30,30,drop,42
Training_Data_Master/UTD-0614,Training_Data_Master/UTD-0614.txt,Training_Data_Master,0,True,,211,7,1,train,30,30,drop,42
Training_Data_Master/UTD-0615,Training_Data_Master/UTD-0615.txt,Training_Data_Master,0,True,,116,3,26,validation,30,30,drop,42
Training_Data_Master/UTD-0616,Training_Data_Master/UTD-0616.txt,Training_Data_Master,0,True,,98,3,8,train,30,30,drop,42
Training_Data_Master/UTD-0617,Training_Data_Master/UTD-0617.txt,Training_Data_Master,0,True,,503,16,23,train,30,30,drop,42
Training_Data_Master/UTD-0618,Training_Data_Master/UTD-0618.txt,Training_Data_Master,0,True,,94,3,4,test,30,30,drop,42
Training_Data_Master/UTD-0619,Training_Data_Master/UTD-0619.txt,Training_Data_Master,0,True,,168,5,18,train,30,30,drop,42
Training_Data_Master/UTD-0620,Training_Data_Master/UTD-0620.txt,Training_Data_Master,0,True,,214,7,4,test,30,30,drop,42
Training_Data_Master/UTD-0621,Training_Data_Master/UTD-0621.txt,Training_Data_Master,0,True,,326,10,26,train,30,30,drop,42
Training_Data_Master/UTD-0622,Training_Data_Master/UTD-0622.txt,Training_Data_Master,0,True,,116,3,26,test,30,30,drop,42
Training_Data_Master/UTD-0623,Training_Data_Master/UTD-0623.txt,Training_Data_Master,0,True,,465,15,15,test,30,30,drop,42
Training_Data_Master/UTD-0624,Training_Data_Master/UTD-0624.txt,Training_Data_Master,0,True,,267,8,27,test,30,30,drop,42
Training_Data_Master/UTD-0625,Training_Data_Master/UTD-0625.txt,Training_Data_Master,0,True,,470,15,20,test,30,30,drop,42
Training_Data_Master/UTD-0626,Training_Data_Master/UTD-0626.txt,Training_Data_Master,0,True,,768,25,18,validation,30,30,drop,42
Training_Data_Master/UTD-0627,Training_Data_Master/UTD-0627.txt,Training_Data_Master,0,True,,214,7,4,train,30,30,drop,42
Training_Data_Master/UTD-0628,Training_Data_Master/UTD-0628.txt,Training_Data_Master,0,True,,513,17,3,train,30,30,drop,42
Training_Data_Master/UTD-0629,Training_Data_Master/UTD-0629.txt,Training_Data_Master,0,True,,246,8,6,test,30,30,drop,42
Training_Data_Master/UTD-0630,Training_Data_Master/UTD-0630.txt,Training_Data_Master,0,True,,164,5,14,train,30,30,drop,42
Training_Data_Master/UTD-0631,Training_Data_Master/UTD-0631.txt,Training_Data_Master,0,True,,1304,43,14,train,30,30,drop,42
Training_Data_Master/UTD-0632,Training_Data_Master/UTD-0632.txt,Training_Data_Master,0,True,,171,5,21,train,30,30,drop,42
Training_Data_Master/UTD-0633,Training_Data_Master/UTD-0633.txt,Training_Data_Master,0,True,,259,8,19,train,30,30,drop,42
Training_Data_Master/UTD-0634,Training_Data_Master/UTD-0634.txt,Training_Data_Master,0,True,,317,10,17,train,30,30,drop,42
Training_Data_Master/UTD-0635,Training_Data_Master/UTD-0635.txt,Training_Data_Master,0,True,,88,2,28,train,30,30,drop,42
Training_Data_Master/UTD-0636,Training_Data_Master/UTD-0636.txt,Training_Data_Master,0,True,,202,6,22,train,30,30,drop,42
Training_Data_Master/UTD-0637,Training_Data_Master/UTD-0637.txt,Training_Data_Master,0,True,,1017,33,27,train,30,30,drop,42
Training_Data_Master/UTD-0638,Training_Data_Master/UTD-0638.txt,Training_Data_Master,0,True,,116,3,26,train,30,30,drop,42
Training_Data_Master/UTD-0639,Training_Data_Master/UTD-0639.txt,Training_Data_Master,0,True,,264,8,24,validation,30,30,drop,42
Training_Data_Master/UTD-0640,Training_Data_Master/UTD-0640.txt,Training_Data_Master,0,True,,110,3,20,train,30,30,drop,42
Training_Data_Master/UTD-0641,Training_Data_Master/UTD-0641.txt,Training_Data_Master,0,True,,92,3,2,train,30,30,drop,42
Training_Data_Master/UTD-0642,Training_Data_Master/UTD-0642.txt,Training_Data_Master,0,True,,329,10,29,validation,30,30,drop,42
Training_Data_Master/UTD-0643,Training_Data_Master/UTD-0643.txt,Training_Data_Master,0,True,,284,9,14,train,30,30,drop,42
Training_Data_Master/UTD-0644,Training_Data_Master/UTD-0644.txt,Training_Data_Master,0,True,,190,6,10,test,30,30,drop,42
Training_Data_Master/UTD-0645,Training_Data_Master/UTD-0645.txt,Training_Data_Master,0,True,,634,21,4,train,30,30,drop,42
Training_Data_Master/UTD-0646,Training_Data_Master/UTD-0646.txt,Training_Data_Master,0,True,,121,4,1,train,30,30,drop,42
Training_Data_Master/UTD-0647,Training_Data_Master/UTD-0647.txt,Training_Data_Master,0,True,,456,15,6,train,30,30,drop,42
Training_Data_Master/UTD-0648,Training_Data_Master/UTD-0648.txt,Training_Data_Master,0,True,,121,4,1,train,30,30,drop,42
Training_Data_Master/UTD-0649,Training_Data_Master/UTD-0649.txt,Training_Data_Master,0,True,,200,6,20,train,30,30,drop,42
Training_Data_Master/UTD-0650,Training_Data_Master/UTD-0650.txt,Training_Data_Master,0,True,,187,6,7,train,30,30,drop,42
Training_Data_Master/UTD-0651,Training_Data_Master/UTD-0651.txt,Training_Data_Master,0,True,,233,7,23,train,30,30,drop,42
Training_Data_Master/UTD-0652,Training_Data_Master/UTD-0652.txt,Training_Data_Master,0,True,,1113,37,3,test,30,30,drop,42
Training_Data_Master/UTD-0653,Training_Data_Master/UTD-0653.txt,Training_Data_Master,0,True,,99,3,9,train,30,30,drop,42
Training_Data_Master/UTD-0654,Training_Data_Master/UTD-0654.txt,Training_Data_Master,0,True,,94,3,4,train,30,30,drop,42
Training_Data_Master/UTD-0655,Training_Data_Master/UTD-0655.txt,Training_Data_Master,0,True,,125,4,5,validation,30,30,drop,42
Training_Data_Master/UTD-0656,Training_Data_Master/UTD-0656.txt,Training_Data_Master,0,True,,228,7,18,train,30,30,drop,42
Training_Data_Master/UTD-0657,Training_Data_Master/UTD-0657.txt,Training_Data_Master,0,True,,355,11,25,test,30,30,drop,42
Training_Data_Master/UTD-0658,Training_Data_Master/UTD-0658.txt,Training_Data_Master,0,True,,135,4,15,train,30,30,drop,42
Training_Data_Master/UTD-0659,Training_Data_Master/UTD-0659.txt,Training_Data_Master,0,True,,138,4,18,train,30,30,drop,42
Training_Data_Master/UTD-0660,Training_Data_Master/UTD-0660.txt,Training_Data_Master,0,True,,171,5,21,train,30,30,drop,42
Training_Data_Master/UTD-0661,Training_Data_Master/UTD-0661.txt,Training_Data_Master,0,True,,191,6,11,test,30,30,drop,42
Training_Data_Master/UTD-0662,Training_Data_Master/UTD-0662.txt,Training_Data_Master,0,True,,95,3,5,train,30,30,drop,42
Training_Data_Master/UTD-0663,Training_Data_Master/UTD-0663.txt,Training_Data_Master,0,True,,130,4,10,validation,30,30,drop,42
Training_Data_Master/UTD-0664,Training_Data_Master/UTD-0664.txt,Training_Data_Master,0,True,,115,3,25,test,30,30,drop,42
Training_Data_Master/UTD-0665,Training_Data_Master/UTD-0665.txt,Training_Data_Master,0,True,,135,4,15,train,30,30,drop,42
Training_Data_Master/UTD-0666,Training_Data_Master/UTD-0666.txt,Training_Data_Master,0,True,,113,3,23,test,30,30,drop,42
Training_Data_Master/UTD-0667,Training_Data_Master/UTD-0667.txt,Training_Data_Master,0,True,,252,8,12,train,30,30,drop,42
Training_Data_Master/UTD-0668,Training_Data_Master/UTD-0668.txt,Training_Data_Master,0,True,,297,9,27,train,30,30,drop,42
Training_Data_Master/UTD-0669,Training_Data_Master/UTD-0669.txt,Training_Data_Master,0,True,,248,8,8,validation,30,30,drop,42
Training_Data_Master/UTD-0670,Training_Data_Master/UTD-0670.txt,Training_Data_Master,0,True,,706,23,16,train,30,30,drop,42
Training_Data_Master/UTD-0671,Training_Data_Master/UTD-0671.txt,Training_Data_Master,0,True,,121,4,1,train,30,30,drop,42
Training_Data_Master/UTD-0672,Training_Data_Master/UTD-0672.txt,Training_Data_Master,0,True,,468,15,18,train,30,30,drop,42
Training_Data_Master/UTD-0673,Training_Data_Master/UTD-0673.txt,Training_Data_Master,0,True,,118,3,28,test,30,30,drop,42
Training_Data_Master/UTD-0674,Training_Data_Master/UTD-0674.txt,Training_Data_Master,0,True,,201,6,21,train,30,30,drop,42
Training_Data_Master/UTD-0675,Training_Data_Master/UTD-0675.txt,Training_Data_Master,0,True,,188,6,8,train,30,30,drop,42
Training_Data_Master/UTD-0676,Training_Data_Master/UTD-0676.txt,Training_Data_Master,0,True,,143,4,23,train,30,30,drop,42
Training_Data_Master/UTD-0677,Training_Data_Master/UTD-0677.txt,Training_Data_Master,0,True,,302,10,2,validation,30,30,drop,42
Training_Data_Master/UTD-0678,Training_Data_Master/UTD-0678.txt,Training_Data_Master,0,True,,91,3,1,test,30,30,drop,42
Training_Data_Master/UTD-0679,Training_Data_Master/UTD-0679.txt,Training_Data_Master,0,True,,104,3,14,train,30,30,drop,42
Training_Data_Master/UTD-0680,Training_Data_Master/UTD-0680.txt,Training_Data_Master,0,True,,292,9,22,train,30,30,drop,42
Training_Data_Master/UTD-0681,Training_Data_Master/UTD-0681.txt,Training_Data_Master,0,True,,189,6,9,validation,30,30,drop,42
Training_Data_Master/UTD-0682,Training_Data_Master/UTD-0682.txt,Training_Data_Master,0,True,,370,12,10,train,30,30,drop,42
Training_Data_Master/UTD-0683,Training_Data_Master/UTD-0683.txt,Training_Data_Master,0,True,,633,21,3,test,30,30,drop,42
Training_Data_Master/UTD-0684,Training_Data_Master/UTD-0684.txt,Training_Data_Master,0,True,,121,4,1,validation,30,30,drop,42
Training_Data_Master/UTD-0685,Training_Data_Master/UTD-0685.txt,Training_Data_Master,0,True,,674,22,14,validation,30,30,drop,42
Training_Data_Master/UTD-0686,Training_Data_Master/UTD-0686.txt,Training_Data_Master,0,True,,102,3,12,validation,30,30,drop,42
Training_Data_Master/UTD-0687,Training_Data_Master/UTD-0687.txt,Training_Data_Master,0,True,,718,23,28,test,30,30,drop,42
Training_Data_Master/UTD-0688,Training_Data_Master/UTD-0688.txt,Training_Data_Master,0,True,,93,3,3,train,30,30,drop,42
Training_Data_Master/UTD-0689,Training_Data_Master/UTD-0689.txt,Training_Data_Master,0,True,,267,8,27,train,30,30,drop,42
Training_Data_Master/UTD-0690,Training_Data_Master/UTD-0690.txt,Training_Data_Master,0,True,,151,5,1,train,30,30,drop,42
Training_Data_Master/UTD-0691,Training_Data_Master/UTD-0691.txt,Training_Data_Master,0,True,,390,13,0,train,30,30,drop,42
Training_Data_Master/UTD-0692,Training_Data_Master/UTD-0692.txt,Training_Data_Master,0,True,,171,5,21,train,30,30,drop,42
Training_Data_Master/UTD-0693,Training_Data_Master/UTD-0693.txt,Training_Data_Master,0,True,,166,5,16,train,30,30,drop,42
Training_Data_Master/UTD-0694,Training_Data_Master/UTD-0694.txt,Training_Data_Master,0,True,,120,4,0,train,30,30,drop,42
Training_Data_Master/UTD-0695,Training_Data_Master/UTD-0695.txt,Training_Data_Master,0,True,,102,3,12,train,30,30,drop,42
Training_Data_Master/UTD-0696,Training_Data_Master/UTD-0696.txt,Training_Data_Master,0,True,,92,3,2,validation,30,30,drop,42
Training_Data_Master/UTD-0697,Training_Data_Master/UTD-0697.txt,Training_Data_Master,0,True,,131,4,11,train,30,30,drop,42
Training_Data_Master/UTD-0698,Training_Data_Master/UTD-0698.txt,Training_Data_Master,0,True,,151,5,1,validation,30,30,drop,42
Training_Data_Master/UTD-0699,Training_Data_Master/UTD-0699.txt,Training_Data_Master,0,True,,102,3,12,train,30,30,drop,42
Training_Data_Master/UTD-0700,Training_Data_Master/UTD-0700.txt,Training_Data_Master,0,True,,120,4,0,validation,30,30,drop,42
Training_Data_Master/UTD-0701,Training_Data_Master/UTD-0701.txt,Training_Data_Master,0,True,,823,27,13,train,30,30,drop,42
Training_Data_Master/UTD-0702,Training_Data_Master/UTD-0702.txt,Training_Data_Master,0,True,,107,3,17,train,30,30,drop,42
Training_Data_Master/UTD-0703,Training_Data_Master/UTD-0703.txt,Training_Data_Master,0,True,,151,5,1,train,30,30,drop,42
Training_Data_Master/UTD-0704,Training_Data_Master/UTD-0704.txt,Training_Data_Master,0,True,,341,11,11,train,30,30,drop,42
Training_Data_Master/UTD-0705,Training_Data_Master/UTD-0705.txt,Training_Data_Master,0,True,,107,3,17,train,30,30,drop,42
Training_Data_Master/UTD-0706,Training_Data_Master/UTD-0706.txt,Training_Data_Master,0,True,,192,6,12,train,30,30,drop,42
Training_Data_Master/UTD-0707,Training_Data_Master/UTD-0707.txt,Training_Data_Master,0,True,,406,13,16,validation,30,30,drop,42
Training_Data_Master/UTD-0708,Training_Data_Master/UTD-0708.txt,Training_Data_Master,0,True,,132,4,12,train,30,30,drop,42
Training_Data_Master/UTD-0709,Training_Data_Master/UTD-0709.txt,Training_Data_Master,0,True,,213,7,3,train,30,30,drop,42
Training_Data_Master/UTD-0710,Training_Data_Master/UTD-0710.txt,Training_Data_Master,0,True,,131,4,11,test,30,30,drop,42
Training_Data_Master/UTD-0711,Training_Data_Master/UTD-0711.txt,Training_Data_Master,0,True,,765,25,15,train,30,30,drop,42
Training_Data_Master/UTD-0712,Training_Data_Master/UTD-0712.txt,Training_Data_Master,0,True,,263,8,23,train,30,30,drop,42
Training_Data_Master/UTD-0713,Training_Data_Master/UTD-0713.txt,Training_Data_Master,0,True,,194,6,14,test,30,30,drop,42
Training_Data_Master/UTD-0714,Training_Data_Master/UTD-0714.txt,Training_Data_Master,0,True,,93,3,3,train,30,30,drop,42
Training_Data_Master/UTD-0715,Training_Data_Master/UTD-0715.txt,Training_Data_Master,0,True,,374,12,14,train,30,30,drop,42
Training_Data_Master/UTD-0716,Training_Data_Master/UTD-0716.txt,Training_Data_Master,0,True,,202,6,22,train,30,30,drop,42
Training_Data_Master/UTD-0717,Training_Data_Master/UTD-0717.txt,Training_Data_Master,0,True,,188,6,8,train,30,30,drop,42
Training_Data_Master/UTD-0718,Training_Data_Master/UTD-0718.txt,Training_Data_Master,0,True,,801,26,21,train,30,30,drop,42
Training_Data_Master/UTD-0719,Training_Data_Master/UTD-0719.txt,Training_Data_Master,0,True,,145,4,25,train,30,30,drop,42
Training_Data_Master/UTD-0720,Training_Data_Master/UTD-0720.txt,Training_Data_Master,0,True,,1106,36,26,test,30,30,drop,42
Training_Data_Master/UTD-0721,Training_Data_Master/UTD-0721.txt,Training_Data_Master,0,True,,210,7,0,test,30,30,drop,42
Training_Data_Master/UTD-0722,Training_Data_Master/UTD-0722.txt,Training_Data_Master,0,True,,211,7,1,train,30,30,drop,42
Training_Data_Master/UTD-0723,Training_Data_Master/UTD-0723.txt,Training_Data_Master,0,True,,116,3,26,train,30,30,drop,42
Training_Data_Master/UTD-0724,Training_Data_Master/UTD-0724.txt,Training_Data_Master,0,True,,226,7,16,train,30,30,drop,42
Training_Data_Master/UTD-0725,Training_Data_Master/UTD-0725.txt,Training_Data_Master,0,True,,316,10,16,test,30,30,drop,42
Training_Data_Master/UTD-0726,Training_Data_Master/UTD-0726.txt,Training_Data_Master,0,True,,123,4,3,train,30,30,drop,42
Training_Data_Master/UTD-0727,Training_Data_Master/UTD-0727.txt,Training_Data_Master,0,True,,110,3,20,train,30,30,drop,42
Training_Data_Master/UTD-0728,Training_Data_Master/UTD-0728.txt,Training_Data_Master,0,True,,161,5,11,train,30,30,drop,42
Training_Data_Master/UTD-0729,Training_Data_Master/UTD-0729.txt,Training_Data_Master,0,True,,276,9,6,train,30,30,drop,42
Training_Data_Master/UTD-0730,Training_Data_Master/UTD-0730.txt,Training_Data_Master,0,True,,94,3,4,train,30,30,drop,42
Training_Data_Master/UTD-0731,Training_Data_Master/UTD-0731.txt,Training_Data_Master,0,True,,137,4,17,train,30,30,drop,42
Training_Data_Master/UTD-0732,Training_Data_Master/UTD-0732.txt,Training_Data_Master,0,True,,181,6,1,train,30,30,drop,42
Training_Data_Master/UTD-0733,Training_Data_Master/UTD-0733.txt,Training_Data_Master,0,True,,186,6,6,train,30,30,drop,42
Training_Data_Master/UTD-0734,Training_Data_Master/UTD-0734.txt,Training_Data_Master,0,True,,584,19,14,train,30,30,drop,42
Training_Data_Master/UTD-0735,Training_Data_Master/UTD-0735.txt,Training_Data_Master,0,True,,115,3,25,train,30,30,drop,42
Training_Data_Master/UTD-0736,Training_Data_Master/UTD-0736.txt,Training_Data_Master,0,True,,1172,39,2,test,30,30,drop,42
Training_Data_Master/UTD-0737,Training_Data_Master/UTD-0737.txt,Training_Data_Master,0,True,,104,3,14,train,30,30,drop,42
Training_Data_Master/UTD-0738,Training_Data_Master/UTD-0738.txt,Training_Data_Master,0,True,,90,3,0,train,30,30,drop,42
Training_Data_Master/UTD-0739,Training_Data_Master/UTD-0739.txt,Training_Data_Master,0,True,,110,3,20,train,30,30,drop,42
Training_Data_Master/UTD-0740,Training_Data_Master/UTD-0740.txt,Training_Data_Master,0,True,,110,3,20,train,30,30,drop,42
Training_Data_Master/UTD-0741,Training_Data_Master/UTD-0741.txt,Training_Data_Master,0,True,,110,3,20,train,30,30,drop,42
Training_Data_Master/UTD-0742,Training_Data_Master/UTD-0742.txt,Training_Data_Master,0,True,,110,3,20,train,30,30,drop,42
Training_Data_Master/UTD-0743,Training_Data_Master/UTD-0743.txt,Training_Data_Master,0,True,,327,10,27,train,30,30,drop,42
Training_Data_Master/UTD-0744,Training_Data_Master/UTD-0744.txt,Training_Data_Master,0,True,,183,6,3,test,30,30,drop,42
Training_Data_Master/UTD-0745,Training_Data_Master/UTD-0745.txt,Training_Data_Master,0,True,,110,3,20,train,30,30,drop,42
Training_Data_Master/UTD-0746,Training_Data_Master/UTD-0746.txt,Training_Data_Master,0,True,,110,3,20,train,30,30,drop,42
Training_Data_Master/UTD-0747,Training_Data_Master/UTD-0747.txt,Training_Data_Master,0,True,,311,10,11,train,30,30,drop,42
Training_Data_Master/UTD-0748,Training_Data_Master/UTD-0748.txt,Training_Data_Master,0,True,,165,5,15,train,30,30,drop,42
Training_Data_Master/UTD-0749,Training_Data_Master/UTD-0749.txt,Training_Data_Master,0,True,,115,3,25,train,30,30,drop,42
Training_Data_Master/UTD-0750,Training_Data_Master/UTD-0750.txt,Training_Data_Master,0,True,,402,13,12,train,30,30,drop,42
Training_Data_Master/UTD-0751,Training_Data_Master/UTD-0751.txt,Training_Data_Master,0,True,,316,10,16,train,30,30,drop,42
Training_Data_Master/UTD-0752,Training_Data_Master/UTD-0752.txt,Training_Data_Master,0,True,,853,28,13,test,30,30,drop,42
Training_Data_Master/UTD-0753,Training_Data_Master/UTD-0753.txt,Training_Data_Master,0,True,,181,6,1,train,30,30,drop,42
Training_Data_Master/UTD-0754,Training_Data_Master/UTD-0754.txt,Training_Data_Master,0,True,,1330,44,10,train,30,30,drop,42
Training_Data_Master/UTD-0755,Training_Data_Master/UTD-0755.txt,Training_Data_Master,0,True,,371,12,11,train,30,30,drop,42
Training_Data_Master/UTD-0756,Training_Data_Master/UTD-0756.txt,Training_Data_Master,0,True,,187,6,7,train,30,30,drop,42
Training_Data_Master/UTD-0757,Training_Data_Master/UTD-0757.txt,Training_Data_Master,0,True,,144,4,24,train,30,30,drop,42
Training_Data_Master/UTD-0758,Training_Data_Master/UTD-0758.txt,Training_Data_Master,0,True,,162,5,12,test,30,30,drop,42
Training_Data_Master/UTD-0759,Training_Data_Master/UTD-0759.txt,Training_Data_Master,0,True,,630,21,0,train,30,30,drop,42
Training_Data_Master/UTD-0760,Training_Data_Master/UTD-0760.txt,Training_Data_Master,0,True,,441,14,21,train,30,30,drop,42
Training_Data_Master/UTD-0761,Training_Data_Master/UTD-0761.txt,Training_Data_Master,0,True,,422,14,2,train,30,30,drop,42
Training_Data_Master/UTD-0762,Training_Data_Master/UTD-0762.txt,Training_Data_Master,0,True,,513,17,3,train,30,30,drop,42
Training_Data_Master/UTD-0763,Training_Data_Master/UTD-0763.txt,Training_Data_Master,0,True,,110,3,20,train,30,30,drop,42
Training_Data_Master/UTD-0764,Training_Data_Master/UTD-0764.txt,Training_Data_Master,0,True,,246,8,6,validation,30,30,drop,42
Training_Data_Master/UTD-0765,Training_Data_Master/UTD-0765.txt,Training_Data_Master,0,True,,128,4,8,train,30,30,drop,42
Training_Data_Master/UTD-0766,Training_Data_Master/UTD-0766.txt,Training_Data_Master,0,True,,1508,50,8,validation,30,30,drop,42
Training_Data_Master/UTD-0767,Training_Data_Master/UTD-0767.txt,Training_Data_Master,0,True,,152,5,2,train,30,30,drop,42
Training_Data_Master/UTD-0768,Training_Data_Master/UTD-0768.txt,Training_Data_Master,0,True,,876,29,6,train,30,30,drop,42
Training_Data_Master/UTD-0769,Training_Data_Master/UTD-0769.txt,Training_Data_Master,0,True,,300,10,0,validation,30,30,drop,42
Training_Data_Master/UTD-0770,Training_Data_Master/UTD-0770.txt,Training_Data_Master,0,True,,198,6,18,test,30,30,drop,42
Training_Data_Master/UTD-0771,Training_Data_Master/UTD-0771.txt,Training_Data_Master,0,True,,243,8,3,test,30,30,drop,42
Training_Data_Master/UTD-0772,Training_Data_Master/UTD-0772.txt,Training_Data_Master,0,True,,155,5,5,train,30,30,drop,42
Training_Data_Master/UTD-0773,Training_Data_Master/UTD-0773.txt,Training_Data_Master,0,True,,96,3,6,train,30,30,drop,42
Training_Data_Master/UTD-0774,Training_Data_Master/UTD-0774.txt,Training_Data_Master,0,True,,234,7,24,train,30,30,drop,42
Training_Data_Master/UTD-0775,Training_Data_Master/UTD-0775.txt,Training_Data_Master,0,True,,272,9,2,validation,30,30,drop,42
Training_Data_Master/UTD-0776,Training_Data_Master/UTD-0776.txt,Training_Data_Master,0,True,,194,6,14,test,30,30,drop,42
Training_Data_Master/UTD-0777,Training_Data_Master/UTD-0777.txt,Training_Data_Master,0,True,,379,12,19,train,30,30,drop,42
Training_Data_Master/UTD-0778,Training_Data_Master/UTD-0778.txt,Training_Data_Master,0,True,,273,9,3,test,30,30,drop,42
Training_Data_Master/UTD-0779,Training_Data_Master/UTD-0779.txt,Training_Data_Master,0,True,,124,4,4,train,30,30,drop,42
Training_Data_Master/UTD-0780,Training_Data_Master/UTD-0780.txt,Training_Data_Master,0,True,,250,8,10,test,30,30,drop,42
Training_Data_Master/UTD-0781,Training_Data_Master/UTD-0781.txt,Training_Data_Master,0,True,,181,6,1,train,30,30,drop,42
Training_Data_Master/UTD-0782,Training_Data_Master/UTD-0782.txt,Training_Data_Master,0,True,,178,5,28,train,30,30,drop,42
Training_Data_Master/UTD-0783,Training_Data_Master/UTD-0783.txt,Training_Data_Master,0,True,,216,7,6,test,30,30,drop,42
Training_Data_Master/UTD-0784,Training_Data_Master/UTD-0784.txt,Training_Data_Master,0,True,,188,6,8,test,30,30,drop,42
Training_Data_Master/UTD-0785,Training_Data_Master/UTD-0785.txt,Training_Data_Master,0,True,,161,5,11,train,30,30,drop,42
Training_Data_Master/UTD-0786,Training_Data_Master/UTD-0786.txt,Training_Data_Master,0,True,,232,7,22,train,30,30,drop,42
Training_Data_Master/UTD-0787,Training_Data_Master/UTD-0787.txt,Training_Data_Master,0,True,,269,8,29,validation,30,30,drop,42
Training_Data_Master/UTD-0788,Training_Data_Master/UTD-0788.txt,Training_Data_Master,0,True,,128,4,8,train,30,30,drop,42
Training_Data_Master/UTD-0789,Training_Data_Master/UTD-0789.txt,Training_Data_Master,0,True,,179,5,29,validation,30,30,drop,42
Training_Data_Master/UTD-0790,Training_Data_Master/UTD-0790.txt,Training_Data_Master,0,True,,177,5,27,train,30,30,drop,42
Training_Data_Master/UTD-0791,Training_Data_Master/UTD-0791.txt,Training_Data_Master,0,True,,251,8,11,train,30,30,drop,42
Training_Data_Master/UTD-0792,Training_Data_Master/UTD-0792.txt,Training_Data_Master,0,True,,140,4,20,train,30,30,drop,42
Training_Data_Master/UTD-0793,Training_Data_Master/UTD-0793.txt,Training_Data_Master,0,True,,181,6,1,test,30,30,drop,42
Training_Data_Master/UTD-0794,Training_Data_Master/UTD-0794.txt,Training_Data_Master,0,True,,152,5,2,train,30,30,drop,42
Training_Data_Master/UTD-0795,Training_Data_Master/UTD-0795.txt,Training_Data_Master,0,True,,683,22,23,train,30,30,drop,42
Training_Data_Master/UTD-0796,Training_Data_Master/UTD-0796.txt,Training_Data_Master,0,True,,175,5,25,test,30,30,drop,42
Training_Data_Master/UTD-0797,Training_Data_Master/UTD-0797.txt,Training_Data_Master,0,True,,110,3,20,train,30,30,drop,42
Training_Data_Master/UTD-0798,Training_Data_Master/UTD-0798.txt,Training_Data_Master,0,True,,139,4,19,validation,30,30,drop,42
Training_Data_Master/UTD-0799,Training_Data_Master/UTD-0799.txt,Training_Data_Master,0,True,,444,14,24,train,30,30,drop,42
Training_Data_Master/UTD-0800,Training_Data_Master/UTD-0800.txt,Training_Data_Master,0,True,,284,9,14,train,30,30,drop,42
Training_Data_Master/UTD-0801,Training_Data_Master/UTD-0801.txt,Training_Data_Master,0,True,,110,3,20,validation,30,30,drop,42
Training_Data_Master/UTD-0802,Training_Data_Master/UTD-0802.txt,Training_Data_Master,0,True,,144,4,24,train,30,30,drop,42
Training_Data_Master/UTD-0803,Training_Data_Master/UTD-0803.txt,Training_Data_Master,0,True,,302,10,2,train,30,30,drop,42
Training_Data_Master/UTD-0804,Training_Data_Master/UTD-0804.txt,Training_Data_Master,0,True,,288,9,18,train,30,30,drop,42
Training_Data_Master/UTD-0805,Training_Data_Master/UTD-0805.txt,Training_Data_Master,0,True,,139,4,19,validation,30,30,drop,42
Training_Data_Master/UTD-0806,Training_Data_Master/UTD-0806.txt,Training_Data_Master,0,True,,184,6,4,train,30,30,drop,42
Training_Data_Master/UTD-0807,Training_Data_Master/UTD-0807.txt,Training_Data_Master,0,True,,158,5,8,train,30,30,drop,42
Training_Data_Master/UTD-0808,Training_Data_Master/UTD-0808.txt,Training_Data_Master,0,True,,105,3,15,train,30,30,drop,42
Training_Data_Master/UTD-0809,Training_Data_Master/UTD-0809.txt,Training_Data_Master,0,True,,737,24,17,train,30,30,drop,42
Training_Data_Master/UTD-0810,Training_Data_Master/UTD-0810.txt,Training_Data_Master,0,True,,275,9,5,train,30,30,drop,42
Training_Data_Master/UTD-0811,Training_Data_Master/UTD-0811.txt,Training_Data_Master,0,True,,303,10,3,train,30,30,drop,42
Training_Data_Master/UTD-0812,Training_Data_Master/UTD-0812.txt,Training_Data_Master,0,True,,95,3,5,train,30,30,drop,42
Training_Data_Master/UTD-0813,Training_Data_Master/UTD-0813.txt,Training_Data_Master,0,True,,85,2,25,train,30,30,drop,42
Training_Data_Master/UTD-0814,Training_Data_Master/UTD-0814.txt,Training_Data_Master,0,True,,231,7,21,train,30,30,drop,42
Training_Data_Master/UTD-0815,Training_Data_Master/UTD-0815.txt,Training_Data_Master,0,True,,326,10,26,train,30,30,drop,42
Training_Data_Master/UTD-0816,Training_Data_Master/UTD-0816.txt,Training_Data_Master,0,True,,634,21,4,test,30,30,drop,42
Training_Data_Master/UTD-0817,Training_Data_Master/UTD-0817.txt,Training_Data_Master,0,True,,385,12,25,train,30,30,drop,42
Training_Data_Master/UTD-0818,Training_Data_Master/UTD-0818.txt,Training_Data_Master,0,True,,347,11,17,train,30,30,drop,42
Training_Data_Master/UTD-0819,Training_Data_Master/UTD-0819.txt,Training_Data_Master,0,True,,352,11,22,train,30,30,drop,42
Training_Data_Master/UTD-0820,Training_Data_Master/UTD-0820.txt,Training_Data_Master,0,True,,104,3,14,train,30,30,drop,42
Training_Data_Master/UTD-0821,Training_Data_Master/UTD-0821.txt,Training_Data_Master,0,True,,104,3,14,test,30,30,drop,42
Training_Data_Master/UTD-0822,Training_Data_Master/UTD-0822.txt,Training_Data_Master,0,True,,285,9,15,validation,30,30,drop,42
Training_Data_Master/UTD-0823,Training_Data_Master/UTD-0823.txt,Training_Data_Master,0,True,,203,6,23,train,30,30,drop,42
Training_Data_Master/UTD-0824,Training_Data_Master/UTD-0824.txt,Training_Data_Master,0,True,,436,14,16,train,30,30,drop,42
Training_Data_Master/UTD-0825,Training_Data_Master/UTD-0825.txt,Training_Data_Master,0,True,,149,4,29,train,30,30,drop,42
Training_Data_Master/UTD-0826,Training_Data_Master/UTD-0826.txt,Training_Data_Master,0,True,,1058,35,8,train,30,30,drop,42
Training_Data_Master/UTD-0827,Training_Data_Master/UTD-0827.txt,Training_Data_Master,0,True,,1745,58,5,train,30,30,drop,42
Training_Data_Master/UTD-0828,Training_Data_Master/UTD-0828.txt,Training_Data_Master,0,True,,86,2,26,train,30,30,drop,42
Training_Data_Master/UTD-0829,Training_Data_Master/UTD-0829.txt,Training_Data_Master,0,True,,988,32,28,validation,30,30,drop,42
Training_Data_Master/UTD-0830,Training_Data_Master/UTD-0830.txt,Training_Data_Master,0,True,,107,3,17,validation,30,30,drop,42
Training_Data_Master/UTD-0831,Training_Data_Master/UTD-0831.txt,Training_Data_Master,0,True,,871,29,1,train,30,30,drop,42
Training_Data_Master/UTD-0832,Training_Data_Master/UTD-0832.txt,Training_Data_Master,0,True,,878,29,8,train,30,30,drop,42
Training_Data_Master/UTD-0833,Training_Data_Master/UTD-0833.txt,Training_Data_Master,0,True,,109,3,19,validation,30,30,drop,42
Validation_Data_Master/UVD-0001,Validation_Data_Master/UVD-0001.txt,Validation_Data_Master,0,True,,1950,65,0,train,30,30,drop,42
Validation_Data_Master/UVD-0002,Validation_Data_Master/UVD-0002.txt,Validation_Data_Master,0,True,,2401,80,1,train,30,30,drop,42
Validation_Data_Master/UVD-0003,Validation_Data_Master/UVD-0003.txt,Validation_Data_Master,0,True,,179,5,29,train,30,30,drop,42
Validation_Data_Master/UVD-0004,Validation_Data_Master/UVD-0004.txt,Validation_Data_Master,0,True,,213,7,3,train,30,30,drop,42
Validation_Data_Master/UVD-0005,Validation_Data_Master/UVD-0005.txt,Validation_Data_Master,0,True,,279,9,9,train,30,30,drop,42
Validation_Data_Master/UVD-0006,Validation_Data_Master/UVD-0006.txt,Validation_Data_Master,0,True,,194,6,14,train,30,30,drop,42
Validation_Data_Master/UVD-0007,Validation_Data_Master/UVD-0007.txt,Validation_Data_Master,0,True,,93,3,3,train,30,30,drop,42
Validation_Data_Master/UVD-0008,Validation_Data_Master/UVD-0008.txt,Validation_Data_Master,0,True,,374,12,14,train,30,30,drop,42
Validation_Data_Master/UVD-0009,Validation_Data_Master/UVD-0009.txt,Validation_Data_Master,0,True,,202,6,22,train,30,30,drop,42
Validation_Data_Master/UVD-0010,Validation_Data_Master/UVD-0010.txt,Validation_Data_Master,0,True,,578,19,8,train,30,30,drop,42
Validation_Data_Master/UVD-0011,Validation_Data_Master/UVD-0011.txt,Validation_Data_Master,0,True,,188,6,8,train,30,30,drop,42
Validation_Data_Master/UVD-0012,Validation_Data_Master/UVD-0012.txt,Validation_Data_Master,0,True,,801,26,21,train,30,30,drop,42
Validation_Data_Master/UVD-0013,Validation_Data_Master/UVD-0013.txt,Validation_Data_Master,0,True,,145,4,25,train,30,30,drop,42
Validation_Data_Master/UVD-0014,Validation_Data_Master/UVD-0014.txt,Validation_Data_Master,0,True,,142,4,22,test,30,30,drop,42
Validation_Data_Master/UVD-0015,Validation_Data_Master/UVD-0015.txt,Validation_Data_Master,0,True,,1106,36,26,train,30,30,drop,42
Validation_Data_Master/UVD-0016,Validation_Data_Master/UVD-0016.txt,Validation_Data_Master,0,True,,210,7,0,train,30,30,drop,42
Validation_Data_Master/UVD-0017,Validation_Data_Master/UVD-0017.txt,Validation_Data_Master,0,True,,273,9,3,train,30,30,drop,42
Validation_Data_Master/UVD-0018,Validation_Data_Master/UVD-0018.txt,Validation_Data_Master,0,True,,210,7,0,train,30,30,drop,42
Validation_Data_Master/UVD-0019,Validation_Data_Master/UVD-0019.txt,Validation_Data_Master,0,True,,122,4,2,train,30,30,drop,42
Validation_Data_Master/UVD-0020,Validation_Data_Master/UVD-0020.txt,Validation_Data_Master,0,True,,116,3,26,train,30,30,drop,42
Validation_Data_Master/UVD-0021,Validation_Data_Master/UVD-0021.txt,Validation_Data_Master,0,True,,226,7,16,validation,30,30,drop,42
Validation_Data_Master/UVD-0022,Validation_Data_Master/UVD-0022.txt,Validation_Data_Master,0,True,,177,5,27,test,30,30,drop,42
Validation_Data_Master/UVD-0023,Validation_Data_Master/UVD-0023.txt,Validation_Data_Master,0,True,,1694,56,14,train,30,30,drop,42
Validation_Data_Master/UVD-0024,Validation_Data_Master/UVD-0024.txt,Validation_Data_Master,0,True,,193,6,13,train,30,30,drop,42
Validation_Data_Master/UVD-0025,Validation_Data_Master/UVD-0025.txt,Validation_Data_Master,0,True,,227,7,17,train,30,30,drop,42
Validation_Data_Master/UVD-0026,Validation_Data_Master/UVD-0026.txt,Validation_Data_Master,0,True,,137,4,17,train,30,30,drop,42
Validation_Data_Master/UVD-0027,Validation_Data_Master/UVD-0027.txt,Validation_Data_Master,0,True,,94,3,4,train,30,30,drop,42
Validation_Data_Master/UVD-0028,Validation_Data_Master/UVD-0028.txt,Validation_Data_Master,0,True,,242,8,2,validation,30,30,drop,42
Validation_Data_Master/UVD-0029,Validation_Data_Master/UVD-0029.txt,Validation_Data_Master,0,True,,168,5,18,train,30,30,drop,42
Validation_Data_Master/UVD-0030,Validation_Data_Master/UVD-0030.txt,Validation_Data_Master,0,True,,108,3,18,train,30,30,drop,42
Validation_Data_Master/UVD-0031,Validation_Data_Master/UVD-0031.txt,Validation_Data_Master,0,True,,331,11,1,test,30,30,drop,42
Validation_Data_Master/UVD-0032,Validation_Data_Master/UVD-0032.txt,Validation_Data_Master,0,True,,173,5,23,validation,30,30,drop,42
Validation_Data_Master/UVD-0033,Validation_Data_Master/UVD-0033.txt,Validation_Data_Master,0,True,,110,3,20,validation,30,30,drop,42
Validation_Data_Master/UVD-0034,Validation_Data_Master/UVD-0034.txt,Validation_Data_Master,0,True,,329,10,29,test,30,30,drop,42
Validation_Data_Master/UVD-0035,Validation_Data_Master/UVD-0035.txt,Validation_Data_Master,0,True,,110,3,20,train,30,30,drop,42
Validation_Data_Master/UVD-0036,Validation_Data_Master/UVD-0036.txt,Validation_Data_Master,0,True,,180,6,0,train,30,30,drop,42
Validation_Data_Master/UVD-0037,Validation_Data_Master/UVD-0037.txt,Validation_Data_Master,0,True,,128,4,8,train,30,30,drop,42
Validation_Data_Master/UVD-0038,Validation_Data_Master/UVD-0038.txt,Validation_Data_Master,0,True,,110,3,20,test,30,30,drop,42
Validation_Data_Master/UVD-0039,Validation_Data_Master/UVD-0039.txt,Validation_Data_Master,0,True,,630,21,0,validation,30,30,drop,42
Validation_Data_Master/UVD-0040,Validation_Data_Master/UVD-0040.txt,Validation_Data_Master,0,True,,110,3,20,train,30,30,drop,42
Validation_Data_Master/UVD-0041,Validation_Data_Master/UVD-0041.txt,Validation_Data_Master,0,True,,342,11,12,train,30,30,drop,42
Validation_Data_Master/UVD-0042,Validation_Data_Master/UVD-0042.txt,Validation_Data_Master,0,True,,302,10,2,train,30,30,drop,42
Validation_Data_Master/UVD-0043,Validation_Data_Master/UVD-0043.txt,Validation_Data_Master,0,True,,312,10,12,train,30,30,drop,42
Validation_Data_Master/UVD-0044,Validation_Data_Master/UVD-0044.txt,Validation_Data_Master,0,True,,161,5,11,validation,30,30,drop,42
Validation_Data_Master/UVD-0045,Validation_Data_Master/UVD-0045.txt,Validation_Data_Master,0,True,,110,3,20,validation,30,30,drop,42
Validation_Data_Master/UVD-0046,Validation_Data_Master/UVD-0046.txt,Validation_Data_Master,0,True,,109,3,19,train,30,30,drop,42
Validation_Data_Master/UVD-0047,Validation_Data_Master/UVD-0047.txt,Validation_Data_Master,0,True,,282,9,12,train,30,30,drop,42
Validation_Data_Master/UVD-0048,Validation_Data_Master/UVD-0048.txt,Validation_Data_Master,0,True,,92,3,2,test,30,30,drop,42
Validation_Data_Master/UVD-0049,Validation_Data_Master/UVD-0049.txt,Validation_Data_Master,0,True,,670,22,10,train,30,30,drop,42
Validation_Data_Master/UVD-0050,Validation_Data_Master/UVD-0050.txt,Validation_Data_Master,0,True,,150,5,0,train,30,30,drop,42
Validation_Data_Master/UVD-0051,Validation_Data_Master/UVD-0051.txt,Validation_Data_Master,0,True,,244,8,4,validation,30,30,drop,42
Validation_Data_Master/UVD-0052,Validation_Data_Master/UVD-0052.txt,Validation_Data_Master,0,True,,430,14,10,validation,30,30,drop,42
Validation_Data_Master/UVD-0053,Validation_Data_Master/UVD-0053.txt,Validation_Data_Master,0,True,,494,16,14,train,30,30,drop,42
Validation_Data_Master/UVD-0054,Validation_Data_Master/UVD-0054.txt,Validation_Data_Master,0,True,,1692,56,12,train,30,30,drop,42
Validation_Data_Master/UVD-0055,Validation_Data_Master/UVD-0055.txt,Validation_Data_Master,0,True,,260,8,20,train,30,30,drop,42
Validation_Data_Master/UVD-0056,Validation_Data_Master/UVD-0056.txt,Validation_Data_Master,0,True,,1399,46,19,train,30,30,drop,42
Validation_Data_Master/UVD-0057,Validation_Data_Master/UVD-0057.txt,Validation_Data_Master,0,True,,584,19,14,test,30,30,drop,42
Validation_Data_Master/UVD-0058,Validation_Data_Master/UVD-0058.txt,Validation_Data_Master,0,True,,1505,50,5,test,30,30,drop,42
Validation_Data_Master/UVD-0059,Validation_Data_Master/UVD-0059.txt,Validation_Data_Master,0,True,,108,3,18,train,30,30,drop,42
Validation_Data_Master/UVD-0060,Validation_Data_Master/UVD-0060.txt,Validation_Data_Master,0,True,,122,4,2,train,30,30,drop,42
Validation_Data_Master/UVD-0061,Validation_Data_Master/UVD-0061.txt,Validation_Data_Master,0,True,,1301,43,11,train,30,30,drop,42
Validation_Data_Master/UVD-0062,Validation_Data_Master/UVD-0062.txt,Validation_Data_Master,0,True,,395,13,5,train,30,30,drop,42
Validation_Data_Master/UVD-0063,Validation_Data_Master/UVD-0063.txt,Validation_Data_Master,0,True,,297,9,27,test,30,30,drop,42
Validation_Data_Master/UVD-0064,Validation_Data_Master/UVD-0064.txt,Validation_Data_Master,0,True,,184,6,4,test,30,30,drop,42
Validation_Data_Master/UVD-0065,Validation_Data_Master/UVD-0065.txt,Validation_Data_Master,0,True,,1090,36,10,train,30,30,drop,42
Validation_Data_Master/UVD-0066,Validation_Data_Master/UVD-0066.txt,Validation_Data_Master,0,True,,80,2,20,test,30,30,drop,42
Validation_Data_Master/UVD-0067,Validation_Data_Master/UVD-0067.txt,Validation_Data_Master,0,True,,129,4,9,train,30,30,drop,42
Validation_Data_Master/UVD-0068,Validation_Data_Master/UVD-0068.txt,Validation_Data_Master,0,True,,130,4,10,train,30,30,drop,42
Validation_Data_Master/UVD-0069,Validation_Data_Master/UVD-0069.txt,Validation_Data_Master,0,True,,151,5,1,train,30,30,drop,42
Validation_Data_Master/UVD-0070,Validation_Data_Master/UVD-0070.txt,Validation_Data_Master,0,True,,251,8,11,train,30,30,drop,42
Validation_Data_Master/UVD-0071,Validation_Data_Master/UVD-0071.txt,Validation_Data_Master,0,True,,272,9,2,test,30,30,drop,42
Validation_Data_Master/UVD-0072,Validation_Data_Master/UVD-0072.txt,Validation_Data_Master,0,True,,261,8,21,validation,30,30,drop,42
Validation_Data_Master/UVD-0073,Validation_Data_Master/UVD-0073.txt,Validation_Data_Master,0,True,,308,10,8,train,30,30,drop,42
Validation_Data_Master/UVD-0074,Validation_Data_Master/UVD-0074.txt,Validation_Data_Master,0,True,,261,8,21,train,30,30,drop,42
Validation_Data_Master/UVD-0075,Validation_Data_Master/UVD-0075.txt,Validation_Data_Master,0,True,,261,8,21,validation,30,30,drop,42
Validation_Data_Master/UVD-0076,Validation_Data_Master/UVD-0076.txt,Validation_Data_Master,0,True,,316,10,16,train,30,30,drop,42
Validation_Data_Master/UVD-0077,Validation_Data_Master/UVD-0077.txt,Validation_Data_Master,0,True,,124,4,4,train,30,30,drop,42
Validation_Data_Master/UVD-0078,Validation_Data_Master/UVD-0078.txt,Validation_Data_Master,0,True,,125,4,5,validation,30,30,drop,42
Validation_Data_Master/UVD-0079,Validation_Data_Master/UVD-0079.txt,Validation_Data_Master,0,True,,301,10,1,train,30,30,drop,42
Validation_Data_Master/UVD-0080,Validation_Data_Master/UVD-0080.txt,Validation_Data_Master,0,True,,187,6,7,train,30,30,drop,42
Validation_Data_Master/UVD-0081,Validation_Data_Master/UVD-0081.txt,Validation_Data_Master,0,True,,994,33,4,train,30,30,drop,42
Validation_Data_Master/UVD-0082,Validation_Data_Master/UVD-0082.txt,Validation_Data_Master,0,True,,100,3,10,train,30,30,drop,42
Validation_Data_Master/UVD-0083,Validation_Data_Master/UVD-0083.txt,Validation_Data_Master,0,True,,105,3,15,train,30,30,drop,42
Validation_Data_Master/UVD-0084,Validation_Data_Master/UVD-0084.txt,Validation_Data_Master,0,True,,308,10,8,train,30,30,drop,42
Validation_Data_Master/UVD-0085,Validation_Data_Master/UVD-0085.txt,Validation_Data_Master,0,True,,407,13,17,train,30,30,drop,42
Validation_Data_Master/UVD-0086,Validation_Data_Master/UVD-0086.txt,Validation_Data_Master,0,True,,613,20,13,train,30,30,drop,42
Validation_Data_Master/UVD-0087,Validation_Data_Master/UVD-0087.txt,Validation_Data_Master,0,True,,97,3,7,train,30,30,drop,42
Validation_Data_Master/UVD-0088,Validation_Data_Master/UVD-0088.txt,Validation_Data_Master,0,True,,1783,59,13,train,30,30,drop,42
Validation_Data_Master/UVD-0089,Validation_Data_Master/UVD-0089.txt,Validation_Data_Master,0,True,,411,13,21,train,30,30,drop,42
Validation_Data_Master/UVD-0090,Validation_Data_Master/UVD-0090.txt,Validation_Data_Master,0,True,,125,4,5,test,30,30,drop,42
Validation_Data_Master/UVD-0091,Validation_Data_Master/UVD-0091.txt,Validation_Data_Master,0,True,,1681,56,1,train,30,30,drop,42
Validation_Data_Master/UVD-0092,Validation_Data_Master/UVD-0092.txt,Validation_Data_Master,0,True,,104,3,14,train,30,30,drop,42
Validation_Data_Master/UVD-0093,Validation_Data_Master/UVD-0093.txt,Validation_Data_Master,0,True,,2629,87,19,test,30,30,drop,42
Validation_Data_Master/UVD-0094,Validation_Data_Master/UVD-0094.txt,Validation_Data_Master,0,True,,1526,50,26,train,30,30,drop,42
Validation_Data_Master/UVD-0095,Validation_Data_Master/UVD-0095.txt,Validation_Data_Master,0,True,,184,6,4,train,30,30,drop,42
Validation_Data_Master/UVD-0096,Validation_Data_Master/UVD-0096.txt,Validation_Data_Master,0,True,,120,4,0,train,30,30,drop,42
Validation_Data_Master/UVD-0097,Validation_Data_Master/UVD-0097.txt,Validation_Data_Master,0,True,,316,10,16,test,30,30,drop,42
Validation_Data_Master/UVD-0098,Validation_Data_Master/UVD-0098.txt,Validation_Data_Master,0,True,,193,6,13,train,30,30,drop,42
Validation_Data_Master/UVD-0099,Validation_Data_Master/UVD-0099.txt,Validation_Data_Master,0,True,,149,4,29,train,30,30,drop,42
Validation_Data_Master/UVD-0100,Validation_Data_Master/UVD-0100.txt,Validation_Data_Master,0,True,,2379,79,9,train,30,30,drop,42
Validation_Data_Master/UVD-0101,Validation_Data_Master/UVD-0101.txt,Validation_Data_Master,0,True,,364,12,4,test,30,30,drop,42
Validation_Data_Master/UVD-0102,Validation_Data_Master/UVD-0102.txt,Validation_Data_Master,0,True,,241,8,1,train,30,30,drop,42
Validation_Data_Master/UVD-0103,Validation_Data_Master/UVD-0103.txt,Validation_Data_Master,0,True,,355,11,25,validation,30,30,drop,42
Validation_Data_Master/UVD-0104,Validation_Data_Master/UVD-0104.txt,Validation_Data_Master,0,True,,223,7,13,train,30,30,drop,42
Validation_Data_Master/UVD-0105,Validation_Data_Master/UVD-0105.txt,Validation_Data_Master,0,True,,91,3,1,validation,30,30,drop,42
Validation_Data_Master/UVD-0106,Validation_Data_Master/UVD-0106.txt,Validation_Data_Master,0,True,,1893,63,3,train,30,30,drop,42
Validation_Data_Master/UVD-0107,Validation_Data_Master/UVD-0107.txt,Validation_Data_Master,0,True,,112,3,22,train,30,30,drop,42
Validation_Data_Master/UVD-0108,Validation_Data_Master/UVD-0108.txt,Validation_Data_Master,0,True,,3103,103,13,test,30,30,drop,42
Validation_Data_Master/UVD-0109,Validation_Data_Master/UVD-0109.txt,Validation_Data_Master,0,True,,449,14,29,test,30,30,drop,42
Validation_Data_Master/UVD-0110,Validation_Data_Master/UVD-0110.txt,Validation_Data_Master,0,True,,449,14,29,train,30,30,drop,42
Validation_Data_Master/UVD-0111,Validation_Data_Master/UVD-0111.txt,Validation_Data_Master,0,True,,253,8,13,validation,30,30,drop,42
Validation_Data_Master/UVD-0112,Validation_Data_Master/UVD-0112.txt,Validation_Data_Master,0,True,,379,12,19,train,30,30,drop,42
Validation_Data_Master/UVD-0113,Validation_Data_Master/UVD-0113.txt,Validation_Data_Master,0,True,,2691,89,21,train,30,30,drop,42
Validation_Data_Master/UVD-0114,Validation_Data_Master/UVD-0114.txt,Validation_Data_Master,0,True,,226,7,16,train,30,30,drop,42
Validation_Data_Master/UVD-0115,Validation_Data_Master/UVD-0115.txt,Validation_Data_Master,0,True,,2312,77,2,train,30,30,drop,42
Validation_Data_Master/UVD-0116,Validation_Data_Master/UVD-0116.txt,Validation_Data_Master,0,True,,723,24,3,train,30,30,drop,42
Validation_Data_Master/UVD-0117,Validation_Data_Master/UVD-0117.txt,Validation_Data_Master,0,True,,2198,73,8,train,30,30,drop,42
Validation_Data_Master/UVD-0118,Validation_Data_Master/UVD-0118.txt,Validation_Data_Master,0,True,,142,4,22,train,30,30,drop,42
Validation_Data_Master/UVD-0119,Validation_Data_Master/UVD-0119.txt,Validation_Data_Master,0,True,,705,23,15,test,30,30,drop,42
Validation_Data_Master/UVD-0120,Validation_Data_Master/UVD-0120.txt,Validation_Data_Master,0,True,,92,3,2,train,30,30,drop,42
Validation_Data_Master/UVD-0121,Validation_Data_Master/UVD-0121.txt,Validation_Data_Master,0,True,,450,15,0,train,30,30,drop,42
Validation_Data_Master/UVD-0122,Validation_Data_Master/UVD-0122.txt,Validation_Data_Master,0,True,,1184,39,14,test,30,30,drop,42
Validation_Data_Master/UVD-0123,Validation_Data_Master/UVD-0123.txt,Validation_Data_Master,0,True,,81,2,21,validation,30,30,drop,42
Validation_Data_Master/UVD-0124,Validation_Data_Master/UVD-0124.txt,Validation_Data_Master,0,True,,1066,35,16,test,30,30,drop,42
Validation_Data_Master/UVD-0125,Validation_Data_Master/UVD-0125.txt,Validation_Data_Master,0,True,,1154,38,14,validation,30,30,drop,42
Validation_Data_Master/UVD-0126,Validation_Data_Master/UVD-0126.txt,Validation_Data_Master,0,True,,369,12,9,train,30,30,drop,42
Validation_Data_Master/UVD-0127,Validation_Data_Master/UVD-0127.txt,Validation_Data_Master,0,True,,175,5,25,train,30,30,drop,42
Validation_Data_Master/UVD-0128,Validation_Data_Master/UVD-0128.txt,Validation_Data_Master,0,True,,726,24,6,validation,30,30,drop,42
Validation_Data_Master/UVD-0129,Validation_Data_Master/UVD-0129.txt,Validation_Data_Master,0,True,,3158,105,8,train,30,30,drop,42
Validation_Data_Master/UVD-0130,Validation_Data_Master/UVD-0130.txt,Validation_Data_Master,0,True,,1405,46,25,train,30,30,drop,42
Validation_Data_Master/UVD-0131,Validation_Data_Master/UVD-0131.txt,Validation_Data_Master,0,True,,1557,51,27,train,30,30,drop,42
Validation_Data_Master/UVD-0132,Validation_Data_Master/UVD-0132.txt,Validation_Data_Master,0,True,,611,20,11,train,30,30,drop,42
Validation_Data_Master/UVD-0133,Validation_Data_Master/UVD-0133.txt,Validation_Data_Master,0,True,,526,17,16,train,30,30,drop,42
Validation_Data_Master/UVD-0134,Validation_Data_Master/UVD-0134.txt,Validation_Data_Master,0,True,,1202,40,2,train,30,30,drop,42
Validation_Data_Master/UVD-0135,Validation_Data_Master/UVD-0135.txt,Validation_Data_Master,0,True,,251,8,11,train,30,30,drop,42
Validation_Data_Master/UVD-0136,Validation_Data_Master/UVD-0136.txt,Validation_Data_Master,0,True,,302,10,2,train,30,30,drop,42
Validation_Data_Master/UVD-0137,Validation_Data_Master/UVD-0137.txt,Validation_Data_Master,0,True,,3082,102,22,train,30,30,drop,42
Validation_Data_Master/UVD-0138,Validation_Data_Master/UVD-0138.txt,Validation_Data_Master,0,True,,131,4,11,train,30,30,drop,42
Validation_Data_Master/UVD-0139,Validation_Data_Master/UVD-0139.txt,Validation_Data_Master,0,True,,337,11,7,train,30,30,drop,42
Validation_Data_Master/UVD-0140,Validation_Data_Master/UVD-0140.txt,Validation_Data_Master,0,True,,1893,63,3,train,30,30,drop,42
Validation_Data_Master/UVD-0141,Validation_Data_Master/UVD-0141.txt,Validation_Data_Master,0,True,,513,17,3,train,30,30,drop,42
Validation_Data_Master/UVD-0142,Validation_Data_Master/UVD-0142.txt,Validation_Data_Master,0,True,,1368,45,18,train,30,30,drop,42
Validation_Data_Master/UVD-0143,Validation_Data_Master/UVD-0143.txt,Validation_Data_Master,0,True,,93,3,3,validation,30,30,drop,42
Validation_Data_Master/UVD-0144,Validation_Data_Master/UVD-0144.txt,Validation_Data_Master,0,True,,181,6,1,train,30,30,drop,42
Validation_Data_Master/UVD-0145,Validation_Data_Master/UVD-0145.txt,Validation_Data_Master,0,True,,392,13,2,train,30,30,drop,42
Validation_Data_Master/UVD-0146,Validation_Data_Master/UVD-0146.txt,Validation_Data_Master,0,True,,392,13,2,train,30,30,drop,42
Validation_Data_Master/UVD-0147,Validation_Data_Master/UVD-0147.txt,Validation_Data_Master,0,True,,2082,69,12,train,30,30,drop,42
Validation_Data_Master/UVD-0148,Validation_Data_Master/UVD-0148.txt,Validation_Data_Master,0,True,,149,4,29,train,30,30,drop,42
Validation_Data_Master/UVD-0149,Validation_Data_Master/UVD-0149.txt,Validation_Data_Master,0,True,,885,29,15,train,30,30,drop,42
Validation_Data_Master/UVD-0150,Validation_Data_Master/UVD-0150.txt,Validation_Data_Master,0,True,,655,21,25,train,30,30,drop,42
Validation_Data_Master/UVD-0151,Validation_Data_Master/UVD-0151.txt,Validation_Data_Master,0,True,,247,8,7,test,30,30,drop,42
Validation_Data_Master/UVD-0152,Validation_Data_Master/UVD-0152.txt,Validation_Data_Master,0,True,,177,5,27,train,30,30,drop,42
Validation_Data_Master/UVD-0153,Validation_Data_Master/UVD-0153.txt,Validation_Data_Master,0,True,,96,3,6,train,30,30,drop,42
Validation_Data_Master/UVD-0154,Validation_Data_Master/UVD-0154.txt,Validation_Data_Master,0,True,,198,6,18,test,30,30,drop,42
Validation_Data_Master/UVD-0155,Validation_Data_Master/UVD-0155.txt,Validation_Data_Master,0,True,,229,7,19,train,30,30,drop,42
Validation_Data_Master/UVD-0156,Validation_Data_Master/UVD-0156.txt,Validation_Data_Master,0,True,,146,4,26,train,30,30,drop,42
Validation_Data_Master/UVD-0157,Validation_Data_Master/UVD-0157.txt,Validation_Data_Master,0,True,,325,10,25,train,30,30,drop,42
Validation_Data_Master/UVD-0158,Validation_Data_Master/UVD-0158.txt,Validation_Data_Master,0,True,,511,17,1,train,30,30,drop,42
Validation_Data_Master/UVD-0159,Validation_Data_Master/UVD-0159.txt,Validation_Data_Master,0,True,,191,6,11,train,30,30,drop,42
Validation_Data_Master/UVD-0160,Validation_Data_Master/UVD-0160.txt,Validation_Data_Master,0,True,,218,7,8,train,30,30,drop,42
Validation_Data_Master/UVD-0161,Validation_Data_Master/UVD-0161.txt,Validation_Data_Master,0,True,,955,31,25,train,30,30,drop,42
Validation_Data_Master/UVD-0162,Validation_Data_Master/UVD-0162.txt,Validation_Data_Master,0,True,,730,24,10,train,30,30,drop,42
Validation_Data_Master/UVD-0163,Validation_Data_Master/UVD-0163.txt,Validation_Data_Master,0,True,,925,30,25,validation,30,30,drop,42
Validation_Data_Master/UVD-0164,Validation_Data_Master/UVD-0164.txt,Validation_Data_Master,0,True,,1336,44,16,train,30,30,drop,42
Validation_Data_Master/UVD-0165,Validation_Data_Master/UVD-0165.txt,Validation_Data_Master,0,True,,428,14,8,train,30,30,drop,42
Validation_Data_Master/UVD-0166,Validation_Data_Master/UVD-0166.txt,Validation_Data_Master,0,True,,388,12,28,train,30,30,drop,42
Validation_Data_Master/UVD-0167,Validation_Data_Master/UVD-0167.txt,Validation_Data_Master,0,True,,295,9,25,train,30,30,drop,42
Validation_Data_Master/UVD-0168,Validation_Data_Master/UVD-0168.txt,Validation_Data_Master,0,True,,262,8,22,test,30,30,drop,42
Validation_Data_Master/UVD-0169,Validation_Data_Master/UVD-0169.txt,Validation_Data_Master,0,True,,526,17,16,test,30,30,drop,42
Validation_Data_Master/UVD-0170,Validation_Data_Master/UVD-0170.txt,Validation_Data_Master,0,True,,417,13,27,train,30,30,drop,42
Validation_Data_Master/UVD-0171,Validation_Data_Master/UVD-0171.txt,Validation_Data_Master,0,True,,281,9,11,train,30,30,drop,42
Validation_Data_Master/UVD-0172,Validation_Data_Master/UVD-0172.txt,Validation_Data_Master,0,True,,123,4,3,train,30,30,drop,42
Validation_Data_Master/UVD-0173,Validation_Data_Master/UVD-0173.txt,Validation_Data_Master,0,True,,559,18,19,validation,30,30,drop,42
Validation_Data_Master/UVD-0174,Validation_Data_Master/UVD-0174.txt,Validation_Data_Master,0,True,,518,17,8,train,30,30,drop,42
Validation_Data_Master/UVD-0175,Validation_Data_Master/UVD-0175.txt,Validation_Data_Master,0,True,,1761,58,21,train,30,30,drop,42
Validation_Data_Master/UVD-0176,Validation_Data_Master/UVD-0176.txt,Validation_Data_Master,0,True,,246,8,6,validation,30,30,drop,42
Validation_Data_Master/UVD-0177,Validation_Data_Master/UVD-0177.txt,Validation_Data_Master,0,True,,626,20,26,validation,30,30,drop,42
Validation_Data_Master/UVD-0178,Validation_Data_Master/UVD-0178.txt,Validation_Data_Master,0,True,,756,25,6,test,30,30,drop,42
Validation_Data_Master/UVD-0179,Validation_Data_Master/UVD-0179.txt,Validation_Data_Master,0,True,,1821,60,21,train,30,30,drop,42
Validation_Data_Master/UVD-0180,Validation_Data_Master/UVD-0180.txt,Validation_Data_Master,0,True,,334,11,4,test,30,30,drop,42
Validation_Data_Master/UVD-0181,Validation_Data_Master/UVD-0181.txt,Validation_Data_Master,0,True,,136,4,16,train,30,30,drop,42
Validation_Data_Master/UVD-0182,Validation_Data_Master/UVD-0182.txt,Validation_Data_Master,0,True,,622,20,22,train,30,30,drop,42
Validation_Data_Master/UVD-0183,Validation_Data_Master/UVD-0183.txt,Validation_Data_Master,0,True,,569,18,29,train,30,30,drop,42
Validation_Data_Master/UVD-0184,Validation_Data_Master/UVD-0184.txt,Validation_Data_Master,0,True,,185,6,5,train,30,30,drop,42
Validation_Data_Master/UVD-0185,Validation_Data_Master/UVD-0185.txt,Validation_Data_Master,0,True,,1756,58,16,train,30,30,drop,42
Validation_Data_Master/UVD-0186,Validation_Data_Master/UVD-0186.txt,Validation_Data_Master,0,True,,744,24,24,train,30,30,drop,42
Validation_Data_Master/UVD-0187,Validation_Data_Master/UVD-0187.txt,Validation_Data_Master,0,True,,129,4,9,train,30,30,drop,42
Validation_Data_Master/UVD-0188,Validation_Data_Master/UVD-0188.txt,Validation_Data_Master,0,True,,284,9,14,train,30,30,drop,42
Validation_Data_Master/UVD-0189,Validation_Data_Master/UVD-0189.txt,Validation_Data_Master,0,True,,782,26,2,test,30,30,drop,42
Validation_Data_Master/UVD-0190,Validation_Data_Master/UVD-0190.txt,Validation_Data_Master,0,True,,238,7,28,validation,30,30,drop,42
Validation_Data_Master/UVD-0191,Validation_Data_Master/UVD-0191.txt,Validation_Data_Master,0,True,,151,5,1,train,30,30,drop,42
Validation_Data_Master/UVD-0192,Validation_Data_Master/UVD-0192.txt,Validation_Data_Master,0,True,,139,4,19,train,30,30,drop,42
Validation_Data_Master/UVD-0193,Validation_Data_Master/UVD-0193.txt,Validation_Data_Master,0,True,,222,7,12,train,30,30,drop,42
Validation_Data_Master/UVD-0194,Validation_Data_Master/UVD-0194.txt,Validation_Data_Master,0,True,,132,4,12,train,30,30,drop,42
Validation_Data_Master/UVD-0195,Validation_Data_Master/UVD-0195.txt,Validation_Data_Master,0,True,,1515,50,15,train,30,30,drop,42
Validation_Data_Master/UVD-0196,Validation_Data_Master/UVD-0196.txt,Validation_Data_Master,0,True,,867,28,27,train,30,30,drop,42
Validation_Data_Master/UVD-0197,Validation_Data_Master/UVD-0197.txt,Validation_Data_Master,0,True,,1388,46,8,train,30,30,drop,42
Validation_Data_Master/UVD-0198,Validation_Data_Master/UVD-0198.txt,Validation_Data_Master,0,True,,1536,51,6,train,30,30,drop,42
Validation_Data_Master/UVD-0199,Validation_Data_Master/UVD-0199.txt,Validation_Data_Master,0,True,,205,6,25,test,30,30,drop,42
Validation_Data_Master/UVD-0200,Validation_Data_Master/UVD-0200.txt,Validation_Data_Master,0,True,,223,7,13,test,30,30,drop,42
Validation_Data_Master/UVD-0201,Validation_Data_Master/UVD-0201.txt,Validation_Data_Master,0,True,,770,25,20,train,30,30,drop,42
Validation_Data_Master/UVD-0202,Validation_Data_Master/UVD-0202.txt,Validation_Data_Master,0,True,,1220,40,20,test,30,30,drop,42
Validation_Data_Master/UVD-0203,Validation_Data_Master/UVD-0203.txt,Validation_Data_Master,0,True,,177,5,27,train,30,30,drop,42
Validation_Data_Master/UVD-0204,Validation_Data_Master/UVD-0204.txt,Validation_Data_Master,0,True,,217,7,7,train,30,30,drop,42
Validation_Data_Master/UVD-0205,Validation_Data_Master/UVD-0205.txt,Validation_Data_Master,0,True,,277,9,7,train,30,30,drop,42
Validation_Data_Master/UVD-0206,Validation_Data_Master/UVD-0206.txt,Validation_Data_Master,0,True,,2274,75,24,train,30,30,drop,42
Validation_Data_Master/UVD-0207,Validation_Data_Master/UVD-0207.txt,Validation_Data_Master,0,True,,119,3,29,train,30,30,drop,42
Validation_Data_Master/UVD-0208,Validation_Data_Master/UVD-0208.txt,Validation_Data_Master,0,True,,247,8,7,train,30,30,drop,42
Validation_Data_Master/UVD-0209,Validation_Data_Master/UVD-0209.txt,Validation_Data_Master,0,True,,327,10,27,train,30,30,drop,42
Validation_Data_Master/UVD-0210,Validation_Data_Master/UVD-0210.txt,Validation_Data_Master,0,True,,709,23,19,train,30,30,drop,42
Validation_Data_Master/UVD-0211,Validation_Data_Master/UVD-0211.txt,Validation_Data_Master,0,True,,1400,46,20,train,30,30,drop,42
Validation_Data_Master/UVD-0212,Validation_Data_Master/UVD-0212.txt,Validation_Data_Master,0,True,,1259,41,29,validation,30,30,drop,42
Validation_Data_Master/UVD-0213,Validation_Data_Master/UVD-0213.txt,Validation_Data_Master,0,True,,183,6,3,train,30,30,drop,42
Validation_Data_Master/UVD-0214,Validation_Data_Master/UVD-0214.txt,Validation_Data_Master,0,True,,424,14,4,train,30,30,drop,42
Validation_Data_Master/UVD-0215,Validation_Data_Master/UVD-0215.txt,Validation_Data_Master,0,True,,1010,33,20,train,30,30,drop,42
Validation_Data_Master/UVD-0216,Validation_Data_Master/UVD-0216.txt,Validation_Data_Master,0,True,,452,15,2,validation,30,30,drop,42
Validation_Data_Master/UVD-0217,Validation_Data_Master/UVD-0217.txt,Validation_Data_Master,0,True,,97,3,7,train,30,30,drop,42
Validation_Data_Master/UVD-0218,Validation_Data_Master/UVD-0218.txt,Validation_Data_Master,0,True,,320,10,20,train,30,30,drop,42
Validation_Data_Master/UVD-0219,Validation_Data_Master/UVD-0219.txt,Validation_Data_Master,0,True,,360,12,0,train,30,30,drop,42
Validation_Data_Master/UVD-0220,Validation_Data_Master/UVD-0220.txt,Validation_Data_Master,0,True,,249,8,9,test,30,30,drop,42
Validation_Data_Master/UVD-0221,Validation_Data_Master/UVD-0221.txt,Validation_Data_Master,0,True,,937,31,7,train,30,30,drop,42
Validation_Data_Master/UVD-0222,Validation_Data_Master/UVD-0222.txt,Validation_Data_Master,0,True,,100,3,10,train,30,30,drop,42
Validation_Data_Master/UVD-0223,Validation_Data_Master/UVD-0223.txt,Validation_Data_Master,0,True,,236,7,26,test,30,30,drop,42
Validation_Data_Master/UVD-0224,Validation_Data_Master/UVD-0224.txt,Validation_Data_Master,0,True,,4000,133,10,train,30,30,drop,42
Validation_Data_Master/UVD-0225,Validation_Data_Master/UVD-0225.txt,Validation_Data_Master,0,True,,489,16,9,train,30,30,drop,42
Validation_Data_Master/UVD-0226,Validation_Data_Master/UVD-0226.txt,Validation_Data_Master,0,True,,111,3,21,train,30,30,drop,42
Validation_Data_Master/UVD-0227,Validation_Data_Master/UVD-0227.txt,Validation_Data_Master,0,True,,2555,85,5,validation,30,30,drop,42
Validation_Data_Master/UVD-0228,Validation_Data_Master/UVD-0228.txt,Validation_Data_Master,0,True,,453,15,3,train,30,30,drop,42
Validation_Data_Master/UVD-0229,Validation_Data_Master/UVD-0229.txt,Validation_Data_Master,0,True,,233,7,23,train,30,30,drop,42
Validation_Data_Master/UVD-0230,Validation_Data_Master/UVD-0230.txt,Validation_Data_Master,0,True,,1454,48,14,train,30,30,drop,42
Validation_Data_Master/UVD-0231,Validation_Data_Master/UVD-0231.txt,Validation_Data_Master,0,True,,97,3,7,test,30,30,drop,42
Validation_Data_Master/UVD-0232,Validation_Data_Master/UVD-0232.txt,Validation_Data_Master,0,True,,1683,56,3,train,30,30,drop,42
Validation_Data_Master/UVD-0233,Validation_Data_Master/UVD-0233.txt,Validation_Data_Master,0,True,,187,6,7,train,30,30,drop,42
Validation_Data_Master/UVD-0234,Validation_Data_Master/UVD-0234.txt,Validation_Data_Master,0,True,,1681,56,1,train,30,30,drop,42
Validation_Data_Master/UVD-0235,Validation_Data_Master/UVD-0235.txt,Validation_Data_Master,0,True,,241,8,1,train,30,30,drop,42
Validation_Data_Master/UVD-0236,Validation_Data_Master/UVD-0236.txt,Validation_Data_Master,0,True,,504,16,24,train,30,30,drop,42
Validation_Data_Master/UVD-0237,Validation_Data_Master/UVD-0237.txt,Validation_Data_Master,0,True,,226,7,16,train,30,30,drop,42
Validation_Data_Master/UVD-0238,Validation_Data_Master/UVD-0238.txt,Validation_Data_Master,0,True,,1154,38,14,validation,30,30,drop,42
Validation_Data_Master/UVD-0239,Validation_Data_Master/UVD-0239.txt,Validation_Data_Master,0,True,,302,10,2,test,30,30,drop,42
Validation_Data_Master/UVD-0240,Validation_Data_Master/UVD-0240.txt,Validation_Data_Master,0,True,,2082,69,12,test,30,30,drop,42
Validation_Data_Master/UVD-0241,Validation_Data_Master/UVD-0241.txt,Validation_Data_Master,0,True,,511,17,1,train,30,30,drop,42
Validation_Data_Master/UVD-0242,Validation_Data_Master/UVD-0242.txt,Validation_Data_Master,0,True,,526,17,16,train,30,30,drop,42
Validation_Data_Master/UVD-0243,Validation_Data_Master/UVD-0243.txt,Validation_Data_Master,0,True,,334,11,4,train,30,30,drop,42
Validation_Data_Master/UVD-0244,Validation_Data_Master/UVD-0244.txt,Validation_Data_Master,0,True,,151,5,1,train,30,30,drop,42
Validation_Data_Master/UVD-0245,Validation_Data_Master/UVD-0245.txt,Validation_Data_Master,0,True,,1220,40,20,train,30,30,drop,42
Validation_Data_Master/UVD-0246,Validation_Data_Master/UVD-0246.txt,Validation_Data_Master,0,True,,183,6,3,train,30,30,drop,42
Validation_Data_Master/UVD-0247,Validation_Data_Master/UVD-0247.txt,Validation_Data_Master,0,True,,142,4,22,train,30,30,drop,42
Validation_Data_Master/UVD-0248,Validation_Data_Master/UVD-0248.txt,Validation_Data_Master,0,True,,489,16,9,train,30,30,drop,42
Validation_Data_Master/UVD-0249,Validation_Data_Master/UVD-0249.txt,Validation_Data_Master,0,True,,504,16,24,train,30,30,drop,42
Validation_Data_Master/UVD-0250,Validation_Data_Master/UVD-0250.txt,Validation_Data_Master,0,True,,142,4,22,validation,30,30,drop,42
Validation_Data_Master/UVD-0251,Validation_Data_Master/UVD-0251.txt,Validation_Data_Master,0,True,,191,6,11,train,30,30,drop,42
Validation_Data_Master/UVD-0252,Validation_Data_Master/UVD-0252.txt,Validation_Data_Master,0,True,,323,10,23,validation,30,30,drop,42
Validation_Data_Master/UVD-0253,Validation_Data_Master/UVD-0253.txt,Validation_Data_Master,0,True,,863,28,23,test,30,30,drop,42
Validation_Data_Master/UVD-0254,Validation_Data_Master/UVD-0254.txt,Validation_Data_Master,0,True,,437,14,17,train,30,30,drop,42
Validation_Data_Master/UVD-0255,Validation_Data_Master/UVD-0255.txt,Validation_Data_Master,0,True,,432,14,12,test,30,30,drop,42
Validation_Data_Master/UVD-0256,Validation_Data_Master/UVD-0256.txt,Validation_Data_Master,0,True,,518,17,8,train,30,30,drop,42
Validation_Data_Master/UVD-0257,Validation_Data_Master/UVD-0257.txt,Validation_Data_Master,0,True,,1482,49,12,test,30,30,drop,42
Validation_Data_Master/UVD-0258,Validation_Data_Master/UVD-0258.txt,Validation_Data_Master,0,True,,191,6,11,train,30,30,drop,42
Validation_Data_Master/UVD-0259,Validation_Data_Master/UVD-0259.txt,Validation_Data_Master,0,True,,583,19,13,train,30,30,drop,42
Validation_Data_Master/UVD-0260,Validation_Data_Master/UVD-0260.txt,Validation_Data_Master,0,True,,428,14,8,test,30,30,drop,42
Validation_Data_Master/UVD-0261,Validation_Data_Master/UVD-0261.txt,Validation_Data_Master,0,True,,190,6,10,validation,30,30,drop,42
Validation_Data_Master/UVD-0262,Validation_Data_Master/UVD-0262.txt,Validation_Data_Master,0,True,,883,29,13,train,30,30,drop,42
Validation_Data_Master/UVD-0263,Validation_Data_Master/UVD-0263.txt,Validation_Data_Master,0,True,,481,16,1,train,30,30,drop,42
Validation_Data_Master/UVD-0264,Validation_Data_Master/UVD-0264.txt,Validation_Data_Master,0,True,,169,5,19,validation,30,30,drop,42
Validation_Data_Master/UVD-0265,Validation_Data_Master/UVD-0265.txt,Validation_Data_Master,0,True,,121,4,1,validation,30,30,drop,42
Validation_Data_Master/UVD-0266,Validation_Data_Master/UVD-0266.txt,Validation_Data_Master,0,True,,104,3,14,train,30,30,drop,42
Validation_Data_Master/UVD-0267,Validation_Data_Master/UVD-0267.txt,Validation_Data_Master,0,True,,114,3,24,test,30,30,drop,42
Validation_Data_Master/UVD-0268,Validation_Data_Master/UVD-0268.txt,Validation_Data_Master,0,True,,99,3,9,train,30,30,drop,42
Validation_Data_Master/UVD-0269,Validation_Data_Master/UVD-0269.txt,Validation_Data_Master,0,True,,323,10,23,train,30,30,drop,42
Validation_Data_Master/UVD-0270,Validation_Data_Master/UVD-0270.txt,Validation_Data_Master,0,True,,234,7,24,train,30,30,drop,42
Validation_Data_Master/UVD-0271,Validation_Data_Master/UVD-0271.txt,Validation_Data_Master,0,True,,516,17,6,test,30,30,drop,42
Validation_Data_Master/UVD-0272,Validation_Data_Master/UVD-0272.txt,Validation_Data_Master,0,True,,612,20,12,train,30,30,drop,42
Validation_Data_Master/UVD-0273,Validation_Data_Master/UVD-0273.txt,Validation_Data_Master,0,True,,575,19,5,train,30,30,drop,42
Validation_Data_Master/UVD-0274,Validation_Data_Master/UVD-0274.txt,Validation_Data_Master,0,True,,615,20,15,train,30,30,drop,42
Validation_Data_Master/UVD-0275,Validation_Data_Master/UVD-0275.txt,Validation_Data_Master,0,True,,589,19,19,validation,30,30,drop,42
Validation_Data_Master/UVD-0276,Validation_Data_Master/UVD-0276.txt,Validation_Data_Master,0,True,,772,25,22,train,30,30,drop,42
Validation_Data_Master/UVD-0277,Validation_Data_Master/UVD-0277.txt,Validation_Data_Master,0,True,,141,4,21,validation,30,30,drop,42
Validation_Data_Master/UVD-0278,Validation_Data_Master/UVD-0278.txt,Validation_Data_Master,0,True,,139,4,19,train,30,30,drop,42
Validation_Data_Master/UVD-0279,Validation_Data_Master/UVD-0279.txt,Validation_Data_Master,0,True,,308,10,8,train,30,30,drop,42
Validation_Data_Master/UVD-0280,Validation_Data_Master/UVD-0280.txt,Validation_Data_Master,0,True,,863,28,23,validation,30,30,drop,42
Validation_Data_Master/UVD-0281,Validation_Data_Master/UVD-0281.txt,Validation_Data_Master,0,True,,1117,37,7,validation,30,30,drop,42
Validation_Data_Master/UVD-0282,Validation_Data_Master/UVD-0282.txt,Validation_Data_Master,0,True,,389,12,29,train,30,30,drop,42
Validation_Data_Master/UVD-0283,Validation_Data_Master/UVD-0283.txt,Validation_Data_Master,0,True,,817,27,7,train,30,30,drop,42
Validation_Data_Master/UVD-0284,Validation_Data_Master/UVD-0284.txt,Validation_Data_Master,0,True,,405,13,15,test,30,30,drop,42
Validation_Data_Master/UVD-0285,Validation_Data_Master/UVD-0285.txt,Validation_Data_Master,0,True,,359,11,29,train,30,30,drop,42
Validation_Data_Master/UVD-0286,Validation_Data_Master/UVD-0286.txt,Validation_Data_Master,0,True,,137,4,17,validation,30,30,drop,42
Validation_Data_Master/UVD-0287,Validation_Data_Master/UVD-0287.txt,Validation_Data_Master,0,True,,82,2,22,test,30,30,drop,42
Validation_Data_Master/UVD-0288,Validation_Data_Master/UVD-0288.txt,Validation_Data_Master,0,True,,1187,39,17,train,30,30,drop,42
Validation_Data_Master/UVD-0289,Validation_Data_Master/UVD-0289.txt,Validation_Data_Master,0,True,,1322,44,2,train,30,30,drop,42
Validation_Data_Master/UVD-0290,Validation_Data_Master/UVD-0290.txt,Validation_Data_Master,0,True,,1410,47,0,train,30,30,drop,42
Validation_Data_Master/UVD-0291,Validation_Data_Master/UVD-0291.txt,Validation_Data_Master,0,True,,437,14,17,train,30,30,drop,42
Validation_Data_Master/UVD-0292,Validation_Data_Master/UVD-0292.txt,Validation_Data_Master,0,True,,1416,47,6,train,30,30,drop,42
Validation_Data_Master/UVD-0293,Validation_Data_Master/UVD-0293.txt,Validation_Data_Master,0,True,,1503,50,3,train,30,30,drop,42
Validation_Data_Master/UVD-0294,Validation_Data_Master/UVD-0294.txt,Validation_Data_Master,0,True,,1525,50,25,train,30,30,drop,42
Validation_Data_Master/UVD-0295,Validation_Data_Master/UVD-0295.txt,Validation_Data_Master,0,True,,1619,53,29,validation,30,30,drop,42
Validation_Data_Master/UVD-0296,Validation_Data_Master/UVD-0296.txt,Validation_Data_Master,0,True,,81,2,21,train,30,30,drop,42
Validation_Data_Master/UVD-0297,Validation_Data_Master/UVD-0297.txt,Validation_Data_Master,0,True,,84,2,24,test,30,30,drop,42
Validation_Data_Master/UVD-0298,Validation_Data_Master/UVD-0298.txt,Validation_Data_Master,0,True,,1071,35,21,train,30,30,drop,42
Validation_Data_Master/UVD-0299,Validation_Data_Master/UVD-0299.txt,Validation_Data_Master,0,True,,855,28,15,validation,30,30,drop,42
Validation_Data_Master/UVD-0300,Validation_Data_Master/UVD-0300.txt,Validation_Data_Master,0,True,,738,24,18,test,30,30,drop,42
Validation_Data_Master/UVD-0301,Validation_Data_Master/UVD-0301.txt,Validation_Data_Master,0,True,,646,21,16,train,30,30,drop,42
Validation_Data_Master/UVD-0302,Validation_Data_Master/UVD-0302.txt,Validation_Data_Master,0,True,,432,14,12,train,30,30,drop,42
Validation_Data_Master/UVD-0303,Validation_Data_Master/UVD-0303.txt,Validation_Data_Master,0,True,,711,23,21,test,30,30,drop,42
Validation_Data_Master/UVD-0304,Validation_Data_Master/UVD-0304.txt,Validation_Data_Master,0,True,,726,24,6,train,30,30,drop,42
Validation_Data_Master/UVD-0305,Validation_Data_Master/UVD-0305.txt,Validation_Data_Master,0,True,,111,3,21,train,30,30,drop,42
Validation_Data_Master/UVD-0306,Validation_Data_Master/UVD-0306.txt,Validation_Data_Master,0,True,,169,5,19,validation,30,30,drop,42
Validation_Data_Master/UVD-0307,Validation_Data_Master/UVD-0307.txt,Validation_Data_Master,0,True,,319,10,19,train,30,30,drop,42
Validation_Data_Master/UVD-0308,Validation_Data_Master/UVD-0308.txt,Validation_Data_Master,0,True,,257,8,17,train,30,30,drop,42
Validation_Data_Master/UVD-0309,Validation_Data_Master/UVD-0309.txt,Validation_Data_Master,0,True,,94,3,4,validation,30,30,drop,42
Validation_Data_Master/UVD-0310,Validation_Data_Master/UVD-0310.txt,Validation_Data_Master,0,True,,270,9,0,train,30,30,drop,42
Validation_Data_Master/UVD-0311,Validation_Data_Master/UVD-0311.txt,Validation_Data_Master,0,True,,765,25,15,train,30,30,drop,42
Validation_Data_Master/UVD-0312,Validation_Data_Master/UVD-0312.txt,Validation_Data_Master,0,True,,868,28,28,test,30,30,drop,42
Validation_Data_Master/UVD-0313,Validation_Data_Master/UVD-0313.txt,Validation_Data_Master,0,True,,518,17,8,test,30,30,drop,42
Validation_Data_Master/UVD-0314,Validation_Data_Master/UVD-0314.txt,Validation_Data_Master,0,True,,101,3,11,train,30,30,drop,42
Validation_Data_Master/UVD-0315,Validation_Data_Master/UVD-0315.txt,Validation_Data_Master,0,True,,186,6,6,validation,30,30,drop,42
Validation_Data_Master/UVD-0316,Validation_Data_Master/UVD-0316.txt,Validation_Data_Master,0,True,,270,9,0,test,30,30,drop,42
Validation_Data_Master/UVD-0317,Validation_Data_Master/UVD-0317.txt,Validation_Data_Master,0,True,,93,3,3,test,30,30,drop,42
Validation_Data_Master/UVD-0318,Validation_Data_Master/UVD-0318.txt,Validation_Data_Master,0,True,,705,23,15,train,30,30,drop,42
Validation_Data_Master/UVD-0319,Validation_Data_Master/UVD-0319.txt,Validation_Data_Master,0,True,,133,4,13,train,30,30,drop,42
Validation_Data_Master/UVD-0320,Validation_Data_Master/UVD-0320.txt,Validation_Data_Master,0,True,,121,4,1,test,30,30,drop,42
Validation_Data_Master/UVD-0321,Validation_Data_Master/UVD-0321.txt,Validation_Data_Master,0,True,,147,4,27,train,30,30,drop,42
Validation_Data_Master/UVD-0322,Validation_Data_Master/UVD-0322.txt,Validation_Data_Master,0,True,,215,7,5,train,30,30,drop,42
Validation_Data_Master/UVD-0323,Validation_Data_Master/UVD-0323.txt,Validation_Data_Master,0,True,,229,7,19,validation,30,30,drop,42
Validation_Data_Master/UVD-0324,Validation_Data_Master/UVD-0324.txt,Validation_Data_Master,0,True,,1482,49,12,train,30,30,drop,42
Validation_Data_Master/UVD-0325,Validation_Data_Master/UVD-0325.txt,Validation_Data_Master,0,True,,143,4,23,train,30,30,drop,42
Validation_Data_Master/UVD-0326,Validation_Data_Master/UVD-0326.txt,Validation_Data_Master,0,True,,236,7,26,test,30,30,drop,42
Validation_Data_Master/UVD-0327,Validation_Data_Master/UVD-0327.txt,Validation_Data_Master,0,True,,1484,49,14,train,30,30,drop,42
Validation_Data_Master/UVD-0328,Validation_Data_Master/UVD-0328.txt,Validation_Data_Master,0,True,,528,17,18,test,30,30,drop,42
Validation_Data_Master/UVD-0329,Validation_Data_Master/UVD-0329.txt,Validation_Data_Master,0,True,,103,3,13,train,30,30,drop,42
Validation_Data_Master/UVD-0330,Validation_Data_Master/UVD-0330.txt,Validation_Data_Master,0,True,,147,4,27,train,30,30,drop,42
Validation_Data_Master/UVD-0331,Validation_Data_Master/UVD-0331.txt,Validation_Data_Master,0,True,,1410,47,0,test,30,30,drop,42
Validation_Data_Master/UVD-0332,Validation_Data_Master/UVD-0332.txt,Validation_Data_Master,0,True,,120,4,0,train,30,30,drop,42
Validation_Data_Master/UVD-0333,Validation_Data_Master/UVD-0333.txt,Validation_Data_Master,0,True,,327,10,27,test,30,30,drop,42
Validation_Data_Master/UVD-0334,Validation_Data_Master/UVD-0334.txt,Validation_Data_Master,0,True,,223,7,13,test,30,30,drop,42
Validation_Data_Master/UVD-0335,Validation_Data_Master/UVD-0335.txt,Validation_Data_Master,0,True,,4494,149,24,train,30,30,drop,42
Validation_Data_Master/UVD-0336,Validation_Data_Master/UVD-0336.txt,Validation_Data_Master,0,True,,583,19,13,validation,30,30,drop,42
Validation_Data_Master/UVD-0337,Validation_Data_Master/UVD-0337.txt,Validation_Data_Master,0,True,,1253,41,23,train,30,30,drop,42
Validation_Data_Master/UVD-0338,Validation_Data_Master/UVD-0338.txt,Validation_Data_Master,0,True,,354,11,24,test,30,30,drop,42
Validation_Data_Master/UVD-0339,Validation_Data_Master/UVD-0339.txt,Validation_Data_Master,0,True,,423,14,3,test,30,30,drop,42
Validation_Data_Master/UVD-0340,Validation_Data_Master/UVD-0340.txt,Validation_Data_Master,0,True,,883,29,13,train,30,30,drop,42
Validation_Data_Master/UVD-0341,Validation_Data_Master/UVD-0341.txt,Validation_Data_Master,0,True,,752,25,2,train,30,30,drop,42
Validation_Data_Master/UVD-0342,Validation_Data_Master/UVD-0342.txt,Validation_Data_Master,0,True,,1322,44,2,validation,30,30,drop,42
Validation_Data_Master/UVD-0343,Validation_Data_Master/UVD-0343.txt,Validation_Data_Master,0,True,,815,27,5,train,30,30,drop,42
Validation_Data_Master/UVD-0344,Validation_Data_Master/UVD-0344.txt,Validation_Data_Master,0,True,,149,4,29,validation,30,30,drop,42
Validation_Data_Master/UVD-0345,Validation_Data_Master/UVD-0345.txt,Validation_Data_Master,0,True,,241,8,1,train,30,30,drop,42
Validation_Data_Master/UVD-0346,Validation_Data_Master/UVD-0346.txt,Validation_Data_Master,0,True,,191,6,11,train,30,30,drop,42
Validation_Data_Master/UVD-0347,Validation_Data_Master/UVD-0347.txt,Validation_Data_Master,0,True,,428,14,8,train,30,30,drop,42
Validation_Data_Master/UVD-0348,Validation_Data_Master/UVD-0348.txt,Validation_Data_Master,0,True,,610,20,10,train,30,30,drop,42
Validation_Data_Master/UVD-0349,Validation_Data_Master/UVD-0349.txt,Validation_Data_Master,0,True,,1261,42,1,train,30,30,drop,42
Validation_Data_Master/UVD-0350,Validation_Data_Master/UVD-0350.txt,Validation_Data_Master,0,True,,274,9,4,train,30,30,drop,42
Validation_Data_Master/UVD-0351,Validation_Data_Master/UVD-0351.txt,Validation_Data_Master,0,True,,423,14,3,test,30,30,drop,42
Validation_Data_Master/UVD-0352,Validation_Data_Master/UVD-0352.txt,Validation_Data_Master,0,True,,128,4,8,train,30,30,drop,42
Validation_Data_Master/UVD-0353,Validation_Data_Master/UVD-0353.txt,Validation_Data_Master,0,True,,89,2,29,test,30,30,drop,42
Validation_Data_Master/UVD-0354,Validation_Data_Master/UVD-0354.txt,Validation_Data_Master,0,True,,269,8,29,validation,30,30,drop,42
Validation_Data_Master/UVD-0355,Validation_Data_Master/UVD-0355.txt,Validation_Data_Master,0,True,,269,8,29,train,30,30,drop,42
Validation_Data_Master/UVD-0356,Validation_Data_Master/UVD-0356.txt,Validation_Data_Master,0,True,,124,4,4,train,30,30,drop,42
Validation_Data_Master/UVD-0357,Validation_Data_Master/UVD-0357.txt,Validation_Data_Master,0,True,,243,8,3,train,30,30,drop,42
Validation_Data_Master/UVD-0358,Validation_Data_Master/UVD-0358.txt,Validation_Data_Master,0,True,,190,6,10,validation,30,30,drop,42
Validation_Data_Master/UVD-0359,Validation_Data_Master/UVD-0359.txt,Validation_Data_Master,0,True,,1730,57,20,train,30,30,drop,42
Validation_Data_Master/UVD-0360,Validation_Data_Master/UVD-0360.txt,Validation_Data_Master,0,True,,169,5,19,train,30,30,drop,42
Validation_Data_Master/UVD-0361,Validation_Data_Master/UVD-0361.txt,Validation_Data_Master,0,True,,1744,58,4,train,30,30,drop,42
Validation_Data_Master/UVD-0362,Validation_Data_Master/UVD-0362.txt,Validation_Data_Master,0,True,,259,8,19,train,30,30,drop,42
Validation_Data_Master/UVD-0363,Validation_Data_Master/UVD-0363.txt,Validation_Data_Master,0,True,,2499,83,9,train,30,30,drop,42
Validation_Data_Master/UVD-0364,Validation_Data_Master/UVD-0364.txt,Validation_Data_Master,0,True,,2523,84,3,train,30,30,drop,42
Validation_Data_Master/UVD-0365,Validation_Data_Master/UVD-0365.txt,Validation_Data_Master,0,True,,567,18,27,train,30,30,drop,42
Validation_Data_Master/UVD-0366,Validation_Data_Master/UVD-0366.txt,Validation_Data_Master,0,True,,645,21,15,validation,30,30,drop,42
Validation_Data_Master/UVD-0367,Validation_Data_Master/UVD-0367.txt,Validation_Data_Master,0,True,,101,3,11,train,30,30,drop,42
Validation_Data_Master/UVD-0368,Validation_Data_Master/UVD-0368.txt,Validation_Data_Master,0,True,,479,15,29,train,30,30,drop,42
Validation_Data_Master/UVD-0369,Validation_Data_Master/UVD-0369.txt,Validation_Data_Master,0,True,,883,29,13,train,30,30,drop,42
Validation_Data_Master/UVD-0370,Validation_Data_Master/UVD-0370.txt,Validation_Data_Master,0,True,,101,3,11,train,30,30,drop,42
Validation_Data_Master/UVD-0371,Validation_Data_Master/UVD-0371.txt,Validation_Data_Master,0,True,,1524,50,24,train,30,30,drop,42
Validation_Data_Master/UVD-0372,Validation_Data_Master/UVD-0372.txt,Validation_Data_Master,0,True,,127,4,7,test,30,30,drop,42
Validation_Data_Master/UVD-0373,Validation_Data_Master/UVD-0373.txt,Validation_Data_Master,0,True,,1419,47,9,train,30,30,drop,42
Validation_Data_Master/UVD-0374,Validation_Data_Master/UVD-0374.txt,Validation_Data_Master,0,True,,1303,43,13,validation,30,30,drop,42
Validation_Data_Master/UVD-0375,Validation_Data_Master/UVD-0375.txt,Validation_Data_Master,0,True,,359,11,29,train,30,30,drop,42
Validation_Data_Master/UVD-0376,Validation_Data_Master/UVD-0376.txt,Validation_Data_Master,0,True,,342,11,12,validation,30,30,drop,42
Validation_Data_Master/UVD-0377,Validation_Data_Master/UVD-0377.txt,Validation_Data_Master,0,True,,313,10,13,train,30,30,drop,42
Validation_Data_Master/UVD-0378,Validation_Data_Master/UVD-0378.txt,Validation_Data_Master,0,True,,883,29,13,train,30,30,drop,42
Validation_Data_Master/UVD-0379,Validation_Data_Master/UVD-0379.txt,Validation_Data_Master,0,True,,134,4,14,train,30,30,drop,42
Validation_Data_Master/UVD-0380,Validation_Data_Master/UVD-0380.txt,Validation_Data_Master,0,True,,481,16,1,train,30,30,drop,42
Validation_Data_Master/UVD-0381,Validation_Data_Master/UVD-0381.txt,Validation_Data_Master,0,True,,128,4,8,train,30,30,drop,42
Validation_Data_Master/UVD-0382,Validation_Data_Master/UVD-0382.txt,Validation_Data_Master,0,True,,116,3,26,train,30,30,drop,42
Validation_Data_Master/UVD-0383,Validation_Data_Master/UVD-0383.txt,Validation_Data_Master,0,True,,1219,40,19,train,30,30,drop,42
Validation_Data_Master/UVD-0384,Validation_Data_Master/UVD-0384.txt,Validation_Data_Master,0,True,,469,15,19,train,30,30,drop,42
Validation_Data_Master/UVD-0385,Validation_Data_Master/UVD-0385.txt,Validation_Data_Master,0,True,,2007,66,27,test,30,30,drop,42
Validation_Data_Master/UVD-0386,Validation_Data_Master/UVD-0386.txt,Validation_Data_Master,0,True,,1219,40,19,test,30,30,drop,42
Validation_Data_Master/UVD-0387,Validation_Data_Master/UVD-0387.txt,Validation_Data_Master,0,True,,543,18,3,train,30,30,drop,42
Validation_Data_Master/UVD-0388,Validation_Data_Master/UVD-0388.txt,Validation_Data_Master,0,True,,1472,49,2,train,30,30,drop,42
Validation_Data_Master/UVD-0389,Validation_Data_Master/UVD-0389.txt,Validation_Data_Master,0,True,,223,7,13,validation,30,30,drop,42
Validation_Data_Master/UVD-0390,Validation_Data_Master/UVD-0390.txt,Validation_Data_Master,0,True,,93,3,3,train,30,30,drop,42
Validation_Data_Master/UVD-0391,Validation_Data_Master/UVD-0391.txt,Validation_Data_Master,0,True,,169,5,19,train,30,30,drop,42
Validation_Data_Master/UVD-0392,Validation_Data_Master/UVD-0392.txt,Validation_Data_Master,0,True,,180,6,0,train,30,30,drop,42
Validation_Data_Master/UVD-0393,Validation_Data_Master/UVD-0393.txt,Validation_Data_Master,0,True,,493,16,13,test,30,30,drop,42
Validation_Data_Master/UVD-0394,Validation_Data_Master/UVD-0394.txt,Validation_Data_Master,0,True,,3251,108,11,test,30,30,drop,42
Validation_Data_Master/UVD-0395,Validation_Data_Master/UVD-0395.txt,Validation_Data_Master,0,True,,154,5,4,train,30,30,drop,42
Validation_Data_Master/UVD-0396,Validation_Data_Master/UVD-0396.txt,Validation_Data_Master,0,True,,1507,50,7,test,30,30,drop,42
Validation_Data_Master/UVD-0397,Validation_Data_Master/UVD-0397.txt,Validation_Data_Master,0,True,,182,6,2,train,30,30,drop,42
Validation_Data_Master/UVD-0398,Validation_Data_Master/UVD-0398.txt,Validation_Data_Master,0,True,,112,3,22,validation,30,30,drop,42
Validation_Data_Master/UVD-0399,Validation_Data_Master/UVD-0399.txt,Validation_Data_Master,0,True,,479,15,29,train,30,30,drop,42
Validation_Data_Master/UVD-0400,Validation_Data_Master/UVD-0400.txt,Validation_Data_Master,0,True,,152,5,2,train,30,30,drop,42
Validation_Data_Master/UVD-0401,Validation_Data_Master/UVD-0401.txt,Validation_Data_Master,0,True,,152,5,2,train,30,30,drop,42
Validation_Data_Master/UVD-0402,Validation_Data_Master/UVD-0402.txt,Validation_Data_Master,0,True,,121,4,1,train,30,30,drop,42
Validation_Data_Master/UVD-0403,Validation_Data_Master/UVD-0403.txt,Validation_Data_Master,0,True,,152,5,2,test,30,30,drop,42
Validation_Data_Master/UVD-0404,Validation_Data_Master/UVD-0404.txt,Validation_Data_Master,0,True,,152,5,2,validation,30,30,drop,42
Validation_Data_Master/UVD-0405,Validation_Data_Master/UVD-0405.txt,Validation_Data_Master,0,True,,117,3,27,train,30,30,drop,42
Validation_Data_Master/UVD-0406,Validation_Data_Master/UVD-0406.txt,Validation_Data_Master,0,True,,110,3,20,train,30,30,drop,42
Validation_Data_Master/UVD-0407,Validation_Data_Master/UVD-0407.txt,Validation_Data_Master,0,True,,2068,68,28,train,30,30,drop,42
Validation_Data_Master/UVD-0408,Validation_Data_Master/UVD-0408.txt,Validation_Data_Master,0,True,,164,5,14,train,30,30,drop,42
Validation_Data_Master/UVD-0409,Validation_Data_Master/UVD-0409.txt,Validation_Data_Master,0,True,,130,4,10,train,30,30,drop,42
Validation_Data_Master/UVD-0410,Validation_Data_Master/UVD-0410.txt,Validation_Data_Master,0,True,,148,4,28,train,30,30,drop,42
Validation_Data_Master/UVD-0411,Validation_Data_Master/UVD-0411.txt,Validation_Data_Master,0,True,,148,4,28,test,30,30,drop,42
Validation_Data_Master/UVD-0412,Validation_Data_Master/UVD-0412.txt,Validation_Data_Master,0,True,,148,4,28,test,30,30,drop,42
Validation_Data_Master/UVD-0413,Validation_Data_Master/UVD-0413.txt,Validation_Data_Master,0,True,,104,3,14,train,30,30,drop,42
Validation_Data_Master/UVD-0414,Validation_Data_Master/UVD-0414.txt,Validation_Data_Master,0,True,,148,4,28,train,30,30,drop,42
Validation_Data_Master/UVD-0415,Validation_Data_Master/UVD-0415.txt,Validation_Data_Master,0,True,,149,4,29,train,30,30,drop,42
Validation_Data_Master/UVD-0416,Validation_Data_Master/UVD-0416.txt,Validation_Data_Master,0,True,,148,4,28,train,30,30,drop,42
Validation_Data_Master/UVD-0417,Validation_Data_Master/UVD-0417.txt,Validation_Data_Master,0,True,,148,4,28,train,30,30,drop,42
Validation_Data_Master/UVD-0418,Validation_Data_Master/UVD-0418.txt,Validation_Data_Master,0,True,,148,4,28,validation,30,30,drop,42
Validation_Data_Master/UVD-0419,Validation_Data_Master/UVD-0419.txt,Validation_Data_Master,0,True,,148,4,28,train,30,30,drop,42
Validation_Data_Master/UVD-0420,Validation_Data_Master/UVD-0420.txt,Validation_Data_Master,0,True,,148,4,28,train,30,30,drop,42
Validation_Data_Master/UVD-0421,Validation_Data_Master/UVD-0421.txt,Validation_Data_Master,0,True,,148,4,28,train,30,30,drop,42
Validation_Data_Master/UVD-0422,Validation_Data_Master/UVD-0422.txt,Validation_Data_Master,0,True,,148,4,28,train,30,30,drop,42
Validation_Data_Master/UVD-0423,Validation_Data_Master/UVD-0423.txt,Validation_Data_Master,0,True,,164,5,14,train,30,30,drop,42
Validation_Data_Master/UVD-0424,Validation_Data_Master/UVD-0424.txt,Validation_Data_Master,0,True,,114,3,24,train,30,30,drop,42
Validation_Data_Master/UVD-0425,Validation_Data_Master/UVD-0425.txt,Validation_Data_Master,0,True,,130,4,10,train,30,30,drop,42
Validation_Data_Master/UVD-0426,Validation_Data_Master/UVD-0426.txt,Validation_Data_Master,0,True,,148,4,28,train,30,30,drop,42
Validation_Data_Master/UVD-0427,Validation_Data_Master/UVD-0427.txt,Validation_Data_Master,0,True,,148,4,28,train,30,30,drop,42
Validation_Data_Master/UVD-0428,Validation_Data_Master/UVD-0428.txt,Validation_Data_Master,0,True,,148,4,28,validation,30,30,drop,42
Validation_Data_Master/UVD-0429,Validation_Data_Master/UVD-0429.txt,Validation_Data_Master,0,True,,148,4,28,train,30,30,drop,42
Validation_Data_Master/UVD-0430,Validation_Data_Master/UVD-0430.txt,Validation_Data_Master,0,True,,149,4,29,train,30,30,drop,42
Validation_Data_Master/UVD-0431,Validation_Data_Master/UVD-0431.txt,Validation_Data_Master,0,True,,148,4,28,train,30,30,drop,42
Validation_Data_Master/UVD-0432,Validation_Data_Master/UVD-0432.txt,Validation_Data_Master,0,True,,148,4,28,train,30,30,drop,42
Validation_Data_Master/UVD-0433,Validation_Data_Master/UVD-0433.txt,Validation_Data_Master,0,True,,148,4,28,train,30,30,drop,42
Validation_Data_Master/UVD-0434,Validation_Data_Master/UVD-0434.txt,Validation_Data_Master,0,True,,149,4,29,test,30,30,drop,42
Validation_Data_Master/UVD-0435,Validation_Data_Master/UVD-0435.txt,Validation_Data_Master,0,True,,99,3,9,train,30,30,drop,42
Validation_Data_Master/UVD-0436,Validation_Data_Master/UVD-0436.txt,Validation_Data_Master,0,True,,148,4,28,validation,30,30,drop,42
Validation_Data_Master/UVD-0437,Validation_Data_Master/UVD-0437.txt,Validation_Data_Master,0,True,,148,4,28,test,30,30,drop,42
Validation_Data_Master/UVD-0438,Validation_Data_Master/UVD-0438.txt,Validation_Data_Master,0,True,,148,4,28,test,30,30,drop,42
Validation_Data_Master/UVD-0439,Validation_Data_Master/UVD-0439.txt,Validation_Data_Master,0,True,,204,6,24,train,30,30,drop,42
Validation_Data_Master/UVD-0440,Validation_Data_Master/UVD-0440.txt,Validation_Data_Master,0,True,,741,24,21,train,30,30,drop,42
Validation_Data_Master/UVD-0441,Validation_Data_Master/UVD-0441.txt,Validation_Data_Master,0,True,,212,7,2,train,30,30,drop,42
Validation_Data_Master/UVD-0442,Validation_Data_Master/UVD-0442.txt,Validation_Data_Master,0,True,,94,3,4,train,30,30,drop,42
Validation_Data_Master/UVD-0443,Validation_Data_Master/UVD-0443.txt,Validation_Data_Master,0,True,,2433,81,3,train,30,30,drop,42
Validation_Data_Master/UVD-0444,Validation_Data_Master/UVD-0444.txt,Validation_Data_Master,0,True,,141,4,21,validation,30,30,drop,42
Validation_Data_Master/UVD-0445,Validation_Data_Master/UVD-0445.txt,Validation_Data_Master,0,True,,104,3,14,test,30,30,drop,42
Validation_Data_Master/UVD-0446,Validation_Data_Master/UVD-0446.txt,Validation_Data_Master,0,True,,1853,61,23,train,30,30,drop,42
Validation_Data_Master/UVD-0447,Validation_Data_Master/UVD-0447.txt,Validation_Data_Master,0,True,,234,7,24,train,30,30,drop,42
Validation_Data_Master/UVD-0448,Validation_Data_Master/UVD-0448.txt,Validation_Data_Master,0,True,,150,5,0,validation,30,30,drop,42
Validation_Data_Master/UVD-0449,Validation_Data_Master/UVD-0449.txt,Validation_Data_Master,0,True,,255,8,15,train,30,30,drop,42
Validation_Data_Master/UVD-0450,Validation_Data_Master/UVD-0450.txt,Validation_Data_Master,0,True,,674,22,14,validation,30,30,drop,42
Validation_Data_Master/UVD-0451,Validation_Data_Master/UVD-0451.txt,Validation_Data_Master,0,True,,925,30,25,train,30,30,drop,42
Validation_Data_Master/UVD-0452,Validation_Data_Master/UVD-0452.txt,Validation_Data_Master,0,True,,107,3,17,validation,30,30,drop,42
Validation_Data_Master/UVD-0453,Validation_Data_Master/UVD-0453.txt,Validation_Data_Master,0,True,,211,7,1,train,30,30,drop,42
Validation_Data_Master/UVD-0454,Validation_Data_Master/UVD-0454.txt,Validation_Data_Master,0,True,,121,4,1,validation,30,30,drop,42
Validation_Data_Master/UVD-0455,Validation_Data_Master/UVD-0455.txt,Validation_Data_Master,0,True,,137,4,17,train,30,30,drop,42
Validation_Data_Master/UVD-0456,Validation_Data_Master/UVD-0456.txt,Validation_Data_Master,0,True,,110,3,20,train,30,30,drop,42
Validation_Data_Master/UVD-0457,Validation_Data_Master/UVD-0457.txt,Validation_Data_Master,0,True,,110,3,20,train,30,30,drop,42
Validation_Data_Master/UVD-0458,Validation_Data_Master/UVD-0458.txt,Validation_Data_Master,0,True,,516,17,6,train,30,30,drop,42
Validation_Data_Master/UVD-0459,Validation_Data_Master/UVD-0459.txt,Validation_Data_Master,0,True,,110,3,20,test,30,30,drop,42
Validation_Data_Master/UVD-0460,Validation_Data_Master/UVD-0460.txt,Validation_Data_Master,0,True,,110,3,20,train,30,30,drop,42
Validation_Data_Master/UVD-0461,Validation_Data_Master/UVD-0461.txt,Validation_Data_Master,0,True,,110,3,20,train,30,30,drop,42
Validation_Data_Master/UVD-0462,Validation_Data_Master/UVD-0462.txt,Validation_Data_Master,0,True,,110,3,20,train,30,30,drop,42
Validation_Data_Master/UVD-0463,Validation_Data_Master/UVD-0463.txt,Validation_Data_Master,0,True,,110,3,20,train,30,30,drop,42
Validation_Data_Master/UVD-0464,Validation_Data_Master/UVD-0464.txt,Validation_Data_Master,0,True,,151,5,1,train,30,30,drop,42
Validation_Data_Master/UVD-0465,Validation_Data_Master/UVD-0465.txt,Validation_Data_Master,0,True,,151,5,1,train,30,30,drop,42
Validation_Data_Master/UVD-0466,Validation_Data_Master/UVD-0466.txt,Validation_Data_Master,0,True,,382,12,22,train,30,30,drop,42
Validation_Data_Master/UVD-0467,Validation_Data_Master/UVD-0467.txt,Validation_Data_Master,0,True,,154,5,4,train,30,30,drop,42
Validation_Data_Master/UVD-0468,Validation_Data_Master/UVD-0468.txt,Validation_Data_Master,0,True,,154,5,4,train,30,30,drop,42
Validation_Data_Master/UVD-0469,Validation_Data_Master/UVD-0469.txt,Validation_Data_Master,0,True,,612,20,12,train,30,30,drop,42
Validation_Data_Master/UVD-0470,Validation_Data_Master/UVD-0470.txt,Validation_Data_Master,0,True,,151,5,1,validation,30,30,drop,42
Validation_Data_Master/UVD-0471,Validation_Data_Master/UVD-0471.txt,Validation_Data_Master,0,True,,154,5,4,train,30,30,drop,42
Validation_Data_Master/UVD-0472,Validation_Data_Master/UVD-0472.txt,Validation_Data_Master,0,True,,151,5,1,train,30,30,drop,42
Validation_Data_Master/UVD-0473,Validation_Data_Master/UVD-0473.txt,Validation_Data_Master,0,True,,151,5,1,test,30,30,drop,42
Validation_Data_Master/UVD-0474,Validation_Data_Master/UVD-0474.txt,Validation_Data_Master,0,True,,151,5,1,test,30,30,drop,42
Validation_Data_Master/UVD-0475,Validation_Data_Master/UVD-0475.txt,Validation_Data_Master,0,True,,394,13,4,validation,30,30,drop,42
Validation_Data_Master/UVD-0476,Validation_Data_Master/UVD-0476.txt,Validation_Data_Master,0,True,,149,4,29,test,30,30,drop,42
Validation_Data_Master/UVD-0477,Validation_Data_Master/UVD-0477.txt,Validation_Data_Master,0,True,,885,29,15,train,30,30,drop,42
Validation_Data_Master/UVD-0478,Validation_Data_Master/UVD-0478.txt,Validation_Data_Master,0,True,,250,8,10,train,30,30,drop,42
Validation_Data_Master/UVD-0479,Validation_Data_Master/UVD-0479.txt,Validation_Data_Master,0,True,,226,7,16,train,30,30,drop,42
Validation_Data_Master/UVD-0480,Validation_Data_Master/UVD-0480.txt,Validation_Data_Master,0,True,,575,19,5,validation,30,30,drop,42
Validation_Data_Master/UVD-0481,Validation_Data_Master/UVD-0481.txt,Validation_Data_Master,0,True,,146,4,26,train,30,30,drop,42
Validation_Data_Master/UVD-0482,Validation_Data_Master/UVD-0482.txt,Validation_Data_Master,0,True,,221,7,11,train,30,30,drop,42
Validation_Data_Master/UVD-0483,Validation_Data_Master/UVD-0483.txt,Validation_Data_Master,0,True,,145,4,25,train,30,30,drop,42
Validation_Data_Master/UVD-0484,Validation_Data_Master/UVD-0484.txt,Validation_Data_Master,0,True,,141,4,21,train,30,30,drop,42
Validation_Data_Master/UVD-0485,Validation_Data_Master/UVD-0485.txt,Validation_Data_Master,0,True,,145,4,25,train,30,30,drop,42
Validation_Data_Master/UVD-0486,Validation_Data_Master/UVD-0486.txt,Validation_Data_Master,0,True,,145,4,25,train,30,30,drop,42
Validation_Data_Master/UVD-0487,Validation_Data_Master/UVD-0487.txt,Validation_Data_Master,0,True,,227,7,17,train,30,30,drop,42
Validation_Data_Master/UVD-0488,Validation_Data_Master/UVD-0488.txt,Validation_Data_Master,0,True,,226,7,16,train,30,30,drop,42
Validation_Data_Master/UVD-0489,Validation_Data_Master/UVD-0489.txt,Validation_Data_Master,0,True,,140,4,20,train,30,30,drop,42
Validation_Data_Master/UVD-0490,Validation_Data_Master/UVD-0490.txt,Validation_Data_Master,0,True,,146,4,26,train,30,30,drop,42
Validation_Data_Master/UVD-0491,Validation_Data_Master/UVD-0491.txt,Validation_Data_Master,0,True,,615,20,15,validation,30,30,drop,42
Validation_Data_Master/UVD-0492,Validation_Data_Master/UVD-0492.txt,Validation_Data_Master,0,True,,141,4,21,validation,30,30,drop,42
Validation_Data_Master/UVD-0493,Validation_Data_Master/UVD-0493.txt,Validation_Data_Master,0,True,,222,7,12,test,30,30,drop,42
Validation_Data_Master/UVD-0494,Validation_Data_Master/UVD-0494.txt,Validation_Data_Master,0,True,,145,4,25,train,30,30,drop,42
Validation_Data_Master/UVD-0495,Validation_Data_Master/UVD-0495.txt,Validation_Data_Master,0,True,,144,4,24,train,30,30,drop,42
Validation_Data_Master/UVD-0496,Validation_Data_Master/UVD-0496.txt,Validation_Data_Master,0,True,,145,4,25,train,30,30,drop,42
Validation_Data_Master/UVD-0497,Validation_Data_Master/UVD-0497.txt,Validation_Data_Master,0,True,,146,4,26,validation,30,30,drop,42
Validation_Data_Master/UVD-0498,Validation_Data_Master/UVD-0498.txt,Validation_Data_Master,0,True,,222,7,12,validation,30,30,drop,42
Validation_Data_Master/UVD-0499,Validation_Data_Master/UVD-0499.txt,Validation_Data_Master,0,True,,146,4,26,train,30,30,drop,42
Validation_Data_Master/UVD-0500,Validation_Data_Master/UVD-0500.txt,Validation_Data_Master,0,True,,143,4,23,test,30,30,drop,42
Validation_Data_Master/UVD-0501,Validation_Data_Master/UVD-0501.txt,Validation_Data_Master,0,True,,145,4,25,train,30,30,drop,42
Validation_Data_Master/UVD-0502,Validation_Data_Master/UVD-0502.txt,Validation_Data_Master,0,True,,589,19,19,test,30,30,drop,42
Validation_Data_Master/UVD-0503,Validation_Data_Master/UVD-0503.txt,Validation_Data_Master,0,True,,217,7,7,train,30,30,drop,42
Validation_Data_Master/UVD-0504,Validation_Data_Master/UVD-0504.txt,Validation_Data_Master,0,True,,142,4,22,train,30,30,drop,42
Validation_Data_Master/UVD-0505,Validation_Data_Master/UVD-0505.txt,Validation_Data_Master,0,True,,215,7,5,train,30,30,drop,42
Validation_Data_Master/UVD-0506,Validation_Data_Master/UVD-0506.txt,Validation_Data_Master,0,True,,213,7,3,train,30,30,drop,42
Validation_Data_Master/UVD-0507,Validation_Data_Master/UVD-0507.txt,Validation_Data_Master,0,True,,219,7,9,train,30,30,drop,42
Validation_Data_Master/UVD-0508,Validation_Data_Master/UVD-0508.txt,Validation_Data_Master,0,True,,212,7,2,train,30,30,drop,42
Validation_Data_Master/UVD-0509,Validation_Data_Master/UVD-0509.txt,Validation_Data_Master,0,True,,215,7,5,train,30,30,drop,42
Validation_Data_Master/UVD-0510,Validation_Data_Master/UVD-0510.txt,Validation_Data_Master,0,True,,209,6,29,train,30,30,drop,42
Validation_Data_Master/UVD-0511,Validation_Data_Master/UVD-0511.txt,Validation_Data_Master,0,True,,208,6,28,train,30,30,drop,42
Validation_Data_Master/UVD-0512,Validation_Data_Master/UVD-0512.txt,Validation_Data_Master,0,True,,212,7,2,train,30,30,drop,42
Validation_Data_Master/UVD-0513,Validation_Data_Master/UVD-0513.txt,Validation_Data_Master,0,True,,772,25,22,validation,30,30,drop,42
Validation_Data_Master/UVD-0514,Validation_Data_Master/UVD-0514.txt,Validation_Data_Master,0,True,,218,7,8,test,30,30,drop,42
Validation_Data_Master/UVD-0515,Validation_Data_Master/UVD-0515.txt,Validation_Data_Master,0,True,,145,4,25,train,30,30,drop,42
Validation_Data_Master/UVD-0516,Validation_Data_Master/UVD-0516.txt,Validation_Data_Master,0,True,,142,4,22,train,30,30,drop,42
Validation_Data_Master/UVD-0517,Validation_Data_Master/UVD-0517.txt,Validation_Data_Master,0,True,,144,4,24,train,30,30,drop,42
Validation_Data_Master/UVD-0518,Validation_Data_Master/UVD-0518.txt,Validation_Data_Master,0,True,,145,4,25,train,30,30,drop,42
Validation_Data_Master/UVD-0519,Validation_Data_Master/UVD-0519.txt,Validation_Data_Master,0,True,,141,4,21,train,30,30,drop,42
Validation_Data_Master/UVD-0520,Validation_Data_Master/UVD-0520.txt,Validation_Data_Master,0,True,,225,7,15,test,30,30,drop,42
Validation_Data_Master/UVD-0521,Validation_Data_Master/UVD-0521.txt,Validation_Data_Master,0,True,,142,4,22,train,30,30,drop,42
Validation_Data_Master/UVD-0522,Validation_Data_Master/UVD-0522.txt,Validation_Data_Master,0,True,,146,4,26,train,30,30,drop,42
Validation_Data_Master/UVD-0523,Validation_Data_Master/UVD-0523.txt,Validation_Data_Master,0,True,,144,4,24,train,30,30,drop,42
Validation_Data_Master/UVD-0524,Validation_Data_Master/UVD-0524.txt,Validation_Data_Master,0,True,,141,4,21,test,30,30,drop,42
Validation_Data_Master/UVD-0525,Validation_Data_Master/UVD-0525.txt,Validation_Data_Master,0,True,,145,4,25,test,30,30,drop,42
Validation_Data_Master/UVD-0526,Validation_Data_Master/UVD-0526.txt,Validation_Data_Master,0,True,,215,7,5,test,30,30,drop,42
Validation_Data_Master/UVD-0527,Validation_Data_Master/UVD-0527.txt,Validation_Data_Master,0,True,,220,7,10,test,30,30,drop,42
Validation_Data_Master/UVD-0528,Validation_Data_Master/UVD-0528.txt,Validation_Data_Master,0,True,,142,4,22,train,30,30,drop,42
Validation_Data_Master/UVD-0529,Validation_Data_Master/UVD-0529.txt,Validation_Data_Master,0,True,,221,7,11,train,30,30,drop,42
Validation_Data_Master/UVD-0530,Validation_Data_Master/UVD-0530.txt,Validation_Data_Master,0,True,,144,4,24,train,30,30,drop,42
Validation_Data_Master/UVD-0531,Validation_Data_Master/UVD-0531.txt,Validation_Data_Master,0,True,,213,7,3,train,30,30,drop,42
Validation_Data_Master/UVD-0532,Validation_Data_Master/UVD-0532.txt,Validation_Data_Master,0,True,,145,4,25,train,30,30,drop,42
Validation_Data_Master/UVD-0533,Validation_Data_Master/UVD-0533.txt,Validation_Data_Master,0,True,,215,7,5,train,30,30,drop,42
Validation_Data_Master/UVD-0534,Validation_Data_Master/UVD-0534.txt,Validation_Data_Master,0,True,,142,4,22,train,30,30,drop,42
Validation_Data_Master/UVD-0535,Validation_Data_Master/UVD-0535.txt,Validation_Data_Master,0,True,,139,4,19,train,30,30,drop,42
Validation_Data_Master/UVD-0536,Validation_Data_Master/UVD-0536.txt,Validation_Data_Master,0,True,,229,7,19,train,30,30,drop,42
Validation_Data_Master/UVD-0537,Validation_Data_Master/UVD-0537.txt,Validation_Data_Master,0,True,,140,4,20,train,30,30,drop,42
Validation_Data_Master/UVD-0538,Validation_Data_Master/UVD-0538.txt,Validation_Data_Master,0,True,,213,7,3,train,30,30,drop,42
Validation_Data_Master/UVD-0539,Validation_Data_Master/UVD-0539.txt,Validation_Data_Master,0,True,,142,4,22,train,30,30,drop,42
Validation_Data_Master/UVD-0540,Validation_Data_Master/UVD-0540.txt,Validation_Data_Master,0,True,,143,4,23,test,30,30,drop,42
Validation_Data_Master/UVD-0541,Validation_Data_Master/UVD-0541.txt,Validation_Data_Master,0,True,,142,4,22,train,30,30,drop,42
Validation_Data_Master/UVD-0542,Validation_Data_Master/UVD-0542.txt,Validation_Data_Master,0,True,,221,7,11,train,30,30,drop,42
Validation_Data_Master/UVD-0543,Validation_Data_Master/UVD-0543.txt,Validation_Data_Master,0,True,,144,4,24,train,30,30,drop,42
Validation_Data_Master/UVD-0544,Validation_Data_Master/UVD-0544.txt,Validation_Data_Master,0,True,,233,7,23,train,30,30,drop,42
Validation_Data_Master/UVD-0545,Validation_Data_Master/UVD-0545.txt,Validation_Data_Master,0,True,,143,4,23,train,30,30,drop,42
Validation_Data_Master/UVD-0546,Validation_Data_Master/UVD-0546.txt,Validation_Data_Master,0,True,,308,10,8,test,30,30,drop,42
Validation_Data_Master/UVD-0547,Validation_Data_Master/UVD-0547.txt,Validation_Data_Master,0,True,,214,7,4,train,30,30,drop,42
Validation_Data_Master/UVD-0548,Validation_Data_Master/UVD-0548.txt,Validation_Data_Master,0,True,,220,7,10,validation,30,30,drop,42
Validation_Data_Master/UVD-0549,Validation_Data_Master/UVD-0549.txt,Validation_Data_Master,0,True,,144,4,24,train,30,30,drop,42
Validation_Data_Master/UVD-0550,Validation_Data_Master/UVD-0550.txt,Validation_Data_Master,0,True,,225,7,15,train,30,30,drop,42
Validation_Data_Master/UVD-0551,Validation_Data_Master/UVD-0551.txt,Validation_Data_Master,0,True,,219,7,9,train,30,30,drop,42
Validation_Data_Master/UVD-0552,Validation_Data_Master/UVD-0552.txt,Validation_Data_Master,0,True,,214,7,4,validation,30,30,drop,42
Validation_Data_Master/UVD-0553,Validation_Data_Master/UVD-0553.txt,Validation_Data_Master,0,True,,211,7,1,train,30,30,drop,42
Validation_Data_Master/UVD-0554,Validation_Data_Master/UVD-0554.txt,Validation_Data_Master,0,True,,144,4,24,train,30,30,drop,42
Validation_Data_Master/UVD-0555,Validation_Data_Master/UVD-0555.txt,Validation_Data_Master,0,True,,143,4,23,train,30,30,drop,42
Validation_Data_Master/UVD-0556,Validation_Data_Master/UVD-0556.txt,Validation_Data_Master,0,True,,612,20,12,train,30,30,drop,42
Validation_Data_Master/UVD-0557,Validation_Data_Master/UVD-0557.txt,Validation_Data_Master,0,True,,3463,115,13,test,30,30,drop,42
Validation_Data_Master/UVD-0558,Validation_Data_Master/UVD-0558.txt,Validation_Data_Master,0,True,,1117,37,7,train,30,30,drop,42
Validation_Data_Master/UVD-0559,Validation_Data_Master/UVD-0559.txt,Validation_Data_Master,0,True,,156,5,6,test,30,30,drop,42
Validation_Data_Master/UVD-0560,Validation_Data_Master/UVD-0560.txt,Validation_Data_Master,0,True,,81,2,21,train,30,30,drop,42
Validation_Data_Master/UVD-0561,Validation_Data_Master/UVD-0561.txt,Validation_Data_Master,0,True,,137,4,17,train,30,30,drop,42
Validation_Data_Master/UVD-0562,Validation_Data_Master/UVD-0562.txt,Validation_Data_Master,0,True,,140,4,20,train,30,30,drop,42
Validation_Data_Master/UVD-0563,Validation_Data_Master/UVD-0563.txt,Validation_Data_Master,0,True,,490,16,10,train,30,30,drop,42
Validation_Data_Master/UVD-0564,Validation_Data_Master/UVD-0564.txt,Validation_Data_Master,0,True,,469,15,19,train,30,30,drop,42
Validation_Data_Master/UVD-0565,Validation_Data_Master/UVD-0565.txt,Validation_Data_Master,0,True,,85,2,25,validation,30,30,drop,42
Validation_Data_Master/UVD-0566,Validation_Data_Master/UVD-0566.txt,Validation_Data_Master,0,True,,3143,104,23,train,30,30,drop,42
Validation_Data_Master/UVD-0567,Validation_Data_Master/UVD-0567.txt,Validation_Data_Master,0,True,,474,15,24,train,30,30,drop,42
Validation_Data_Master/UVD-0568,Validation_Data_Master/UVD-0568.txt,Validation_Data_Master,0,True,,98,3,8,train,30,30,drop,42
Validation_Data_Master/UVD-0569,Validation_Data_Master/UVD-0569.txt,Validation_Data_Master,0,True,,389,12,29,validation,30,30,drop,42
Validation_Data_Master/UVD-0570,Validation_Data_Master/UVD-0570.txt,Validation_Data_Master,0,True,,735,24,15,test,30,30,drop,42
Validation_Data_Master/UVD-0571,Validation_Data_Master/UVD-0571.txt,Validation_Data_Master,0,True,,1303,43,13,train,30,30,drop,42
Validation_Data_Master/UVD-0572,Validation_Data_Master/UVD-0572.txt,Validation_Data_Master,0,True,,293,9,23,train,30,30,drop,42
Validation_Data_Master/UVD-0573,Validation_Data_Master/UVD-0573.txt,Validation_Data_Master,0,True,,85,2,25,train,30,30,drop,42
Validation_Data_Master/UVD-0574,Validation_Data_Master/UVD-0574.txt,Validation_Data_Master,0,True,,3143,104,23,train,30,30,drop,42
Validation_Data_Master/UVD-0575,Validation_Data_Master/UVD-0575.txt,Validation_Data_Master,0,True,,474,15,24,train,30,30,drop,42
Validation_Data_Master/UVD-0576,Validation_Data_Master/UVD-0576.txt,Validation_Data_Master,0,True,,183,6,3,train,30,30,drop,42
Validation_Data_Master/UVD-0577,Validation_Data_Master/UVD-0577.txt,Validation_Data_Master,0,True,,98,3,8,test,30,30,drop,42
Validation_Data_Master/UVD-0578,Validation_Data_Master/UVD-0578.txt,Validation_Data_Master,0,True,,735,24,15,train,30,30,drop,42
Validation_Data_Master/UVD-0579,Validation_Data_Master/UVD-0579.txt,Validation_Data_Master,0,True,,1303,43,13,train,30,30,drop,42
Validation_Data_Master/UVD-0580,Validation_Data_Master/UVD-0580.txt,Validation_Data_Master,0,True,,817,27,7,test,30,30,drop,42
Validation_Data_Master/UVD-0581,Validation_Data_Master/UVD-0581.txt,Validation_Data_Master,0,True,,293,9,23,train,30,30,drop,42
Validation_Data_Master/UVD-0582,Validation_Data_Master/UVD-0582.txt,Validation_Data_Master,0,True,,85,2,25,test,30,30,drop,42
Validation_Data_Master/UVD-0583,Validation_Data_Master/UVD-0583.txt,Validation_Data_Master,0,True,,3143,104,23,train,30,30,drop,42
Validation_Data_Master/UVD-0584,Validation_Data_Master/UVD-0584.txt,Validation_Data_Master,0,True,,474,15,24,validation,30,30,drop,42
Validation_Data_Master/UVD-0585,Validation_Data_Master/UVD-0585.txt,Validation_Data_Master,0,True,,98,3,8,validation,30,30,drop,42
Validation_Data_Master/UVD-0586,Validation_Data_Master/UVD-0586.txt,Validation_Data_Master,0,True,,486,16,6,test,30,30,drop,42
Validation_Data_Master/UVD-0587,Validation_Data_Master/UVD-0587.txt,Validation_Data_Master,0,True,,735,24,15,train,30,30,drop,42
Validation_Data_Master/UVD-0588,Validation_Data_Master/UVD-0588.txt,Validation_Data_Master,0,True,,1303,43,13,train,30,30,drop,42
Validation_Data_Master/UVD-0589,Validation_Data_Master/UVD-0589.txt,Validation_Data_Master,0,True,,293,9,23,train,30,30,drop,42
Validation_Data_Master/UVD-0590,Validation_Data_Master/UVD-0590.txt,Validation_Data_Master,0,True,,222,7,12,validation,30,30,drop,42
Validation_Data_Master/UVD-0591,Validation_Data_Master/UVD-0591.txt,Validation_Data_Master,0,True,,405,13,15,train,30,30,drop,42
Validation_Data_Master/UVD-0592,Validation_Data_Master/UVD-0592.txt,Validation_Data_Master,0,True,,111,3,21,train,30,30,drop,42
Validation_Data_Master/UVD-0593,Validation_Data_Master/UVD-0593.txt,Validation_Data_Master,0,True,,198,6,18,train,30,30,drop,42
Validation_Data_Master/UVD-0594,Validation_Data_Master/UVD-0594.txt,Validation_Data_Master,0,True,,108,3,18,train,30,30,drop,42
Validation_Data_Master/UVD-0595,Validation_Data_Master/UVD-0595.txt,Validation_Data_Master,0,True,,140,4,20,validation,30,30,drop,42
Validation_Data_Master/UVD-0596,Validation_Data_Master/UVD-0596.txt,Validation_Data_Master,0,True,,1674,55,24,validation,30,30,drop,42
Validation_Data_Master/UVD-0597,Validation_Data_Master/UVD-0597.txt,Validation_Data_Master,0,True,,90,3,0,validation,30,30,drop,42
Validation_Data_Master/UVD-0598,Validation_Data_Master/UVD-0598.txt,Validation_Data_Master,0,True,,106,3,16,test,30,30,drop,42
Validation_Data_Master/UVD-0599,Validation_Data_Master/UVD-0599.txt,Validation_Data_Master,0,True,,344,11,14,validation,30,30,drop,42
Validation_Data_Master/UVD-0600,Validation_Data_Master/UVD-0600.txt,Validation_Data_Master,0,True,,143,4,23,train,30,30,drop,42
Validation_Data_Master/UVD-0601,Validation_Data_Master/UVD-0601.txt,Validation_Data_Master,0,True,,108,3,18,test,30,30,drop,42
Validation_Data_Master/UVD-0602,Validation_Data_Master/UVD-0602.txt,Validation_Data_Master,0,True,,359,11,29,train,30,30,drop,42
Validation_Data_Master/UVD-0603,Validation_Data_Master/UVD-0603.txt,Validation_Data_Master,0,True,,164,5,14,validation,30,30,drop,42
Validation_Data_Master/UVD-0604,Validation_Data_Master/UVD-0604.txt,Validation_Data_Master,0,True,,1188,39,18,test,30,30,drop,42
Validation_Data_Master/UVD-0605,Validation_Data_Master/UVD-0605.txt,Validation_Data_Master,0,True,,331,11,1,validation,30,30,drop,42
Validation_Data_Master/UVD-0606,Validation_Data_Master/UVD-0606.txt,Validation_Data_Master,0,True,,289,9,19,test,30,30,drop,42
Validation_Data_Master/UVD-0607,Validation_Data_Master/UVD-0607.txt,Validation_Data_Master,0,True,,149,4,29,test,30,30,drop,42
Validation_Data_Master/UVD-0608,Validation_Data_Master/UVD-0608.txt,Validation_Data_Master,0,True,,137,4,17,train,30,30,drop,42
Validation_Data_Master/UVD-0609,Validation_Data_Master/UVD-0609.txt,Validation_Data_Master,0,True,,140,4,20,validation,30,30,drop,42
Validation_Data_Master/UVD-0610,Validation_Data_Master/UVD-0610.txt,Validation_Data_Master,0,True,,175,5,25,train,30,30,drop,42
Validation_Data_Master/UVD-0611,Validation_Data_Master/UVD-0611.txt,Validation_Data_Master,0,True,,215,7,5,train,30,30,drop,42
Validation_Data_Master/UVD-0612,Validation_Data_Master/UVD-0612.txt,Validation_Data_Master,0,True,,130,4,10,validation,30,30,drop,42
Validation_Data_Master/UVD-0613,Validation_Data_Master/UVD-0613.txt,Validation_Data_Master,0,True,,137,4,17,validation,30,30,drop,42
Validation_Data_Master/UVD-0614,Validation_Data_Master/UVD-0614.txt,Validation_Data_Master,0,True,,152,5,2,validation,30,30,drop,42
Validation_Data_Master/UVD-0615,Validation_Data_Master/UVD-0615.txt,Validation_Data_Master,0,True,,149,4,29,train,30,30,drop,42
Validation_Data_Master/UVD-0616,Validation_Data_Master/UVD-0616.txt,Validation_Data_Master,0,True,,146,4,26,train,30,30,drop,42
Validation_Data_Master/UVD-0617,Validation_Data_Master/UVD-0617.txt,Validation_Data_Master,0,True,,133,4,13,train,30,30,drop,42
Validation_Data_Master/UVD-0618,Validation_Data_Master/UVD-0618.txt,Validation_Data_Master,0,True,,141,4,21,train,30,30,drop,42
Validation_Data_Master/UVD-0619,Validation_Data_Master/UVD-0619.txt,Validation_Data_Master,0,True,,150,5,0,test,30,30,drop,42
Validation_Data_Master/UVD-0620,Validation_Data_Master/UVD-0620.txt,Validation_Data_Master,0,True,,146,4,26,validation,30,30,drop,42
Validation_Data_Master/UVD-0621,Validation_Data_Master/UVD-0621.txt,Validation_Data_Master,0,True,,136,4,16,train,30,30,drop,42
Validation_Data_Master/UVD-0622,Validation_Data_Master/UVD-0622.txt,Validation_Data_Master,0,True,,156,5,6,train,30,30,drop,42
Validation_Data_Master/UVD-0623,Validation_Data_Master/UVD-0623.txt,Validation_Data_Master,0,True,,138,4,18,validation,30,30,drop,42
Validation_Data_Master/UVD-0624,Validation_Data_Master/UVD-0624.txt,Validation_Data_Master,0,True,,82,2,22,train,30,30,drop,42
Validation_Data_Master/UVD-0625,Validation_Data_Master/UVD-0625.txt,Validation_Data_Master,0,True,,140,4,20,validation,30,30,drop,42
Validation_Data_Master/UVD-0626,Validation_Data_Master/UVD-0626.txt,Validation_Data_Master,0,True,,166,5,16,train,30,30,drop,42
Validation_Data_Master/UVD-0627,Validation_Data_Master/UVD-0627.txt,Validation_Data_Master,0,True,,136,4,16,train,30,30,drop,42
Validation_Data_Master/UVD-0628,Validation_Data_Master/UVD-0628.txt,Validation_Data_Master,0,True,,147,4,27,validation,30,30,drop,42
Validation_Data_Master/UVD-0629,Validation_Data_Master/UVD-0629.txt,Validation_Data_Master,0,True,,135,4,15,train,30,30,drop,42
Validation_Data_Master/UVD-0630,Validation_Data_Master/UVD-0630.txt,Validation_Data_Master,0,True,,147,4,27,train,30,30,drop,42
Validation_Data_Master/UVD-0631,Validation_Data_Master/UVD-0631.txt,Validation_Data_Master,0,True,,172,5,22,validation,30,30,drop,42
Validation_Data_Master/UVD-0632,Validation_Data_Master/UVD-0632.txt,Validation_Data_Master,0,True,,211,7,1,test,30,30,drop,42
Validation_Data_Master/UVD-0633,Validation_Data_Master/UVD-0633.txt,Validation_Data_Master,0,True,,148,4,28,train,30,30,drop,42
Validation_Data_Master/UVD-0634,Validation_Data_Master/UVD-0634.txt,Validation_Data_Master,0,True,,153,5,3,train,30,30,drop,42
Validation_Data_Master/UVD-0635,Validation_Data_Master/UVD-0635.txt,Validation_Data_Master,0,True,,1187,39,17,train,30,30,drop,42
Validation_Data_Master/UVD-0636,Validation_Data_Master/UVD-0636.txt,Validation_Data_Master,0,True,,160,5,10,train,30,30,drop,42
Validation_Data_Master/UVD-0637,Validation_Data_Master/UVD-0637.txt,Validation_Data_Master,0,True,,169,5,19,train,30,30,drop,42
Validation_Data_Master/UVD-0638,Validation_Data_Master/UVD-0638.txt,Validation_Data_Master,0,True,,190,6,10,test,30,30,drop,42
Validation_Data_Master/UVD-0639,Validation_Data_Master/UVD-0639.txt,Validation_Data_Master,0,True,,157,5,7,train,30,30,drop,42
Validation_Data_Master/UVD-0640,Validation_Data_Master/UVD-0640.txt,Validation_Data_Master,0,True,,133,4,13,train,30,30,drop,42
Validation_Data_Master/UVD-0641,Validation_Data_Master/UVD-0641.txt,Validation_Data_Master,0,True,,135,4,15,train,30,30,drop,42
Validation_Data_Master/UVD-0642,Validation_Data_Master/UVD-0642.txt,Validation_Data_Master,0,True,,156,5,6,train,30,30,drop,42
Validation_Data_Master/UVD-0643,Validation_Data_Master/UVD-0643.txt,Validation_Data_Master,0,True,,217,7,7,test,30,30,drop,42
Validation_Data_Master/UVD-0644,Validation_Data_Master/UVD-0644.txt,Validation_Data_Master,0,True,,152,5,2,train,30,30,drop,42
Validation_Data_Master/UVD-0645,Validation_Data_Master/UVD-0645.txt,Validation_Data_Master,0,True,,166,5,16,train,30,30,drop,42
Validation_Data_Master/UVD-0646,Validation_Data_Master/UVD-0646.txt,Validation_Data_Master,0,True,,1322,44,2,test,30,30,drop,42
Validation_Data_Master/UVD-0647,Validation_Data_Master/UVD-0647.txt,Validation_Data_Master,0,True,,178,5,28,train,30,30,drop,42
Validation_Data_Master/UVD-0648,Validation_Data_Master/UVD-0648.txt,Validation_Data_Master,0,True,,168,5,18,train,30,30,drop,42
Validation_Data_Master/UVD-0649,Validation_Data_Master/UVD-0649.txt,Validation_Data_Master,0,True,,159,5,9,validation,30,30,drop,42
Validation_Data_Master/UVD-0650,Validation_Data_Master/UVD-0650.txt,Validation_Data_Master,0,True,,151,5,1,train,30,30,drop,42
Validation_Data_Master/UVD-0651,Validation_Data_Master/UVD-0651.txt,Validation_Data_Master,0,True,,154,5,4,validation,30,30,drop,42
Validation_Data_Master/UVD-0652,Validation_Data_Master/UVD-0652.txt,Validation_Data_Master,0,True,,142,4,22,train,30,30,drop,42
Validation_Data_Master/UVD-0653,Validation_Data_Master/UVD-0653.txt,Validation_Data_Master,0,True,,268,8,28,test,30,30,drop,42
Validation_Data_Master/UVD-0654,Validation_Data_Master/UVD-0654.txt,Validation_Data_Master,0,True,,133,4,13,train,30,30,drop,42
Validation_Data_Master/UVD-0655,Validation_Data_Master/UVD-0655.txt,Validation_Data_Master,0,True,,209,6,29,train,30,30,drop,42
Validation_Data_Master/UVD-0656,Validation_Data_Master/UVD-0656.txt,Validation_Data_Master,0,True,,160,5,10,train,30,30,drop,42
Validation_Data_Master/UVD-0657,Validation_Data_Master/UVD-0657.txt,Validation_Data_Master,0,True,,1410,47,0,validation,30,30,drop,42
Validation_Data_Master/UVD-0658,Validation_Data_Master/UVD-0658.txt,Validation_Data_Master,0,True,,137,4,17,train,30,30,drop,42
Validation_Data_Master/UVD-0659,Validation_Data_Master/UVD-0659.txt,Validation_Data_Master,0,True,,138,4,18,test,30,30,drop,42
Validation_Data_Master/UVD-0660,Validation_Data_Master/UVD-0660.txt,Validation_Data_Master,0,True,,150,5,0,train,30,30,drop,42
Validation_Data_Master/UVD-0661,Validation_Data_Master/UVD-0661.txt,Validation_Data_Master,0,True,,153,5,3,validation,30,30,drop,42
Validation_Data_Master/UVD-0662,Validation_Data_Master/UVD-0662.txt,Validation_Data_Master,0,True,,136,4,16,test,30,30,drop,42
Validation_Data_Master/UVD-0663,Validation_Data_Master/UVD-0663.txt,Validation_Data_Master,0,True,,241,8,1,validation,30,30,drop,42
Validation_Data_Master/UVD-0664,Validation_Data_Master/UVD-0664.txt,Validation_Data_Master,0,True,,137,4,17,test,30,30,drop,42
Validation_Data_Master/UVD-0665,Validation_Data_Master/UVD-0665.txt,Validation_Data_Master,0,True,,193,6,13,train,30,30,drop,42
Validation_Data_Master/UVD-0666,Validation_Data_Master/UVD-0666.txt,Validation_Data_Master,0,True,,143,4,23,test,30,30,drop,42
Validation_Data_Master/UVD-0667,Validation_Data_Master/UVD-0667.txt,Validation_Data_Master,0,True,,126,4,6,train,30,30,drop,42
Validation_Data_Master/UVD-0668,Validation_Data_Master/UVD-0668.txt,Validation_Data_Master,0,True,,2454,81,24,train,30,30,drop,42
Validation_Data_Master/UVD-0669,Validation_Data_Master/UVD-0669.txt,Validation_Data_Master,0,True,,1416,47,6,train,30,30,drop,42
Validation_Data_Master/UVD-0670,Validation_Data_Master/UVD-0670.txt,Validation_Data_Master,0,True,,412,13,22,train,30,30,drop,42
Validation_Data_Master/UVD-0671,Validation_Data_Master/UVD-0671.txt,Validation_Data_Master,0,True,,138,4,18,validation,30,30,drop,42
Validation_Data_Master/UVD-0672,Validation_Data_Master/UVD-0672.txt,Validation_Data_Master,0,True,,143,4,23,train,30,30,drop,42
Validation_Data_Master/UVD-0673,Validation_Data_Master/UVD-0673.txt,Validation_Data_Master,0,True,,152,5,2,train,30,30,drop,42
Validation_Data_Master/UVD-0674,Validation_Data_Master/UVD-0674.txt,Validation_Data_Master,0,True,,313,10,13,train,30,30,drop,42
Validation_Data_Master/UVD-0675,Validation_Data_Master/UVD-0675.txt,Validation_Data_Master,0,True,,143,4,23,train,30,30,drop,42
Validation_Data_Master/UVD-0676,Validation_Data_Master/UVD-0676.txt,Validation_Data_Master,0,True,,200,6,20,train,30,30,drop,42
Validation_Data_Master/UVD-0677,Validation_Data_Master/UVD-0677.txt,Validation_Data_Master,0,True,,169,5,19,validation,30,30,drop,42
Validation_Data_Master/UVD-0678,Validation_Data_Master/UVD-0678.txt,Validation_Data_Master,0,True,,135,4,15,train,30,30,drop,42
Validation_Data_Master/UVD-0679,Validation_Data_Master/UVD-0679.txt,Validation_Data_Master,0,True,,149,4,29,train,30,30,drop,42
Validation_Data_Master/UVD-0680,Validation_Data_Master/UVD-0680.txt,Validation_Data_Master,0,True,,1503,50,3,validation,30,30,drop,42
Validation_Data_Master/UVD-0681,Validation_Data_Master/UVD-0681.txt,Validation_Data_Master,0,True,,520,17,10,train,30,30,drop,42
Validation_Data_Master/UVD-0682,Validation_Data_Master/UVD-0682.txt,Validation_Data_Master,0,True,,130,4,10,test,30,30,drop,42
Validation_Data_Master/UVD-0683,Validation_Data_Master/UVD-0683.txt,Validation_Data_Master,0,True,,786,26,6,train,30,30,drop,42
Validation_Data_Master/UVD-0684,Validation_Data_Master/UVD-0684.txt,Validation_Data_Master,0,True,,1580,52,20,train,30,30,drop,42
Validation_Data_Master/UVD-0685,Validation_Data_Master/UVD-0685.txt,Validation_Data_Master,0,True,,732,24,12,train,30,30,drop,42
Validation_Data_Master/UVD-0686,Validation_Data_Master/UVD-0686.txt,Validation_Data_Master,0,True,,129,4,9,train,30,30,drop,42
Validation_Data_Master/UVD-0687,Validation_Data_Master/UVD-0687.txt,Validation_Data_Master,0,True,,148,4,28,test,30,30,drop,42
Validation_Data_Master/UVD-0688,Validation_Data_Master/UVD-0688.txt,Validation_Data_Master,0,True,,140,4,20,train,30,30,drop,42
Validation_Data_Master/UVD-0689,Validation_Data_Master/UVD-0689.txt,Validation_Data_Master,0,True,,264,8,24,train,30,30,drop,42
Validation_Data_Master/UVD-0690,Validation_Data_Master/UVD-0690.txt,Validation_Data_Master,0,True,,140,4,20,train,30,30,drop,42
Validation_Data_Master/UVD-0691,Validation_Data_Master/UVD-0691.txt,Validation_Data_Master,0,True,,1525,50,25,train,30,30,drop,42
Validation_Data_Master/UVD-0692,Validation_Data_Master/UVD-0692.txt,Validation_Data_Master,0,True,,2077,69,7,train,30,30,drop,42
Validation_Data_Master/UVD-0693,Validation_Data_Master/UVD-0693.txt,Validation_Data_Master,0,True,,184,6,4,test,30,30,drop,42
Validation_Data_Master/UVD-0694,Validation_Data_Master/UVD-0694.txt,Validation_Data_Master,0,True,,307,10,7,train,30,30,drop,42
Validation_Data_Master/UVD-0695,Validation_Data_Master/UVD-0695.txt,Validation_Data_Master,0,True,,142,4,22,validation,30,30,drop,42
Validation_Data_Master/UVD-0696,Validation_Data_Master/UVD-0696.txt,Validation_Data_Master,0,True,,163,5,13,validation,30,30,drop,42
Validation_Data_Master/UVD-0697,Validation_Data_Master/UVD-0697.txt,Validation_Data_Master,0,True,,141,4,21,train,30,30,drop,42
Validation_Data_Master/UVD-0698,Validation_Data_Master/UVD-0698.txt,Validation_Data_Master,0,True,,510,17,0,train,30,30,drop,42
Validation_Data_Master/UVD-0699,Validation_Data_Master/UVD-0699.txt,Validation_Data_Master,0,True,,135,4,15,test,30,30,drop,42
Validation_Data_Master/UVD-0700,Validation_Data_Master/UVD-0700.txt,Validation_Data_Master,0,True,,163,5,13,train,30,30,drop,42
Validation_Data_Master/UVD-0701,Validation_Data_Master/UVD-0701.txt,Validation_Data_Master,0,True,,142,4,22,train,30,30,drop,42
Validation_Data_Master/UVD-0702,Validation_Data_Master/UVD-0702.txt,Validation_Data_Master,0,True,,1619,53,29,test,30,30,drop,42
Validation_Data_Master/UVD-0703,Validation_Data_Master/UVD-0703.txt,Validation_Data_Master,0,True,,143,4,23,test,30,30,drop,42
Validation_Data_Master/UVD-0704,Validation_Data_Master/UVD-0704.txt,Validation_Data_Master,0,True,,132,4,12,train,30,30,drop,42
Validation_Data_Master/UVD-0705,Validation_Data_Master/UVD-0705.txt,Validation_Data_Master,0,True,,114,3,24,train,30,30,drop,42
Validation_Data_Master/UVD-0706,Validation_Data_Master/UVD-0706.txt,Validation_Data_Master,0,True,,158,5,8,validation,30,30,drop,42
Validation_Data_Master/UVD-0707,Validation_Data_Master/UVD-0707.txt,Validation_Data_Master,0,True,,287,9,17,validation,30,30,drop,42
Validation_Data_Master/UVD-0708,Validation_Data_Master/UVD-0708.txt,Validation_Data_Master,0,True,,158,5,8,train,30,30,drop,42
Validation_Data_Master/UVD-0709,Validation_Data_Master/UVD-0709.txt,Validation_Data_Master,0,True,,107,3,17,train,30,30,drop,42
Validation_Data_Master/UVD-0710,Validation_Data_Master/UVD-0710.txt,Validation_Data_Master,0,True,,132,4,12,train,30,30,drop,42
Validation_Data_Master/UVD-0711,Validation_Data_Master/UVD-0711.txt,Validation_Data_Master,0,True,,2425,80,25,validation,30,30,drop,42
Validation_Data_Master/UVD-0712,Validation_Data_Master/UVD-0712.txt,Validation_Data_Master,0,True,,135,4,15,train,30,30,drop,42
Validation_Data_Master/UVD-0713,Validation_Data_Master/UVD-0713.txt,Validation_Data_Master,0,True,,81,2,21,train,30,30,drop,42
Validation_Data_Master/UVD-0714,Validation_Data_Master/UVD-0714.txt,Validation_Data_Master,0,True,,135,4,15,train,30,30,drop,42
Validation_Data_Master/UVD-0715,Validation_Data_Master/UVD-0715.txt,Validation_Data_Master,0,True,,168,5,18,train,30,30,drop,42
Validation_Data_Master/UVD-0716,Validation_Data_Master/UVD-0716.txt,Validation_Data_Master,0,True,,139,4,19,train,30,30,drop,42
Validation_Data_Master/UVD-0717,Validation_Data_Master/UVD-0717.txt,Validation_Data_Master,0,True,,278,9,8,train,30,30,drop,42
Validation_Data_Master/UVD-0718,Validation_Data_Master/UVD-0718.txt,Validation_Data_Master,0,True,,164,5,14,train,30,30,drop,42
Validation_Data_Master/UVD-0719,Validation_Data_Master/UVD-0719.txt,Validation_Data_Master,0,True,,175,5,25,train,30,30,drop,42
Validation_Data_Master/UVD-0720,Validation_Data_Master/UVD-0720.txt,Validation_Data_Master,0,True,,141,4,21,test,30,30,drop,42
Validation_Data_Master/UVD-0721,Validation_Data_Master/UVD-0721.txt,Validation_Data_Master,0,True,,439,14,19,train,30,30,drop,42
Validation_Data_Master/UVD-0722,Validation_Data_Master/UVD-0722.txt,Validation_Data_Master,0,True,,144,4,24,validation,30,30,drop,42
Validation_Data_Master/UVD-0723,Validation_Data_Master/UVD-0723.txt,Validation_Data_Master,0,True,,178,5,28,train,30,30,drop,42
Validation_Data_Master/UVD-0724,Validation_Data_Master/UVD-0724.txt,Validation_Data_Master,0,True,,84,2,24,train,30,30,drop,42
Validation_Data_Master/UVD-0725,Validation_Data_Master/UVD-0725.txt,Validation_Data_Master,0,True,,135,4,15,train,30,30,drop,42
Validation_Data_Master/UVD-0726,Validation_Data_Master/UVD-0726.txt,Validation_Data_Master,0,True,,322,10,22,train,30,30,drop,42
Validation_Data_Master/UVD-0727,Validation_Data_Master/UVD-0727.txt,Validation_Data_Master,0,True,,169,5,19,train,30,30,drop,42
Validation_Data_Master/UVD-0728,Validation_Data_Master/UVD-0728.txt,Validation_Data_Master,0,True,,407,13,17,train,30,30,drop,42
Validation_Data_Master/UVD-0729,Validation_Data_Master/UVD-0729.txt,Validation_Data_Master,0,True,,126,4,6,train,30,30,drop,42
Validation_Data_Master/UVD-0730,Validation_Data_Master/UVD-0730.txt,Validation_Data_Master,0,True,,260,8,20,train,30,30,drop,42
Validation_Data_Master/UVD-0731,Validation_Data_Master/UVD-0731.txt,Validation_Data_Master,0,True,,102,3,12,test,30,30,drop,42
Validation_Data_Master/UVD-0732,Validation_Data_Master/UVD-0732.txt,Validation_Data_Master,0,True,,394,13,4,train,30,30,drop,42
Validation_Data_Master/UVD-0733,Validation_Data_Master/UVD-0733.txt,Validation_Data_Master,0,True,,145,4,25,train,30,30,drop,42
Validation_Data_Master/UVD-0734,Validation_Data_Master/UVD-0734.txt,Validation_Data_Master,0,True,,135,4,15,train,30,30,drop,42
Validation_Data_Master/UVD-0735,Validation_Data_Master/UVD-0735.txt,Validation_Data_Master,0,True,,1071,35,21,train,30,30,drop,42
Validation_Data_Master/UVD-0736,Validation_Data_Master/UVD-0736.txt,Validation_Data_Master,0,True,,164,5,14,test,30,30,drop,42
Validation_Data_Master/UVD-0737,Validation_Data_Master/UVD-0737.txt,Validation_Data_Master,0,True,,676,22,16,train,30,30,drop,42
Validation_Data_Master/UVD-0738,Validation_Data_Master/UVD-0738.txt,Validation_Data_Master,0,True,,469,15,19,test,30,30,drop,42
Validation_Data_Master/UVD-0739,Validation_Data_Master/UVD-0739.txt,Validation_Data_Master,0,True,,533,17,23,train,30,30,drop,42
Validation_Data_Master/UVD-0740,Validation_Data_Master/UVD-0740.txt,Validation_Data_Master,0,True,,287,9,17,train,30,30,drop,42
Validation_Data_Master/UVD-0741,Validation_Data_Master/UVD-0741.txt,Validation_Data_Master,0,True,,135,4,15,train,30,30,drop,42
Validation_Data_Master/UVD-0742,Validation_Data_Master/UVD-0742.txt,Validation_Data_Master,0,True,,278,9,8,train,30,30,drop,42
Validation_Data_Master/UVD-0743,Validation_Data_Master/UVD-0743.txt,Validation_Data_Master,0,True,,146,4,26,train,30,30,drop,42
Validation_Data_Master/UVD-0744,Validation_Data_Master/UVD-0744.txt,Validation_Data_Master,0,True,,437,14,17,train,30,30,drop,42
Validation_Data_Master/UVD-0745,Validation_Data_Master/UVD-0745.txt,Validation_Data_Master,0,True,,227,7,17,train,30,30,drop,42
Validation_Data_Master/UVD-0746,Validation_Data_Master/UVD-0746.txt,Validation_Data_Master,0,True,,855,28,15,train,30,30,drop,42
Validation_Data_Master/UVD-0747,Validation_Data_Master/UVD-0747.txt,Validation_Data_Master,0,True,,1118,37,8,train,30,30,drop,42
Validation_Data_Master/UVD-0748,Validation_Data_Master/UVD-0748.txt,Validation_Data_Master,0,True,,116,3,26,train,30,30,drop,42
Validation_Data_Master/UVD-0749,Validation_Data_Master/UVD-0749.txt,Validation_Data_Master,0,True,,371,12,11,train,30,30,drop,42
Validation_Data_Master/UVD-0750,Validation_Data_Master/UVD-0750.txt,Validation_Data_Master,0,True,,93,3,3,test,30,30,drop,42
Validation_Data_Master/UVD-0751,Validation_Data_Master/UVD-0751.txt,Validation_Data_Master,0,True,,106,3,16,train,30,30,drop,42
Validation_Data_Master/UVD-0752,Validation_Data_Master/UVD-0752.txt,Validation_Data_Master,0,True,,102,3,12,train,30,30,drop,42
Validation_Data_Master/UVD-0753,Validation_Data_Master/UVD-0753.txt,Validation_Data_Master,0,True,,87,2,27,train,30,30,drop,42
Validation_Data_Master/UVD-0754,Validation_Data_Master/UVD-0754.txt,Validation_Data_Master,0,True,,1534,51,4,validation,30,30,drop,42
Validation_Data_Master/UVD-0755,Validation_Data_Master/UVD-0755.txt,Validation_Data_Master,0,True,,211,7,1,train,30,30,drop,42
Validation_Data_Master/UVD-0756,Validation_Data_Master/UVD-0756.txt,Validation_Data_Master,0,True,,181,6,1,train,30,30,drop,42
Validation_Data_Master/UVD-0757,Validation_Data_Master/UVD-0757.txt,Validation_Data_Master,0,True,,738,24,18,train,30,30,drop,42
Validation_Data_Master/UVD-0758,Validation_Data_Master/UVD-0758.txt,Validation_Data_Master,0,True,,465,15,15,test,30,30,drop,42
Validation_Data_Master/UVD-0759,Validation_Data_Master/UVD-0759.txt,Validation_Data_Master,0,True,,1608,53,18,train,30,30,drop,42
Validation_Data_Master/UVD-0760,Validation_Data_Master/UVD-0760.txt,Validation_Data_Master,0,True,,209,6,29,test,30,30,drop,42
Validation_Data_Master/UVD-0761,Validation_Data_Master/UVD-0761.txt,Validation_Data_Master,0,True,,116,3,26,train,30,30,drop,42
Validation_Data_Master/UVD-0762,Validation_Data_Master/UVD-0762.txt,Validation_Data_Master,0,True,,485,16,5,train,30,30,drop,42
Validation_Data_Master/UVD-0763,Validation_Data_Master/UVD-0763.txt,Validation_Data_Master,0,True,,918,30,18,train,30,30,drop,42
Validation_Data_Master/UVD-0764,Validation_Data_Master/UVD-0764.txt,Validation_Data_Master,0,True,,104,3,14,train,30,30,drop,42
Validation_Data_Master/UVD-0765,Validation_Data_Master/UVD-0765.txt,Validation_Data_Master,0,True,,128,4,8,train,30,30,drop,42
Validation_Data_Master/UVD-0766,Validation_Data_Master/UVD-0766.txt,Validation_Data_Master,0,True,,181,6,1,train,30,30,drop,42
Validation_Data_Master/UVD-0767,Validation_Data_Master/UVD-0767.txt,Validation_Data_Master,0,True,,585,19,15,train,30,30,drop,42
Validation_Data_Master/UVD-0768,Validation_Data_Master/UVD-0768.txt,Validation_Data_Master,0,True,,646,21,16,train,30,30,drop,42
Validation_Data_Master/UVD-0769,Validation_Data_Master/UVD-0769.txt,Validation_Data_Master,0,True,,284,9,14,train,30,30,drop,42
Validation_Data_Master/UVD-0770,Validation_Data_Master/UVD-0770.txt,Validation_Data_Master,0,True,,515,17,5,train,30,30,drop,42
Validation_Data_Master/UVD-0771,Validation_Data_Master/UVD-0771.txt,Validation_Data_Master,0,True,,306,10,6,train,30,30,drop,42
Validation_Data_Master/UVD-0772,Validation_Data_Master/UVD-0772.txt,Validation_Data_Master,0,True,,377,12,17,validation,30,30,drop,42
Validation_Data_Master/UVD-0773,Validation_Data_Master/UVD-0773.txt,Validation_Data_Master,0,True,,188,6,8,train,30,30,drop,42
Validation_Data_Master/UVD-0774,Validation_Data_Master/UVD-0774.txt,Validation_Data_Master,0,True,,166,5,16,validation,30,30,drop,42
Validation_Data_Master/UVD-0775,Validation_Data_Master/UVD-0775.txt,Validation_Data_Master,0,True,,2628,87,18,train,30,30,drop,42
Validation_Data_Master/UVD-0776,Validation_Data_Master/UVD-0776.txt,Validation_Data_Master,0,True,,86,2,26,train,30,30,drop,42
Validation_Data_Master/UVD-0777,Validation_Data_Master/UVD-0777.txt,Validation_Data_Master,0,True,,1286,42,26,train,30,30,drop,42
Validation_Data_Master/UVD-0778,Validation_Data_Master/UVD-0778.txt,Validation_Data_Master,0,True,,324,10,24,train,30,30,drop,42
Validation_Data_Master/UVD-0779,Validation_Data_Master/UVD-0779.txt,Validation_Data_Master,0,True,,2513,83,23,train,30,30,drop,42
Validation_Data_Master/UVD-0780,Validation_Data_Master/UVD-0780.txt,Validation_Data_Master,0,True,,711,23,21,validation,30,30,drop,42
Validation_Data_Master/UVD-0781,Validation_Data_Master/UVD-0781.txt,Validation_Data_Master,0,True,,269,8,29,train,30,30,drop,42
Validation_Data_Master/UVD-0782,Validation_Data_Master/UVD-0782.txt,Validation_Data_Master,0,True,,147,4,27,train,30,30,drop,42
Validation_Data_Master/UVD-0783,Validation_Data_Master/UVD-0783.txt,Validation_Data_Master,0,True,,90,3,0,train,30,30,drop,42
Validation_Data_Master/UVD-0784,Validation_Data_Master/UVD-0784.txt,Validation_Data_Master,0,True,,265,8,25,train,30,30,drop,42
Validation_Data_Master/UVD-0785,Validation_Data_Master/UVD-0785.txt,Validation_Data_Master,0,True,,185,6,5,train,30,30,drop,42
Validation_Data_Master/UVD-0786,Validation_Data_Master/UVD-0786.txt,Validation_Data_Master,0,True,,1543,51,13,train,30,30,drop,42
Validation_Data_Master/UVD-0787,Validation_Data_Master/UVD-0787.txt,Validation_Data_Master,0,True,,875,29,5,train,30,30,drop,42
Validation_Data_Master/UVD-0788,Validation_Data_Master/UVD-0788.txt,Validation_Data_Master,0,True,,1071,35,21,test,30,30,drop,42
Validation_Data_Master/UVD-0789,Validation_Data_Master/UVD-0789.txt,Validation_Data_Master,0,True,,909,30,9,train,30,30,drop,42
Validation_Data_Master/UVD-0790,Validation_Data_Master/UVD-0790.txt,Validation_Data_Master,0,True,,813,27,3,test,30,30,drop,42
Validation_Data_Master/UVD-0791,Validation_Data_Master/UVD-0791.txt,Validation_Data_Master,0,True,,726,24,6,train,30,30,drop,42
Validation_Data_Master/UVD-0792,Validation_Data_Master/UVD-0792.txt,Validation_Data_Master,0,True,,921,30,21,validation,30,30,drop,42
Validation_Data_Master/UVD-0793,Validation_Data_Master/UVD-0793.txt,Validation_Data_Master,0,True,,887,29,17,train,30,30,drop,42
Validation_Data_Master/UVD-0794,Validation_Data_Master/UVD-0794.txt,Validation_Data_Master,0,True,,446,14,26,train,30,30,drop,42
Validation_Data_Master/UVD-0795,Validation_Data_Master/UVD-0795.txt,Validation_Data_Master,0,True,,1152,38,12,train,30,30,drop,42
Validation_Data_Master/UVD-0796,Validation_Data_Master/UVD-0796.txt,Validation_Data_Master,0,True,,260,8,20,train,30,30,drop,42
Validation_Data_Master/UVD-0797,Validation_Data_Master/UVD-0797.txt,Validation_Data_Master,0,True,,126,4,6,train,30,30,drop,42
Validation_Data_Master/UVD-0798,Validation_Data_Master/UVD-0798.txt,Validation_Data_Master,0,True,,760,25,10,train,30,30,drop,42
Validation_Data_Master/UVD-0799,Validation_Data_Master/UVD-0799.txt,Validation_Data_Master,0,True,,154,5,4,train,30,30,drop,42
Validation_Data_Master/UVD-0800,Validation_Data_Master/UVD-0800.txt,Validation_Data_Master,0,True,,922,30,22,train,30,30,drop,42
Validation_Data_Master/UVD-0801,Validation_Data_Master/UVD-0801.txt,Validation_Data_Master,0,True,,192,6,12,train,30,30,drop,42
Validation_Data_Master/UVD-0802,Validation_Data_Master/UVD-0802.txt,Validation_Data_Master,0,True,,111,3,21,validation,30,30,drop,42
Validation_Data_Master/UVD-0803,Validation_Data_Master/UVD-0803.txt,Validation_Data_Master,0,True,,504,16,24,train,30,30,drop,42
Validation_Data_Master/UVD-0804,Validation_Data_Master/UVD-0804.txt,Validation_Data_Master,0,True,,1166,38,26,validation,30,30,drop,42
Validation_Data_Master/UVD-0805,Validation_Data_Master/UVD-0805.txt,Validation_Data_Master,0,True,,1715,57,5,train,30,30,drop,42
Validation_Data_Master/UVD-0806,Validation_Data_Master/UVD-0806.txt,Validation_Data_Master,0,True,,563,18,23,train,30,30,drop,42
Validation_Data_Master/UVD-0807,Validation_Data_Master/UVD-0807.txt,Validation_Data_Master,0,True,,1168,38,28,validation,30,30,drop,42
Validation_Data_Master/UVD-0808,Validation_Data_Master/UVD-0808.txt,Validation_Data_Master,0,True,,143,4,23,train,30,30,drop,42
Validation_Data_Master/UVD-0809,Validation_Data_Master/UVD-0809.txt,Validation_Data_Master,0,True,,174,5,24,train,30,30,drop,42
Validation_Data_Master/UVD-0810,Validation_Data_Master/UVD-0810.txt,Validation_Data_Master,0,True,,2311,77,1,train,30,30,drop,42
Validation_Data_Master/UVD-0811,Validation_Data_Master/UVD-0811.txt,Validation_Data_Master,0,True,,985,32,25,train,30,30,drop,42
Validation_Data_Master/UVD-0812,Validation_Data_Master/UVD-0812.txt,Validation_Data_Master,0,True,,106,3,16,train,30,30,drop,42
Validation_Data_Master/UVD-0813,Validation_Data_Master/UVD-0813.txt,Validation_Data_Master,0,True,,169,5,19,test,30,30,drop,42
Validation_Data_Master/UVD-0814,Validation_Data_Master/UVD-0814.txt,Validation_Data_Master,0,True,,248,8,8,train,30,30,drop,42
Validation_Data_Master/UVD-0815,Validation_Data_Master/UVD-0815.txt,Validation_Data_Master,0,True,,131,4,11,train,30,30,drop,42
Validation_Data_Master/UVD-0816,Validation_Data_Master/UVD-0816.txt,Validation_Data_Master,0,True,,97,3,7,validation,30,30,drop,42
Validation_Data_Master/UVD-0817,Validation_Data_Master/UVD-0817.txt,Validation_Data_Master,0,True,,451,15,1,train,30,30,drop,42
Validation_Data_Master/UVD-0818,Validation_Data_Master/UVD-0818.txt,Validation_Data_Master,0,True,,1356,45,6,validation,30,30,drop,42
Validation_Data_Master/UVD-0819,Validation_Data_Master/UVD-0819.txt,Validation_Data_Master,0,True,,102,3,12,train,30,30,drop,42
Validation_Data_Master/UVD-0820,Validation_Data_Master/UVD-0820.txt,Validation_Data_Master,0,True,,153,5,3,train,30,30,drop,42
Validation_Data_Master/UVD-0821,Validation_Data_Master/UVD-0821.txt,Validation_Data_Master,0,True,,265,8,25,test,30,30,drop,42
Validation_Data_Master/UVD-0822,Validation_Data_Master/UVD-0822.txt,Validation_Data_Master,0,True,,410,13,20,train,30,30,drop,42
Validation_Data_Master/UVD-0823,Validation_Data_Master/UVD-0823.txt,Validation_Data_Master,0,True,,351,11,21,train,30,30,drop,42
Validation_Data_Master/UVD-0824,Validation_Data_Master/UVD-0824.txt,Validation_Data_Master,0,True,,319,10,19,train,30,30,drop,42
Validation_Data_Master/UVD-0825,Validation_Data_Master/UVD-0825.txt,Validation_Data_Master,0,True,,322,10,22,test,30,30,drop,42
Validation_Data_Master/UVD-0826,Validation_Data_Master/UVD-0826.txt,Validation_Data_Master,0,True,,337,11,7,train,30,30,drop,42
Validation_Data_Master/UVD-0827,Validation_Data_Master/UVD-0827.txt,Validation_Data_Master,0,True,,1709,56,29,train,30,30,drop,42
Validation_Data_Master/UVD-0828,Validation_Data_Master/UVD-0828.txt,Validation_Data_Master,0,True,,303,10,3,test,30,30,drop,42
Validation_Data_Master/UVD-0829,Validation_Data_Master/UVD-0829.txt,Validation_Data_Master,0,True,,208,6,28,train,30,30,drop,42
Validation_Data_Master/UVD-0830,Validation_Data_Master/UVD-0830.txt,Validation_Data_Master,0,True,,147,4,27,validation,30,30,drop,42
Validation_Data_Master/UVD-0831,Validation_Data_Master/UVD-0831.txt,Validation_Data_Master,0,True,,95,3,5,validation,30,30,drop,42
Validation_Data_Master/UVD-0832,Validation_Data_Master/UVD-0832.txt,Validation_Data_Master,0,True,,210,7,0,train,30,30,drop,42
Validation_Data_Master/UVD-0833,Validation_Data_Master/UVD-0833.txt,Validation_Data_Master,0,True,,123,4,3,train,30,30,drop,42
Validation_Data_Master/UVD-0834,Validation_Data_Master/UVD-0834.txt,Validation_Data_Master,0,True,,183,6,3,train,30,30,drop,42
Validation_Data_Master/UVD-0835,Validation_Data_Master/UVD-0835.txt,Validation_Data_Master,0,True,,257,8,17,train,30,30,drop,42
Validation_Data_Master/UVD-0836,Validation_Data_Master/UVD-0836.txt,Validation_Data_Master,0,True,,181,6,1,train,30,30,drop,42
Validation_Data_Master/UVD-0837,Validation_Data_Master/UVD-0837.txt,Validation_Data_Master,0,True,,88,2,28,train,30,30,drop,42
Validation_Data_Master/UVD-0838,Validation_Data_Master/UVD-0838.txt,Validation_Data_Master,0,True,,1448,48,8,test,30,30,drop,42
Validation_Data_Master/UVD-0839,Validation_Data_Master/UVD-0839.txt,Validation_Data_Master,0,True,,92,3,2,train,30,30,drop,42
Validation_Data_Master/UVD-0840,Validation_Data_Master/UVD-0840.txt,Validation_Data_Master,0,True,,1278,42,18,train,30,30,drop,42
Validation_Data_Master/UVD-0841,Validation_Data_Master/UVD-0841.txt,Validation_Data_Master,0,True,,766,25,16,train,30,30,drop,42
Validation_Data_Master/UVD-0842,Validation_Data_Master/UVD-0842.txt,Validation_Data_Master,0,True,,259,8,19,train,30,30,drop,42
Validation_Data_Master/UVD-0843,Validation_Data_Master/UVD-0843.txt,Validation_Data_Master,0,True,,123,4,3,test,30,30,drop,42
Validation_Data_Master/UVD-0844,Validation_Data_Master/UVD-0844.txt,Validation_Data_Master,0,True,,107,3,17,train,30,30,drop,42
Validation_Data_Master/UVD-0845,Validation_Data_Master/UVD-0845.txt,Validation_Data_Master,0,True,,373,12,13,validation,30,30,drop,42
Validation_Data_Master/UVD-0846,Validation_Data_Master/UVD-0846.txt,Validation_Data_Master,0,True,,94,3,4,train,30,30,drop,42
Validation_Data_Master/UVD-0847,Validation_Data_Master/UVD-0847.txt,Validation_Data_Master,0,True,,941,31,11,train,30,30,drop,42
Validation_Data_Master/UVD-0848,Validation_Data_Master/UVD-0848.txt,Validation_Data_Master,0,True,,92,3,2,train,30,30,drop,42
Validation_Data_Master/UVD-0849,Validation_Data_Master/UVD-0849.txt,Validation_Data_Master,0,True,,122,4,2,train,30,30,drop,42
Validation_Data_Master/UVD-0850,Validation_Data_Master/UVD-0850.txt,Validation_Data_Master,0,True,,1170,39,0,validation,30,30,drop,42
Validation_Data_Master/UVD-0851,Validation_Data_Master/UVD-0851.txt,Validation_Data_Master,0,True,,256,8,16,train,30,30,drop,42
Validation_Data_Master/UVD-0852,Validation_Data_Master/UVD-0852.txt,Validation_Data_Master,0,True,,227,7,17,train,30,30,drop,42
Validation_Data_Master/UVD-0853,Validation_Data_Master/UVD-0853.txt,Validation_Data_Master,0,True,,209,6,29,validation,30,30,drop,42
Validation_Data_Master/UVD-0854,Validation_Data_Master/UVD-0854.txt,Validation_Data_Master,0,True,,129,4,9,test,30,30,drop,42
Validation_Data_Master/UVD-0855,Validation_Data_Master/UVD-0855.txt,Validation_Data_Master,0,True,,133,4,13,train,30,30,drop,42
Validation_Data_Master/UVD-0856,Validation_Data_Master/UVD-0856.txt,Validation_Data_Master,0,True,,2284,76,4,train,30,30,drop,42
Validation_Data_Master/UVD-0857,Validation_Data_Master/UVD-0857.txt,Validation_Data_Master,0,True,,270,9,0,train,30,30,drop,42
Validation_Data_Master/UVD-0858,Validation_Data_Master/UVD-0858.txt,Validation_Data_Master,0,True,,166,5,16,train,30,30,drop,42
Validation_Data_Master/UVD-0859,Validation_Data_Master/UVD-0859.txt,Validation_Data_Master,0,True,,104,3,14,train,30,30,drop,42
Validation_Data_Master/UVD-0860,Validation_Data_Master/UVD-0860.txt,Validation_Data_Master,0,True,,83,2,23,train,30,30,drop,42
Validation_Data_Master/UVD-0861,Validation_Data_Master/UVD-0861.txt,Validation_Data_Master,0,True,,854,28,14,test,30,30,drop,42
Validation_Data_Master/UVD-0862,Validation_Data_Master/UVD-0862.txt,Validation_Data_Master,0,True,,94,3,4,test,30,30,drop,42
Validation_Data_Master/UVD-0863,Validation_Data_Master/UVD-0863.txt,Validation_Data_Master,0,True,,251,8,11,test,30,30,drop,42
Validation_Data_Master/UVD-0864,Validation_Data_Master/UVD-0864.txt,Validation_Data_Master,0,True,,155,5,5,train,30,30,drop,42
Validation_Data_Master/UVD-0865,Validation_Data_Master/UVD-0865.txt,Validation_Data_Master,0,True,,1134,37,24,train,30,30,drop,42
Validation_Data_Master/UVD-0866,Validation_Data_Master/UVD-0866.txt,Validation_Data_Master,0,True,,797,26,17,train,30,30,drop,42
Validation_Data_Master/UVD-0867,Validation_Data_Master/UVD-0867.txt,Validation_Data_Master,0,True,,1439,47,29,test,30,30,drop,42
Validation_Data_Master/UVD-0868,Validation_Data_Master/UVD-0868.txt,Validation_Data_Master,0,True,,765,25,15,test,30,30,drop,42
Validation_Data_Master/UVD-0869,Validation_Data_Master/UVD-0869.txt,Validation_Data_Master,0,True,,132,4,12,test,30,30,drop,42
Validation_Data_Master/UVD-0870,Validation_Data_Master/UVD-0870.txt,Validation_Data_Master,0,True,,1041,34,21,test,30,30,drop,42
Validation_Data_Master/UVD-0871,Validation_Data_Master/UVD-0871.txt,Validation_Data_Master,0,True,,100,3,10,train,30,30,drop,42
Validation_Data_Master/UVD-0872,Validation_Data_Master/UVD-0872.txt,Validation_Data_Master,0,True,,894,29,24,test,30,30,drop,42
Validation_Data_Master/UVD-0873,Validation_Data_Master/UVD-0873.txt,Validation_Data_Master,0,True,,156,5,6,train,30,30,drop,42
Validation_Data_Master/UVD-0874,Validation_Data_Master/UVD-0874.txt,Validation_Data_Master,0,True,,270,9,0,train,30,30,drop,42
Validation_Data_Master/UVD-0875,Validation_Data_Master/UVD-0875.txt,Validation_Data_Master,0,True,,1419,47,9,validation,30,30,drop,42
Validation_Data_Master/UVD-0876,Validation_Data_Master/UVD-0876.txt,Validation_Data_Master,0,True,,117,3,27,train,30,30,drop,42
Validation_Data_Master/UVD-0877,Validation_Data_Master/UVD-0877.txt,Validation_Data_Master,0,True,,450,15,0,train,30,30,drop,42
Validation_Data_Master/UVD-0878,Validation_Data_Master/UVD-0878.txt,Validation_Data_Master,0,True,,247,8,7,train,30,30,drop,42
Validation_Data_Master/UVD-0879,Validation_Data_Master/UVD-0879.txt,Validation_Data_Master,0,True,,212,7,2,validation,30,30,drop,42
Validation_Data_Master/UVD-0880,Validation_Data_Master/UVD-0880.txt,Validation_Data_Master,0,True,,503,16,23,test,30,30,drop,42
Validation_Data_Master/UVD-0881,Validation_Data_Master/UVD-0881.txt,Validation_Data_Master,0,True,,1104,36,24,train,30,30,drop,42
Validation_Data_Master/UVD-0882,Validation_Data_Master/UVD-0882.txt,Validation_Data_Master,0,True,,534,17,24,test,30,30,drop,42
Validation_Data_Master/UVD-0883,Validation_Data_Master/UVD-0883.txt,Validation_Data_Master,0,True,,124,4,4,validation,30,30,drop,42
Validation_Data_Master/UVD-0884,Validation_Data_Master/UVD-0884.txt,Validation_Data_Master,0,True,,298,9,28,train,30,30,drop,42
Validation_Data_Master/UVD-0885,Validation_Data_Master/UVD-0885.txt,Validation_Data_Master,0,True,,183,6,3,train,30,30,drop,42
Validation_Data_Master/UVD-0886,Validation_Data_Master/UVD-0886.txt,Validation_Data_Master,0,True,,228,7,18,test,30,30,drop,42
Validation_Data_Master/UVD-0887,Validation_Data_Master/UVD-0887.txt,Validation_Data_Master,0,True,,95,3,5,test,30,30,drop,42
Validation_Data_Master/UVD-0888,Validation_Data_Master/UVD-0888.txt,Validation_Data_Master,0,True,,101,3,11,test,30,30,drop,42
Validation_Data_Master/UVD-0889,Validation_Data_Master/UVD-0889.txt,Validation_Data_Master,0,True,,838,27,28,train,30,30,drop,42
Validation_Data_Master/UVD-0890,Validation_Data_Master/UVD-0890.txt,Validation_Data_Master,0,True,,2481,82,21,train,30,30,drop,42
Validation_Data_Master/UVD-0891,Validation_Data_Master/UVD-0891.txt,Validation_Data_Master,0,True,,176,5,26,train,30,30,drop,42
Validation_Data_Master/UVD-0892,Validation_Data_Master/UVD-0892.txt,Validation_Data_Master,0,True,,136,4,16,train,30,30,drop,42
Validation_Data_Master/UVD-0893,Validation_Data_Master/UVD-0893.txt,Validation_Data_Master,0,True,,487,16,7,validation,30,30,drop,42
Validation_Data_Master/UVD-0894,Validation_Data_Master/UVD-0894.txt,Validation_Data_Master,0,True,,142,4,22,train,30,30,drop,42
Validation_Data_Master/UVD-0895,Validation_Data_Master/UVD-0895.txt,Validation_Data_Master,0,True,,110,3,20,train,30,30,drop,42
Validation_Data_Master/UVD-0896,Validation_Data_Master/UVD-0896.txt,Validation_Data_Master,0,True,,120,4,0,validation,30,30,drop,42
Validation_Data_Master/UVD-0897,Validation_Data_Master/UVD-0897.txt,Validation_Data_Master,0,True,,943,31,13,train,30,30,drop,42
Validation_Data_Master/UVD-0898,Validation_Data_Master/UVD-0898.txt,Validation_Data_Master,0,True,,945,31,15,validation,30,30,drop,42
Validation_Data_Master/UVD-0899,Validation_Data_Master/UVD-0899.txt,Validation_Data_Master,0,True,,136,4,16,train,30,30,drop,42
Validation_Data_Master/UVD-0900,Validation_Data_Master/UVD-0900.txt,Validation_Data_Master,0,True,,718,23,28,train,30,30,drop,42
Validation_Data_Master/UVD-0901,Validation_Data_Master/UVD-0901.txt,Validation_Data_Master,0,True,,114,3,24,train,30,30,drop,42
Validation_Data_Master/UVD-0902,Validation_Data_Master/UVD-0902.txt,Validation_Data_Master,0,True,,257,8,17,train,30,30,drop,42
Validation_Data_Master/UVD-0903,Validation_Data_Master/UVD-0903.txt,Validation_Data_Master,0,True,,2130,71,0,train,30,30,drop,42
Validation_Data_Master/UVD-0904,Validation_Data_Master/UVD-0904.txt,Validation_Data_Master,0,True,,958,31,28,train,30,30,drop,42
Validation_Data_Master/UVD-0905,Validation_Data_Master/UVD-0905.txt,Validation_Data_Master,0,True,,493,16,13,train,30,30,drop,42
Validation_Data_Master/UVD-0906,Validation_Data_Master/UVD-0906.txt,Validation_Data_Master,0,True,,621,20,21,train,30,30,drop,42
Validation_Data_Master/UVD-0907,Validation_Data_Master/UVD-0907.txt,Validation_Data_Master,0,True,,226,7,16,train,30,30,drop,42
Validation_Data_Master/UVD-0908,Validation_Data_Master/UVD-0908.txt,Validation_Data_Master,0,True,,413,13,23,train,30,30,drop,42
Validation_Data_Master/UVD-0909,Validation_Data_Master/UVD-0909.txt,Validation_Data_Master,0,True,,99,3,9,train,30,30,drop,42
Validation_Data_Master/UVD-0910,Validation_Data_Master/UVD-0910.txt,Validation_Data_Master,0,True,,121,4,1,train,30,30,drop,42
Validation_Data_Master/UVD-0911,Validation_Data_Master/UVD-0911.txt,Validation_Data_Master,0,True,,132,4,12,test,30,30,drop,42
Validation_Data_Master/UVD-0912,Validation_Data_Master/UVD-0912.txt,Validation_Data_Master,0,True,,468,15,18,test,30,30,drop,42
Validation_Data_Master/UVD-0913,Validation_Data_Master/UVD-0913.txt,Validation_Data_Master,0,True,,347,11,17,validation,30,30,drop,42
Validation_Data_Master/UVD-0914,Validation_Data_Master/UVD-0914.txt,Validation_Data_Master,0,True,,221,7,11,train,30,30,drop,42
Validation_Data_Master/UVD-0915,Validation_Data_Master/UVD-0915.txt,Validation_Data_Master,0,True,,176,5,26,test,30,30,drop,42
Validation_Data_Master/UVD-0916,Validation_Data_Master/UVD-0916.txt,Validation_Data_Master,0,True,,778,25,28,train,30,30,drop,42
Validation_Data_Master/UVD-0917,Validation_Data_Master/UVD-0917.txt,Validation_Data_Master,0,True,,798,26,18,train,30,30,drop,42
Validation_Data_Master/UVD-0918,Validation_Data_Master/UVD-0918.txt,Validation_Data_Master,0,True,,1139,37,29,train,30,30,drop,42
Validation_Data_Master/UVD-0919,Validation_Data_Master/UVD-0919.txt,Validation_Data_Master,0,True,,545,18,5,train,30,30,drop,42
Validation_Data_Master/UVD-0920,Validation_Data_Master/UVD-0920.txt,Validation_Data_Master,0,True,,2252,75,2,train,30,30,drop,42
Validation_Data_Master/UVD-0921,Validation_Data_Master/UVD-0921.txt,Validation_Data_Master,0,True,,154,5,4,train,30,30,drop,42
Validation_Data_Master/UVD-0922,Validation_Data_Master/UVD-0922.txt,Validation_Data_Master,0,True,,596,19,26,train,30,30,drop,42
Validation_Data_Master/UVD-0923,Validation_Data_Master/UVD-0923.txt,Validation_Data_Master,0,True,,210,7,0,train,30,30,drop,42
Validation_Data_Master/UVD-0924,Validation_Data_Master/UVD-0924.txt,Validation_Data_Master,0,True,,1443,48,3,train,30,30,drop,42
Validation_Data_Master/UVD-0925,Validation_Data_Master/UVD-0925.txt,Validation_Data_Master,0,True,,203,6,23,train,30,30,drop,42
Validation_Data_Master/UVD-0926,Validation_Data_Master/UVD-0926.txt,Validation_Data_Master,0,True,,371,12,11,validation,30,30,drop,42
Validation_Data_Master/UVD-0927,Validation_Data_Master/UVD-0927.txt,Validation_Data_Master,0,True,,445,14,25,test,30,30,drop,42
Validation_Data_Master/UVD-0928,Validation_Data_Master/UVD-0928.txt,Validation_Data_Master,0,True,,150,5,0,validation,30,30,drop,42
Validation_Data_Master/UVD-0929,Validation_Data_Master/UVD-0929.txt,Validation_Data_Master,0,True,,142,4,22,train,30,30,drop,42
Validation_Data_Master/UVD-0930,Validation_Data_Master/UVD-0930.txt,Validation_Data_Master,0,True,,287,9,17,train,30,30,drop,42
Validation_Data_Master/UVD-0931,Validation_Data_Master/UVD-0931.txt,Validation_Data_Master,0,True,,560,18,20,train,30,30,drop,42
Validation_Data_Master/UVD-0932,Validation_Data_Master/UVD-0932.txt,Validation_Data_Master,0,True,,508,16,28,train,30,30,drop,42
Validation_Data_Master/UVD-0933,Validation_Data_Master/UVD-0933.txt,Validation_Data_Master,0,True,,962,32,2,train,30,30,drop,42
Validation_Data_Master/UVD-0934,Validation_Data_Master/UVD-0934.txt,Validation_Data_Master,0,True,,508,16,28,train,30,30,drop,42
Validation_Data_Master/UVD-0935,Validation_Data_Master/UVD-0935.txt,Validation_Data_Master,0,True,,134,4,14,train,30,30,drop,42
Validation_Data_Master/UVD-0936,Validation_Data_Master/UVD-0936.txt,Validation_Data_Master,0,True,,534,17,24,train,30,30,drop,42
Validation_Data_Master/UVD-0937,Validation_Data_Master/UVD-0937.txt,Validation_Data_Master,0,True,,538,17,28,train,30,30,drop,42
Validation_Data_Master/UVD-0938,Validation_Data_Master/UVD-0938.txt,Validation_Data_Master,0,True,,122,4,2,test,30,30,drop,42
Validation_Data_Master/UVD-0939,Validation_Data_Master/UVD-0939.txt,Validation_Data_Master,0,True,,267,8,27,train,30,30,drop,42
Validation_Data_Master/UVD-0940,Validation_Data_Master/UVD-0940.txt,Validation_Data_Master,0,True,,557,18,17,train,30,30,drop,42
Validation_Data_Master/UVD-0941,Validation_Data_Master/UVD-0941.txt,Validation_Data_Master,0,True,,2870,95,20,train,30,30,drop,42
Validation_Data_Master/UVD-0942,Validation_Data_Master/UVD-0942.txt,Validation_Data_Master,0,True,,965,32,5,train,30,30,drop,42
Validation_Data_Master/UVD-0943,Validation_Data_Master/UVD-0943.txt,Validation_Data_Master,0,True,,175,5,25,train,30,30,drop,42
Validation_Data_Master/UVD-0944,Validation_Data_Master/UVD-0944.txt,Validation_Data_Master,0,True,,82,2,22,train,30,30,drop,42
Validation_Data_Master/UVD-0945,Validation_Data_Master/UVD-0945.txt,Validation_Data_Master,0,True,,1637,54,17,validation,30,30,drop,42
Validation_Data_Master/UVD-0946,Validation_Data_Master/UVD-0946.txt,Validation_Data_Master,0,True,,215,7,5,train,30,30,drop,42
Validation_Data_Master/UVD-0947,Validation_Data_Master/UVD-0947.txt,Validation_Data_Master,0,True,,236,7,26,validation,30,30,drop,42
Validation_Data_Master/UVD-0948,Validation_Data_Master/UVD-0948.txt,Validation_Data_Master,0,True,,535,17,25,train,30,30,drop,42
Validation_Data_Master/UVD-0949,Validation_Data_Master/UVD-0949.txt,Validation_Data_Master,0,True,,774,25,24,test,30,30,drop,42
Validation_Data_Master/UVD-0950,Validation_Data_Master/UVD-0950.txt,Validation_Data_Master,0,True,,446,14,26,validation,30,30,drop,42
Validation_Data_Master/UVD-0951,Validation_Data_Master/UVD-0951.txt,Validation_Data_Master,0,True,,917,30,17,test,30,30,drop,42
Validation_Data_Master/UVD-0952,Validation_Data_Master/UVD-0952.txt,Validation_Data_Master,0,True,,1054,35,4,train,30,30,drop,42
Validation_Data_Master/UVD-0953,Validation_Data_Master/UVD-0953.txt,Validation_Data_Master,0,True,,1134,37,24,test,30,30,drop,42
Validation_Data_Master/UVD-0954,Validation_Data_Master/UVD-0954.txt,Validation_Data_Master,0,True,,99,3,9,train,30,30,drop,42
Validation_Data_Master/UVD-0955,Validation_Data_Master/UVD-0955.txt,Validation_Data_Master,0,True,,1335,44,15,train,30,30,drop,42
Validation_Data_Master/UVD-0956,Validation_Data_Master/UVD-0956.txt,Validation_Data_Master,0,True,,1065,35,15,train,30,30,drop,42
Validation_Data_Master/UVD-0957,Validation_Data_Master/UVD-0957.txt,Validation_Data_Master,0,True,,97,3,7,test,30,30,drop,42
Validation_Data_Master/UVD-0958,Validation_Data_Master/UVD-0958.txt,Validation_Data_Master,0,True,,483,16,3,train,30,30,drop,42
Validation_Data_Master/UVD-0959,Validation_Data_Master/UVD-0959.txt,Validation_Data_Master,0,True,,1121,37,11,train,30,30,drop,42
Validation_Data_Master/UVD-0960,Validation_Data_Master/UVD-0960.txt,Validation_Data_Master,0,True,,101,3,11,train,30,30,drop,42
Validation_Data_Master/UVD-0961,Validation_Data_Master/UVD-0961.txt,Validation_Data_Master,0,True,,98,3,8,validation,30,30,drop,42
Validation_Data_Master/UVD-0962,Validation_Data_Master/UVD-0962.txt,Validation_Data_Master,0,True,,130,4,10,train,30,30,drop,42
Validation_Data_Master/UVD-0963,Validation_Data_Master/UVD-0963.txt,Validation_Data_Master,0,True,,105,3,15,train,30,30,drop,42
Validation_Data_Master/UVD-0964,Validation_Data_Master/UVD-0964.txt,Validation_Data_Master,0,True,,415,13,25,train,30,30,drop,42
Validation_Data_Master/UVD-0965,Validation_Data_Master/UVD-0965.txt,Validation_Data_Master,0,True,,345,11,15,train,30,30,drop,42
Validation_Data_Master/UVD-0966,Validation_Data_Master/UVD-0966.txt,Validation_Data_Master,0,True,,387,12,27,train,30,30,drop,42
Validation_Data_Master/UVD-0967,Validation_Data_Master/UVD-0967.txt,Validation_Data_Master,0,True,,192,6,12,validation,30,30,drop,42
Validation_Data_Master/UVD-0968,Validation_Data_Master/UVD-0968.txt,Validation_Data_Master,0,True,,679,22,19,train,30,30,drop,42
Validation_Data_Master/UVD-0969,Validation_Data_Master/UVD-0969.txt,Validation_Data_Master,0,True,,166,5,16,validation,30,30,drop,42
Validation_Data_Master/UVD-0970,Validation_Data_Master/UVD-0970.txt,Validation_Data_Master,0,True,,1953,65,3,train,30,30,drop,42
Validation_Data_Master/UVD-0971,Validation_Data_Master/UVD-0971.txt,Validation_Data_Master,0,True,,161,5,11,train,30,30,drop,42
Validation_Data_Master/UVD-0972,Validation_Data_Master/UVD-0972.txt,Validation_Data_Master,0,True,,146,4,26,test,30,30,drop,42
Validation_Data_Master/UVD-0973,Validation_Data_Master/UVD-0973.txt,Validation_Data_Master,0,True,,91,3,1,train,30,30,drop,42
Validation_Data_Master/UVD-0974,Validation_Data_Master/UVD-0974.txt,Validation_Data_Master,0,True,,655,21,25,train,30,30,drop,42
Validation_Data_Master/UVD-0975,Validation_Data_Master/UVD-0975.txt,Validation_Data_Master,0,True,,129,4,9,train,30,30,drop,42
Validation_Data_Master/UVD-0976,Validation_Data_Master/UVD-0976.txt,Validation_Data_Master,0,True,,110,3,20,train,30,30,drop,42
Validation_Data_Master/UVD-0977,Validation_Data_Master/UVD-0977.txt,Validation_Data_Master,0,True,,115,3,25,train,30,30,drop,42
Validation_Data_Master/UVD-0978,Validation_Data_Master/UVD-0978.txt,Validation_Data_Master,0,True,,211,7,1,train,30,30,drop,42
Validation_Data_Master/UVD-0979,Validation_Data_Master/UVD-0979.txt,Validation_Data_Master,0,True,,543,18,3,train,30,30,drop,42
Validation_Data_Master/UVD-0980,Validation_Data_Master/UVD-0980.txt,Validation_Data_Master,0,True,,1147,38,7,train,30,30,drop,42
Validation_Data_Master/UVD-0981,Validation_Data_Master/UVD-0981.txt,Validation_Data_Master,0,True,,189,6,9,train,30,30,drop,42
Validation_Data_Master/UVD-0982,Validation_Data_Master/UVD-0982.txt,Validation_Data_Master,0,True,,119,3,29,train,30,30,drop,42
Validation_Data_Master/UVD-0983,Validation_Data_Master/UVD-0983.txt,Validation_Data_Master,0,True,,382,12,22,train,30,30,drop,42
Validation_Data_Master/UVD-0984,Validation_Data_Master/UVD-0984.txt,Validation_Data_Master,0,True,,1025,34,5,train,30,30,drop,42
Validation_Data_Master/UVD-0985,Validation_Data_Master/UVD-0985.txt,Validation_Data_Master,0,True,,794,26,14,train,30,30,drop,42
Validation_Data_Master/UVD-0986,Validation_Data_Master/UVD-0986.txt,Validation_Data_Master,0,True,,373,12,13,train,30,30,drop,42
Validation_Data_Master/UVD-0987,Validation_Data_Master/UVD-0987.txt,Validation_Data_Master,0,True,,957,31,27,train,30,30,drop,42
Validation_Data_Master/UVD-0988,Validation_Data_Master/UVD-0988.txt,Validation_Data_Master,0,True,,1607,53,17,validation,30,30,drop,42
Validation_Data_Master/UVD-0989,Validation_Data_Master/UVD-0989.txt,Validation_Data_Master,0,True,,281,9,11,test,30,30,drop,42
Validation_Data_Master/UVD-0990,Validation_Data_Master/UVD-0990.txt,Validation_Data_Master,0,True,,1697,56,17,train,30,30,drop,42
Validation_Data_Master/UVD-0991,Validation_Data_Master/UVD-0991.txt,Validation_Data_Master,0,True,,873,29,3,train,30,30,drop,42
Validation_Data_Master/UVD-0992,Validation_Data_Master/UVD-0992.txt,Validation_Data_Master,0,True,,1810,60,10,train,30,30,drop,42
Validation_Data_Master/UVD-0993,Validation_Data_Master/UVD-0993.txt,Validation_Data_Master,0,True,,396,13,6,train,30,30,drop,42
Validation_Data_Master/UVD-0994,Validation_Data_Master/UVD-0994.txt,Validation_Data_Master,0,True,,86,2,26,train,30,30,drop,42
Validation_Data_Master/UVD-0995,Validation_Data_Master/UVD-0995.txt,Validation_Data_Master,0,True,,104,3,14,train,30,30,drop,42
Validation_Data_Master/UVD-0996,Validation_Data_Master/UVD-0996.txt,Validation_Data_Master,0,True,,290,9,20,train,30,30,drop,42
Validation_Data_Master/UVD-0997,Validation_Data_Master/UVD-0997.txt,Validation_Data_Master,0,True,,316,10,16,train,30,30,drop,42
Validation_Data_Master/UVD-0998,Validation_Data_Master/UVD-0998.txt,Validation_Data_Master,0,True,,115,3,25,test,30,30,drop,42
Validation_Data_Master/UVD-0999,Validation_Data_Master/UVD-0999.txt,Validation_Data_Master,0,True,,110,3,20,train,30,30,drop,42
Validation_Data_Master/UVD-1000,Validation_Data_Master/UVD-1000.txt,Validation_Data_Master,0,True,,1701,56,21,train,30,30,drop,42
Validation_Data_Master/UVD-1001,Validation_Data_Master/UVD-1001.txt,Validation_Data_Master,0,True,,2908,96,28,train,30,30,drop,42
Validation_Data_Master/UVD-1002,Validation_Data_Master/UVD-1002.txt,Validation_Data_Master,0,True,,123,4,3,validation,30,30,drop,42
Validation_Data_Master/UVD-1003,Validation_Data_Master/UVD-1003.txt,Validation_Data_Master,0,True,,308,10,8,train,30,30,drop,42
Validation_Data_Master/UVD-1004,Validation_Data_Master/UVD-1004.txt,Validation_Data_Master,0,True,,242,8,2,train,30,30,drop,42
Validation_Data_Master/UVD-1005,Validation_Data_Master/UVD-1005.txt,Validation_Data_Master,0,True,,181,6,1,train,30,30,drop,42
Validation_Data_Master/UVD-1006,Validation_Data_Master/UVD-1006.txt,Validation_Data_Master,0,True,,91,3,1,train,30,30,drop,42
Validation_Data_Master/UVD-1007,Validation_Data_Master/UVD-1007.txt,Validation_Data_Master,0,True,,126,4,6,validation,30,30,drop,42
Validation_Data_Master/UVD-1008,Validation_Data_Master/UVD-1008.txt,Validation_Data_Master,0,True,,166,5,16,train,30,30,drop,42
Validation_Data_Master/UVD-1009,Validation_Data_Master/UVD-1009.txt,Validation_Data_Master,0,True,,198,6,18,train,30,30,drop,42
Validation_Data_Master/UVD-1010,Validation_Data_Master/UVD-1010.txt,Validation_Data_Master,0,True,,126,4,6,train,30,30,drop,42
Validation_Data_Master/UVD-1011,Validation_Data_Master/UVD-1011.txt,Validation_Data_Master,0,True,,132,4,12,test,30,30,drop,42
Validation_Data_Master/UVD-1012,Validation_Data_Master/UVD-1012.txt,Validation_Data_Master,0,True,,612,20,12,train,30,30,drop,42
Validation_Data_Master/UVD-1013,Validation_Data_Master/UVD-1013.txt,Validation_Data_Master,0,True,,452,15,2,train,30,30,drop,42
Validation_Data_Master/UVD-1014,Validation_Data_Master/UVD-1014.txt,Validation_Data_Master,0,True,,108,3,18,train,30,30,drop,42
Validation_Data_Master/UVD-1015,Validation_Data_Master/UVD-1015.txt,Validation_Data_Master,0,True,,105,3,15,test,30,30,drop,42
Validation_Data_Master/UVD-1016,Validation_Data_Master/UVD-1016.txt,Validation_Data_Master,0,True,,117,3,27,train,30,30,drop,42
Validation_Data_Master/UVD-1017,Validation_Data_Master/UVD-1017.txt,Validation_Data_Master,0,True,,126,4,6,train,30,30,drop,42
Validation_Data_Master/UVD-1018,Validation_Data_Master/UVD-1018.txt,Validation_Data_Master,0,True,,93,3,3,train,30,30,drop,42
Validation_Data_Master/UVD-1019,Validation_Data_Master/UVD-1019.txt,Validation_Data_Master,0,True,,99,3,9,train,30,30,drop,42
Validation_Data_Master/UVD-1020,Validation_Data_Master/UVD-1020.txt,Validation_Data_Master,0,True,,105,3,15,train,30,30,drop,42
Validation_Data_Master/UVD-1021,Validation_Data_Master/UVD-1021.txt,Validation_Data_Master,0,True,,124,4,4,train,30,30,drop,42
Validation_Data_Master/UVD-1022,Validation_Data_Master/UVD-1022.txt,Validation_Data_Master,0,True,,339,11,9,test,30,30,drop,42
Validation_Data_Master/UVD-1023,Validation_Data_Master/UVD-1023.txt,Validation_Data_Master,0,True,,191,6,11,train,30,30,drop,42
Validation_Data_Master/UVD-1024,Validation_Data_Master/UVD-1024.txt,Validation_Data_Master,0,True,,2513,83,23,validation,30,30,drop,42
Validation_Data_Master/UVD-1025,Validation_Data_Master/UVD-1025.txt,Validation_Data_Master,0,True,,192,6,12,test,30,30,drop,42
Validation_Data_Master/UVD-1026,Validation_Data_Master/UVD-1026.txt,Validation_Data_Master,0,True,,339,11,9,train,30,30,drop,42
Validation_Data_Master/UVD-1027,Validation_Data_Master/UVD-1027.txt,Validation_Data_Master,0,True,,194,6,14,test,30,30,drop,42
Validation_Data_Master/UVD-1028,Validation_Data_Master/UVD-1028.txt,Validation_Data_Master,0,True,,356,11,26,train,30,30,drop,42
Validation_Data_Master/UVD-1029,Validation_Data_Master/UVD-1029.txt,Validation_Data_Master,0,True,,160,5,10,train,30,30,drop,42
Validation_Data_Master/UVD-1030,Validation_Data_Master/UVD-1030.txt,Validation_Data_Master,0,True,,85,2,25,train,30,30,drop,42
Validation_Data_Master/UVD-1031,Validation_Data_Master/UVD-1031.txt,Validation_Data_Master,0,True,,363,12,3,train,30,30,drop,42
Validation_Data_Master/UVD-1032,Validation_Data_Master/UVD-1032.txt,Validation_Data_Master,0,True,,625,20,25,train,30,30,drop,42
Validation_Data_Master/UVD-1033,Validation_Data_Master/UVD-1033.txt,Validation_Data_Master,0,True,,343,11,13,test,30,30,drop,42
Validation_Data_Master/UVD-1034,Validation_Data_Master/UVD-1034.txt,Validation_Data_Master,0,True,,343,11,13,train,30,30,drop,42
Validation_Data_Master/UVD-1035,Validation_Data_Master/UVD-1035.txt,Validation_Data_Master,0,True,,175,5,25,train,30,30,drop,42
Validation_Data_Master/UVD-1036,Validation_Data_Master/UVD-1036.txt,Validation_Data_Master,0,True,,343,11,13,validation,30,30,drop,42
Validation_Data_Master/UVD-1037,Validation_Data_Master/UVD-1037.txt,Validation_Data_Master,0,True,,110,3,20,train,30,30,drop,42
Validation_Data_Master/UVD-1038,Validation_Data_Master/UVD-1038.txt,Validation_Data_Master,0,True,,110,3,20,train,30,30,drop,42
Validation_Data_Master/UVD-1039,Validation_Data_Master/UVD-1039.txt,Validation_Data_Master,0,True,,196,6,16,train,30,30,drop,42
Validation_Data_Master/UVD-1040,Validation_Data_Master/UVD-1040.txt,Validation_Data_Master,0,True,,110,3,20,train,30,30,drop,42
Validation_Data_Master/UVD-1041,Validation_Data_Master/UVD-1041.txt,Validation_Data_Master,0,True,,680,22,20,train,30,30,drop,42
Validation_Data_Master/UVD-1042,Validation_Data_Master/UVD-1042.txt,Validation_Data_Master,0,True,,138,4,18,train,30,30,drop,42
Validation_Data_Master/UVD-1043,Validation_Data_Master/UVD-1043.txt,Validation_Data_Master,0,True,,228,7,18,train,30,30,drop,42
Validation_Data_Master/UVD-1044,Validation_Data_Master/UVD-1044.txt,Validation_Data_Master,0,True,,326,10,26,train,30,30,drop,42
Validation_Data_Master/UVD-1045,Validation_Data_Master/UVD-1045.txt,Validation_Data_Master,0,True,,93,3,3,train,30,30,drop,42
Validation_Data_Master/UVD-1046,Validation_Data_Master/UVD-1046.txt,Validation_Data_Master,0,True,,433,14,13,train,30,30,drop,42
Validation_Data_Master/UVD-1047,Validation_Data_Master/UVD-1047.txt,Validation_Data_Master,0,True,,95,3,5,validation,30,30,drop,42
Validation_Data_Master/UVD-1048,Validation_Data_Master/UVD-1048.txt,Validation_Data_Master,0,True,,354,11,24,validation,30,30,drop,42
Validation_Data_Master/UVD-1049,Validation_Data_Master/UVD-1049.txt,Validation_Data_Master,0,True,,111,3,21,test,30,30,drop,42
Validation_Data_Master/UVD-1050,Validation_Data_Master/UVD-1050.txt,Validation_Data_Master,0,True,,103,3,13,train,30,30,drop,42
Validation_Data_Master/UVD-1051,Validation_Data_Master/UVD-1051.txt,Validation_Data_Master,0,True,,181,6,1,train,30,30,drop,42
Validation_Data_Master/UVD-1052,Validation_Data_Master/UVD-1052.txt,Validation_Data_Master,0,True,,93,3,3,test,30,30,drop,42
Validation_Data_Master/UVD-1053,Validation_Data_Master/UVD-1053.txt,Validation_Data_Master,0,True,,343,11,13,train,30,30,drop,42
Validation_Data_Master/UVD-1054,Validation_Data_Master/UVD-1054.txt,Validation_Data_Master,0,True,,93,3,3,train,30,30,drop,42
Validation_Data_Master/UVD-1055,Validation_Data_Master/UVD-1055.txt,Validation_Data_Master,0,True,,368,12,8,train,30,30,drop,42
Validation_Data_Master/UVD-1056,Validation_Data_Master/UVD-1056.txt,Validation_Data_Master,0,True,,192,6,12,validation,30,30,drop,42
Validation_Data_Master/UVD-1057,Validation_Data_Master/UVD-1057.txt,Validation_Data_Master,0,True,,196,6,16,train,30,30,drop,42
Validation_Data_Master/UVD-1058,Validation_Data_Master/UVD-1058.txt,Validation_Data_Master,0,True,,343,11,13,train,30,30,drop,42
Validation_Data_Master/UVD-1059,Validation_Data_Master/UVD-1059.txt,Validation_Data_Master,0,True,,330,11,0,test,30,30,drop,42
Validation_Data_Master/UVD-1060,Validation_Data_Master/UVD-1060.txt,Validation_Data_Master,0,True,,751,25,1,train,30,30,drop,42
Validation_Data_Master/UVD-1061,Validation_Data_Master/UVD-1061.txt,Validation_Data_Master,0,True,,343,11,13,train,30,30,drop,42
Validation_Data_Master/UVD-1062,Validation_Data_Master/UVD-1062.txt,Validation_Data_Master,0,True,,104,3,14,validation,30,30,drop,42
Validation_Data_Master/UVD-1063,Validation_Data_Master/UVD-1063.txt,Validation_Data_Master,0,True,,343,11,13,validation,30,30,drop,42
Validation_Data_Master/UVD-1064,Validation_Data_Master/UVD-1064.txt,Validation_Data_Master,0,True,,2195,73,5,validation,30,30,drop,42
Validation_Data_Master/UVD-1065,Validation_Data_Master/UVD-1065.txt,Validation_Data_Master,0,True,,102,3,12,train,30,30,drop,42
Validation_Data_Master/UVD-1066,Validation_Data_Master/UVD-1066.txt,Validation_Data_Master,0,True,,2772,92,12,train,30,30,drop,42
Validation_Data_Master/UVD-1067,Validation_Data_Master/UVD-1067.txt,Validation_Data_Master,0,True,,99,3,9,validation,30,30,drop,42
Validation_Data_Master/UVD-1068,Validation_Data_Master/UVD-1068.txt,Validation_Data_Master,0,True,,175,5,25,train,30,30,drop,42
Validation_Data_Master/UVD-1069,Validation_Data_Master/UVD-1069.txt,Validation_Data_Master,0,True,,107,3,17,train,30,30,drop,42
Validation_Data_Master/UVD-1070,Validation_Data_Master/UVD-1070.txt,Validation_Data_Master,0,True,,107,3,17,train,30,30,drop,42
Validation_Data_Master/UVD-1071,Validation_Data_Master/UVD-1071.txt,Validation_Data_Master,0,True,,107,3,17,train,30,30,drop,42
Validation_Data_Master/UVD-1072,Validation_Data_Master/UVD-1072.txt,Validation_Data_Master,0,True,,929,30,29,train,30,30,drop,42
Validation_Data_Master/UVD-1073,Validation_Data_Master/UVD-1073.txt,Validation_Data_Master,0,True,,107,3,17,train,30,30,drop,42
Validation_Data_Master/UVD-1074,Validation_Data_Master/UVD-1074.txt,Validation_Data_Master,0,True,,1263,42,3,test,30,30,drop,42
Validation_Data_Master/UVD-1075,Validation_Data_Master/UVD-1075.txt,Validation_Data_Master,0,True,,154,5,4,train,30,30,drop,42
Validation_Data_Master/UVD-1076,Validation_Data_Master/UVD-1076.txt,Validation_Data_Master,0,True,,2927,97,17,train,30,30,drop,42
Validation_Data_Master/UVD-1077,Validation_Data_Master/UVD-1077.txt,Validation_Data_Master,0,True,,681,22,21,train,30,30,drop,42
Validation_Data_Master/UVD-1078,Validation_Data_Master/UVD-1078.txt,Validation_Data_Master,0,True,,107,3,17,test,30,30,drop,42
Validation_Data_Master/UVD-1079,Validation_Data_Master/UVD-1079.txt,Validation_Data_Master,0,True,,143,4,23,train,30,30,drop,42
Validation_Data_Master/UVD-1080,Validation_Data_Master/UVD-1080.txt,Validation_Data_Master,0,True,,883,29,13,validation,30,30,drop,42
Validation_Data_Master/UVD-1081,Validation_Data_Master/UVD-1081.txt,Validation_Data_Master,0,True,,174,5,24,train,30,30,drop,42
Validation_Data_Master/UVD-1082,Validation_Data_Master/UVD-1082.txt,Validation_Data_Master,0,True,,343,11,13,validation,30,30,drop,42
Validation_Data_Master/UVD-1083,Validation_Data_Master/UVD-1083.txt,Validation_Data_Master,0,True,,91,3,1,train,30,30,drop,42
Validation_Data_Master/UVD-1084,Validation_Data_Master/UVD-1084.txt,Validation_Data_Master,0,True,,193,6,13,test,30,30,drop,42
Validation_Data_Master/UVD-1085,Validation_Data_Master/UVD-1085.txt,Validation_Data_Master,0,True,,93,3,3,train,30,30,drop,42
Validation_Data_Master/UVD-1086,Validation_Data_Master/UVD-1086.txt,Validation_Data_Master,0,True,,343,11,13,train,30,30,drop,42
Validation_Data_Master/UVD-1087,Validation_Data_Master/UVD-1087.txt,Validation_Data_Master,0,True,,110,3,20,train,30,30,drop,42
Validation_Data_Master/UVD-1088,Validation_Data_Master/UVD-1088.txt,Validation_Data_Master,0,True,,183,6,3,validation,30,30,drop,42
Validation_Data_Master/UVD-1089,Validation_Data_Master/UVD-1089.txt,Validation_Data_Master,0,True,,93,3,3,train,30,30,drop,42
Validation_Data_Master/UVD-1090,Validation_Data_Master/UVD-1090.txt,Validation_Data_Master,0,True,,310,10,10,train,30,30,drop,42
Validation_Data_Master/UVD-1091,Validation_Data_Master/UVD-1091.txt,Validation_Data_Master,0,True,,124,4,4,train,30,30,drop,42
Validation_Data_Master/UVD-1092,Validation_Data_Master/UVD-1092.txt,Validation_Data_Master,0,True,,343,11,13,train,30,30,drop,42
Validation_Data_Master/UVD-1093,Validation_Data_Master/UVD-1093.txt,Validation_Data_Master,0,True,,523,17,13,train,30,30,drop,42
Validation_Data_Master/UVD-1094,Validation_Data_Master/UVD-1094.txt,Validation_Data_Master,0,True,,343,11,13,test,30,30,drop,42
Validation_Data_Master/UVD-1095,Validation_Data_Master/UVD-1095.txt,Validation_Data_Master,0,True,,117,3,27,train,30,30,drop,42
Validation_Data_Master/UVD-1096,Validation_Data_Master/UVD-1096.txt,Validation_Data_Master,0,True,,100,3,10,train,30,30,drop,42
Validation_Data_Master/UVD-1097,Validation_Data_Master/UVD-1097.txt,Validation_Data_Master,0,True,,343,11,13,train,30,30,drop,42
Validation_Data_Master/UVD-1098,Validation_Data_Master/UVD-1098.txt,Validation_Data_Master,0,True,,107,3,17,validation,30,30,drop,42
Validation_Data_Master/UVD-1099,Validation_Data_Master/UVD-1099.txt,Validation_Data_Master,0,True,,343,11,13,train,30,30,drop,42
Validation_Data_Master/UVD-1100,Validation_Data_Master/UVD-1100.txt,Validation_Data_Master,0,True,,225,7,15,train,30,30,drop,42
Validation_Data_Master/UVD-1101,Validation_Data_Master/UVD-1101.txt,Validation_Data_Master,0,True,,198,6,18,train,30,30,drop,42
Validation_Data_Master/UVD-1102,Validation_Data_Master/UVD-1102.txt,Validation_Data_Master,0,True,,343,11,13,test,30,30,drop,42
Validation_Data_Master/UVD-1103,Validation_Data_Master/UVD-1103.txt,Validation_Data_Master,0,True,,93,3,3,test,30,30,drop,42
Validation_Data_Master/UVD-1104,Validation_Data_Master/UVD-1104.txt,Validation_Data_Master,0,True,,343,11,13,train,30,30,drop,42
Validation_Data_Master/UVD-1105,Validation_Data_Master/UVD-1105.txt,Validation_Data_Master,0,True,,346,11,16,train,30,30,drop,42
Validation_Data_Master/UVD-1106,Validation_Data_Master/UVD-1106.txt,Validation_Data_Master,0,True,,131,4,11,train,30,30,drop,42
Validation_Data_Master/UVD-1107,Validation_Data_Master/UVD-1107.txt,Validation_Data_Master,0,True,,133,4,13,train,30,30,drop,42
Validation_Data_Master/UVD-1108,Validation_Data_Master/UVD-1108.txt,Validation_Data_Master,0,True,,343,11,13,train,30,30,drop,42
Validation_Data_Master/UVD-1109,Validation_Data_Master/UVD-1109.txt,Validation_Data_Master,0,True,,1667,55,17,train,30,30,drop,42
Validation_Data_Master/UVD-1110,Validation_Data_Master/UVD-1110.txt,Validation_Data_Master,0,True,,93,3,3,train,30,30,drop,42
Validation_Data_Master/UVD-1111,Validation_Data_Master/UVD-1111.txt,Validation_Data_Master,0,True,,2491,83,1,validation,30,30,drop,42
Validation_Data_Master/UVD-1112,Validation_Data_Master/UVD-1112.txt,Validation_Data_Master,0,True,,2194,73,4,train,30,30,drop,42
Validation_Data_Master/UVD-1113,Validation_Data_Master/UVD-1113.txt,Validation_Data_Master,0,True,,2064,68,24,validation,30,30,drop,42
Validation_Data_Master/UVD-1114,Validation_Data_Master/UVD-1114.txt,Validation_Data_Master,0,True,,211,7,1,validation,30,30,drop,42
Validation_Data_Master/UVD-1115,Validation_Data_Master/UVD-1115.txt,Validation_Data_Master,0,True,,343,11,13,train,30,30,drop,42
Validation_Data_Master/UVD-1116,Validation_Data_Master/UVD-1116.txt,Validation_Data_Master,0,True,,228,7,18,train,30,30,drop,42
Validation_Data_Master/UVD-1117,Validation_Data_Master/UVD-1117.txt,Validation_Data_Master,0,True,,343,11,13,test,30,30,drop,42
Validation_Data_Master/UVD-1118,Validation_Data_Master/UVD-1118.txt,Validation_Data_Master,0,True,,93,3,3,train,30,30,drop,42
Validation_Data_Master/UVD-1119,Validation_Data_Master/UVD-1119.txt,Validation_Data_Master,0,True,,105,3,15,test,30,30,drop,42
Validation_Data_Master/UVD-1120,Validation_Data_Master/UVD-1120.txt,Validation_Data_Master,0,True,,343,11,13,train,30,30,drop,42
Validation_Data_Master/UVD-1121,Validation_Data_Master/UVD-1121.txt,Validation_Data_Master,0,True,,180,6,0,test,30,30,drop,42
Validation_Data_Master/UVD-1122,Validation_Data_Master/UVD-1122.txt,Validation_Data_Master,0,True,,1426,47,16,train,30,30,drop,42
Validation_Data_Master/UVD-1123,Validation_Data_Master/UVD-1123.txt,Validation_Data_Master,0,True,,343,11,13,train,30,30,drop,42
Validation_Data_Master/UVD-1124,Validation_Data_Master/UVD-1124.txt,Validation_Data_Master,0,True,,343,11,13,train,30,30,drop,42
Validation_Data_Master/UVD-1125,Validation_Data_Master/UVD-1125.txt,Validation_Data_Master,0,True,,93,3,3,train,30,30,drop,42
Validation_Data_Master/UVD-1126,Validation_Data_Master/UVD-1126.txt,Validation_Data_Master,0,True,,343,11,13,validation,30,30,drop,42
Validation_Data_Master/UVD-1127,Validation_Data_Master/UVD-1127.txt,Validation_Data_Master,0,True,,1215,40,15,train,30,30,drop,42
Validation_Data_Master/UVD-1128,Validation_Data_Master/UVD-1128.txt,Validation_Data_Master,0,True,,343,11,13,test,30,30,drop,42
Validation_Data_Master/UVD-1129,Validation_Data_Master/UVD-1129.txt,Validation_Data_Master,0,True,,502,16,22,test,30,30,drop,42
Validation_Data_Master/UVD-1130,Validation_Data_Master/UVD-1130.txt,Validation_Data_Master,0,True,,805,26,25,test,30,30,drop,42
Validation_Data_Master/UVD-1131,Validation_Data_Master/UVD-1131.txt,Validation_Data_Master,0,True,,343,11,13,train,30,30,drop,42
Validation_Data_Master/UVD-1132,Validation_Data_Master/UVD-1132.txt,Validation_Data_Master,0,True,,212,7,2,train,30,30,drop,42
Validation_Data_Master/UVD-1133,Validation_Data_Master/UVD-1133.txt,Validation_Data_Master,0,True,,343,11,13,test,30,30,drop,42
Validation_Data_Master/UVD-1134,Validation_Data_Master/UVD-1134.txt,Validation_Data_Master,0,True,,972,32,12,train,30,30,drop,42
Validation_Data_Master/UVD-1135,Validation_Data_Master/UVD-1135.txt,Validation_Data_Master,0,True,,343,11,13,train,30,30,drop,42
Validation_Data_Master/UVD-1136,Validation_Data_Master/UVD-1136.txt,Validation_Data_Master,0,True,,340,11,10,train,30,30,drop,42
Validation_Data_Master/UVD-1137,Validation_Data_Master/UVD-1137.txt,Validation_Data_Master,0,True,,362,12,2,validation,30,30,drop,42
Validation_Data_Master/UVD-1138,Validation_Data_Master/UVD-1138.txt,Validation_Data_Master,0,True,,362,12,2,train,30,30,drop,42
Validation_Data_Master/UVD-1139,Validation_Data_Master/UVD-1139.txt,Validation_Data_Master,0,True,,433,14,13,train,30,30,drop,42
Validation_Data_Master/UVD-1140,Validation_Data_Master/UVD-1140.txt,Validation_Data_Master,0,True,,343,11,13,test,30,30,drop,42
Validation_Data_Master/UVD-1141,Validation_Data_Master/UVD-1141.txt,Validation_Data_Master,0,True,,180,6,0,train,30,30,drop,42
Validation_Data_Master/UVD-1142,Validation_Data_Master/UVD-1142.txt,Validation_Data_Master,0,True,,343,11,13,train,30,30,drop,42
Validation_Data_Master/UVD-1143,Validation_Data_Master/UVD-1143.txt,Validation_Data_Master,0,True,,179,5,29,validation,30,30,drop,42
Validation_Data_Master/UVD-1144,Validation_Data_Master/UVD-1144.txt,Validation_Data_Master,0,True,,343,11,13,train,30,30,drop,42
Validation_Data_Master/UVD-1145,Validation_Data_Master/UVD-1145.txt,Validation_Data_Master,0,True,,3076,102,16,train,30,30,drop,42
Validation_Data_Master/UVD-1146,Validation_Data_Master/UVD-1146.txt,Validation_Data_Master,0,True,,93,3,3,train,30,30,drop,42
Validation_Data_Master/UVD-1147,Validation_Data_Master/UVD-1147.txt,Validation_Data_Master,0,True,,332,11,2,train,30,30,drop,42
Validation_Data_Master/UVD-1148,Validation_Data_Master/UVD-1148.txt,Validation_Data_Master,0,True,,343,11,13,train,30,30,drop,42
Validation_Data_Master/UVD-1149,Validation_Data_Master/UVD-1149.txt,Validation_Data_Master,0,True,,639,21,9,train,30,30,drop,42
Validation_Data_Master/UVD-1150,Validation_Data_Master/UVD-1150.txt,Validation_Data_Master,0,True,,343,11,13,train,30,30,drop,42
Validation_Data_Master/UVD-1151,Validation_Data_Master/UVD-1151.txt,Validation_Data_Master,0,True,,105,3,15,train,30,30,drop,42
Validation_Data_Master/UVD-1152,Validation_Data_Master/UVD-1152.txt,Validation_Data_Master,0,True,,343,11,13,validation,30,30,drop,42
Validation_Data_Master/UVD-1153,Validation_Data_Master/UVD-1153.txt,Validation_Data_Master,0,True,,2329,77,19,validation,30,30,drop,42
Validation_Data_Master/UVD-1154,Validation_Data_Master/UVD-1154.txt,Validation_Data_Master,0,True,,343,11,13,train,30,30,drop,42
Validation_Data_Master/UVD-1155,Validation_Data_Master/UVD-1155.txt,Validation_Data_Master,0,True,,343,11,13,train,30,30,drop,42
Validation_Data_Master/UVD-1156,Validation_Data_Master/UVD-1156.txt,Validation_Data_Master,0,True,,343,11,13,validation,30,30,drop,42
Validation_Data_Master/UVD-1157,Validation_Data_Master/UVD-1157.txt,Validation_Data_Master,0,True,,3086,102,26,train,30,30,drop,42
Validation_Data_Master/UVD-1158,Validation_Data_Master/UVD-1158.txt,Validation_Data_Master,0,True,,610,20,10,train,30,30,drop,42
Validation_Data_Master/UVD-1159,Validation_Data_Master/UVD-1159.txt,Validation_Data_Master,0,True,,343,11,13,train,30,30,drop,42
Validation_Data_Master/UVD-1160,Validation_Data_Master/UVD-1160.txt,Validation_Data_Master,0,True,,737,24,17,validation,30,30,drop,42
Validation_Data_Master/UVD-1161,Validation_Data_Master/UVD-1161.txt,Validation_Data_Master,0,True,,421,14,1,validation,30,30,drop,42
Validation_Data_Master/UVD-1162,Validation_Data_Master/UVD-1162.txt,Validation_Data_Master,0,True,,343,11,13,train,30,30,drop,42
Validation_Data_Master/UVD-1163,Validation_Data_Master/UVD-1163.txt,Validation_Data_Master,0,True,,343,11,13,train,30,30,drop,42
Validation_Data_Master/UVD-1164,Validation_Data_Master/UVD-1164.txt,Validation_Data_Master,0,True,,172,5,22,train,30,30,drop,42
Validation_Data_Master/UVD-1165,Validation_Data_Master/UVD-1165.txt,Validation_Data_Master,0,True,,105,3,15,train,30,30,drop,42
Validation_Data_Master/UVD-1166,Validation_Data_Master/UVD-1166.txt,Validation_Data_Master,0,True,,379,12,19,train,30,30,drop,42
Validation_Data_Master/UVD-1167,Validation_Data_Master/UVD-1167.txt,Validation_Data_Master,0,True,,121,4,1,validation,30,30,drop,42
Validation_Data_Master/UVD-1168,Validation_Data_Master/UVD-1168.txt,Validation_Data_Master,0,True,,115,3,25,validation,30,30,drop,42
Validation_Data_Master/UVD-1169,Validation_Data_Master/UVD-1169.txt,Validation_Data_Master,0,True,,120,4,0,validation,30,30,drop,42
Validation_Data_Master/UVD-1170,Validation_Data_Master/UVD-1170.txt,Validation_Data_Master,0,True,,343,11,13,train,30,30,drop,42
Validation_Data_Master/UVD-1171,Validation_Data_Master/UVD-1171.txt,Validation_Data_Master,0,True,,122,4,2,train,30,30,drop,42
Validation_Data_Master/UVD-1172,Validation_Data_Master/UVD-1172.txt,Validation_Data_Master,0,True,,94,3,4,train,30,30,drop,42
Validation_Data_Master/UVD-1173,Validation_Data_Master/UVD-1173.txt,Validation_Data_Master,0,True,,122,4,2,test,30,30,drop,42
Validation_Data_Master/UVD-1174,Validation_Data_Master/UVD-1174.txt,Validation_Data_Master,0,True,,343,11,13,validation,30,30,drop,42
Validation_Data_Master/UVD-1175,Validation_Data_Master/UVD-1175.txt,Validation_Data_Master,0,True,,290,9,20,train,30,30,drop,42
Validation_Data_Master/UVD-1176,Validation_Data_Master/UVD-1176.txt,Validation_Data_Master,0,True,,187,6,7,train,30,30,drop,42
Validation_Data_Master/UVD-1177,Validation_Data_Master/UVD-1177.txt,Validation_Data_Master,0,True,,1121,37,11,train,30,30,drop,42
Validation_Data_Master/UVD-1178,Validation_Data_Master/UVD-1178.txt,Validation_Data_Master,0,True,,343,11,13,train,30,30,drop,42
Validation_Data_Master/UVD-1179,Validation_Data_Master/UVD-1179.txt,Validation_Data_Master,0,True,,1152,38,12,validation,30,30,drop,42
Validation_Data_Master/UVD-1180,Validation_Data_Master/UVD-1180.txt,Validation_Data_Master,0,True,,432,14,12,train,30,30,drop,42
Validation_Data_Master/UVD-1181,Validation_Data_Master/UVD-1181.txt,Validation_Data_Master,0,True,,95,3,5,train,30,30,drop,42
Validation_Data_Master/UVD-1182,Validation_Data_Master/UVD-1182.txt,Validation_Data_Master,0,True,,296,9,26,validation,30,30,drop,42
Validation_Data_Master/UVD-1183,Validation_Data_Master/UVD-1183.txt,Validation_Data_Master,0,True,,188,6,8,test,30,30,drop,42
Validation_Data_Master/UVD-1184,Validation_Data_Master/UVD-1184.txt,Validation_Data_Master,0,True,,234,7,24,test,30,30,drop,42
Validation_Data_Master/UVD-1185,Validation_Data_Master/UVD-1185.txt,Validation_Data_Master,0,True,,343,11,13,validation,30,30,drop,42
Validation_Data_Master/UVD-1186,Validation_Data_Master/UVD-1186.txt,Validation_Data_Master,0,True,,343,11,13,test,30,30,drop,42
Validation_Data_Master/UVD-1187,Validation_Data_Master/UVD-1187.txt,Validation_Data_Master,0,True,,1327,44,7,train,30,30,drop,42
Validation_Data_Master/UVD-1188,Validation_Data_Master/UVD-1188.txt,Validation_Data_Master,0,True,,343,11,13,train,30,30,drop,42
Validation_Data_Master/UVD-1189,Validation_Data_Master/UVD-1189.txt,Validation_Data_Master,0,True,,100,3,10,validation,30,30,drop,42
Validation_Data_Master/UVD-1190,Validation_Data_Master/UVD-1190.txt,Validation_Data_Master,0,True,,343,11,13,test,30,30,drop,42
Validation_Data_Master/UVD-1191,Validation_Data_Master/UVD-1191.txt,Validation_Data_Master,0,True,,543,18,3,test,30,30,drop,42
Validation_Data_Master/UVD-1192,Validation_Data_Master/UVD-1192.txt,Validation_Data_Master,0,True,,343,11,13,train,30,30,drop,42
Validation_Data_Master/UVD-1193,Validation_Data_Master/UVD-1193.txt,Validation_Data_Master,0,True,,94,3,4,train,30,30,drop,42
Validation_Data_Master/UVD-1194,Validation_Data_Master/UVD-1194.txt,Validation_Data_Master,0,True,,343,11,13,train,30,30,drop,42
Validation_Data_Master/UVD-1195,Validation_Data_Master/UVD-1195.txt,Validation_Data_Master,0,True,,343,11,13,train,30,30,drop,42
Validation_Data_Master/UVD-1196,Validation_Data_Master/UVD-1196.txt,Validation_Data_Master,0,True,,343,11,13,train,30,30,drop,42
Validation_Data_Master/UVD-1197,Validation_Data_Master/UVD-1197.txt,Validation_Data_Master,0,True,,134,4,14,train,30,30,drop,42
Validation_Data_Master/UVD-1198,Validation_Data_Master/UVD-1198.txt,Validation_Data_Master,0,True,,343,11,13,train,30,30,drop,42
Validation_Data_Master/UVD-1199,Validation_Data_Master/UVD-1199.txt,Validation_Data_Master,0,True,,343,11,13,validation,30,30,drop,42
Validation_Data_Master/UVD-1200,Validation_Data_Master/UVD-1200.txt,Validation_Data_Master,0,True,,343,11,13,test,30,30,drop,42
Validation_Data_Master/UVD-1201,Validation_Data_Master/UVD-1201.txt,Validation_Data_Master,0,True,,273,9,3,train,30,30,drop,42
Validation_Data_Master/UVD-1202,Validation_Data_Master/UVD-1202.txt,Validation_Data_Master,0,True,,296,9,26,test,30,30,drop,42
Validation_Data_Master/UVD-1203,Validation_Data_Master/UVD-1203.txt,Validation_Data_Master,0,True,,343,11,13,train,30,30,drop,42
Validation_Data_Master/UVD-1204,Validation_Data_Master/UVD-1204.txt,Validation_Data_Master,0,True,,343,11,13,test,30,30,drop,42
Validation_Data_Master/UVD-1205,Validation_Data_Master/UVD-1205.txt,Validation_Data_Master,0,True,,343,11,13,train,30,30,drop,42
Validation_Data_Master/UVD-1206,Validation_Data_Master/UVD-1206.txt,Validation_Data_Master,0,True,,343,11,13,train,30,30,drop,42
Validation_Data_Master/UVD-1207,Validation_Data_Master/UVD-1207.txt,Validation_Data_Master,0,True,,343,11,13,train,30,30,drop,42
Validation_Data_Master/UVD-1208,Validation_Data_Master/UVD-1208.txt,Validation_Data_Master,0,True,,343,11,13,train,30,30,drop,42
Validation_Data_Master/UVD-1209,Validation_Data_Master/UVD-1209.txt,Validation_Data_Master,0,True,,343,11,13,validation,30,30,drop,42
Validation_Data_Master/UVD-1210,Validation_Data_Master/UVD-1210.txt,Validation_Data_Master,0,True,,343,11,13,test,30,30,drop,42
Validation_Data_Master/UVD-1211,Validation_Data_Master/UVD-1211.txt,Validation_Data_Master,0,True,,343,11,13,train,30,30,drop,42
Validation_Data_Master/UVD-1212,Validation_Data_Master/UVD-1212.txt,Validation_Data_Master,0,True,,343,11,13,train,30,30,drop,42
Validation_Data_Master/UVD-1213,Validation_Data_Master/UVD-1213.txt,Validation_Data_Master,0,True,,302,10,2,train,30,30,drop,42
Validation_Data_Master/UVD-1214,Validation_Data_Master/UVD-1214.txt,Validation_Data_Master,0,True,,343,11,13,train,30,30,drop,42
Validation_Data_Master/UVD-1215,Validation_Data_Master/UVD-1215.txt,Validation_Data_Master,0,True,,343,11,13,train,30,30,drop,42
Validation_Data_Master/UVD-1216,Validation_Data_Master/UVD-1216.txt,Validation_Data_Master,0,True,,343,11,13,train,30,30,drop,42
Validation_Data_Master/UVD-1217,Validation_Data_Master/UVD-1217.txt,Validation_Data_Master,0,True,,343,11,13,validation,30,30,drop,42
Validation_Data_Master/UVD-1218,Validation_Data_Master/UVD-1218.txt,Validation_Data_Master,0,True,,343,11,13,train,30,30,drop,42
Validation_Data_Master/UVD-1219,Validation_Data_Master/UVD-1219.txt,Validation_Data_Master,0,True,,343,11,13,train,30,30,drop,42
Validation_Data_Master/UVD-1220,Validation_Data_Master/UVD-1220.txt,Validation_Data_Master,0,True,,343,11,13,train,30,30,drop,42
Validation_Data_Master/UVD-1221,Validation_Data_Master/UVD-1221.txt,Validation_Data_Master,0,True,,343,11,13,train,30,30,drop,42
Validation_Data_Master/UVD-1222,Validation_Data_Master/UVD-1222.txt,Validation_Data_Master,0,True,,343,11,13,train,30,30,drop,42
Validation_Data_Master/UVD-1223,Validation_Data_Master/UVD-1223.txt,Validation_Data_Master,0,True,,343,11,13,train,30,30,drop,42
Validation_Data_Master/UVD-1224,Validation_Data_Master/UVD-1224.txt,Validation_Data_Master,0,True,,2470,82,10,train,30,30,drop,42
Validation_Data_Master/UVD-1225,Validation_Data_Master/UVD-1225.txt,Validation_Data_Master,0,True,,2432,81,2,train,30,30,drop,42
Validation_Data_Master/UVD-1226,Validation_Data_Master/UVD-1226.txt,Validation_Data_Master,0,True,,343,11,13,train,30,30,drop,42
Validation_Data_Master/UVD-1227,Validation_Data_Master/UVD-1227.txt,Validation_Data_Master,0,True,,343,11,13,train,30,30,drop,42
Validation_Data_Master/UVD-1228,Validation_Data_Master/UVD-1228.txt,Validation_Data_Master,0,True,,343,11,13,train,30,30,drop,42
Validation_Data_Master/UVD-1229,Validation_Data_Master/UVD-1229.txt,Validation_Data_Master,0,True,,343,11,13,train,30,30,drop,42
Validation_Data_Master/UVD-1230,Validation_Data_Master/UVD-1230.txt,Validation_Data_Master,0,True,,343,11,13,train,30,30,drop,42
Validation_Data_Master/UVD-1231,Validation_Data_Master/UVD-1231.txt,Validation_Data_Master,0,True,,343,11,13,train,30,30,drop,42
Validation_Data_Master/UVD-1232,Validation_Data_Master/UVD-1232.txt,Validation_Data_Master,0,True,,343,11,13,train,30,30,drop,42
Validation_Data_Master/UVD-1233,Validation_Data_Master/UVD-1233.txt,Validation_Data_Master,0,True,,343,11,13,validation,30,30,drop,42
Validation_Data_Master/UVD-1234,Validation_Data_Master/UVD-1234.txt,Validation_Data_Master,0,True,,343,11,13,train,30,30,drop,42
Validation_Data_Master/UVD-1235,Validation_Data_Master/UVD-1235.txt,Validation_Data_Master,0,True,,343,11,13,train,30,30,drop,42
Validation_Data_Master/UVD-1236,Validation_Data_Master/UVD-1236.txt,Validation_Data_Master,0,True,,299,9,29,test,30,30,drop,42
Validation_Data_Master/UVD-1237,Validation_Data_Master/UVD-1237.txt,Validation_Data_Master,0,True,,343,11,13,train,30,30,drop,42
Validation_Data_Master/UVD-1238,Validation_Data_Master/UVD-1238.txt,Validation_Data_Master,0,True,,343,11,13,train,30,30,drop,42
Validation_Data_Master/UVD-1239,Validation_Data_Master/UVD-1239.txt,Validation_Data_Master,0,True,,343,11,13,train,30,30,drop,42
Validation_Data_Master/UVD-1240,Validation_Data_Master/UVD-1240.txt,Validation_Data_Master,0,True,,343,11,13,train,30,30,drop,42
Validation_Data_Master/UVD-1241,Validation_Data_Master/UVD-1241.txt,Validation_Data_Master,0,True,,343,11,13,train,30,30,drop,42
Validation_Data_Master/UVD-1242,Validation_Data_Master/UVD-1242.txt,Validation_Data_Master,0,True,,343,11,13,train,30,30,drop,42
Validation_Data_Master/UVD-1243,Validation_Data_Master/UVD-1243.txt,Validation_Data_Master,0,True,,343,11,13,train,30,30,drop,42
Validation_Data_Master/UVD-1244,Validation_Data_Master/UVD-1244.txt,Validation_Data_Master,0,True,,343,11,13,validation,30,30,drop,42
Validation_Data_Master/UVD-1245,Validation_Data_Master/UVD-1245.txt,Validation_Data_Master,0,True,,343,11,13,test,30,30,drop,42
Validation_Data_Master/UVD-1246,Validation_Data_Master/UVD-1246.txt,Validation_Data_Master,0,True,,343,11,13,train,30,30,drop,42
Validation_Data_Master/UVD-1247,Validation_Data_Master/UVD-1247.txt,Validation_Data_Master,0,True,,292,9,22,train,30,30,drop,42
Validation_Data_Master/UVD-1248,Validation_Data_Master/UVD-1248.txt,Validation_Data_Master,0,True,,343,11,13,train,30,30,drop,42
Validation_Data_Master/UVD-1249,Validation_Data_Master/UVD-1249.txt,Validation_Data_Master,0,True,,343,11,13,train,30,30,drop,42
Validation_Data_Master/UVD-1250,Validation_Data_Master/UVD-1250.txt,Validation_Data_Master,0,True,,343,11,13,validation,30,30,drop,42
Validation_Data_Master/UVD-1251,Validation_Data_Master/UVD-1251.txt,Validation_Data_Master,0,True,,343,11,13,train,30,30,drop,42
Validation_Data_Master/UVD-1252,Validation_Data_Master/UVD-1252.txt,Validation_Data_Master,0,True,,343,11,13,train,30,30,drop,42
Validation_Data_Master/UVD-1253,Validation_Data_Master/UVD-1253.txt,Validation_Data_Master,0,True,,343,11,13,train,30,30,drop,42
Validation_Data_Master/UVD-1254,Validation_Data_Master/UVD-1254.txt,Validation_Data_Master,0,True,,343,11,13,test,30,30,drop,42
Validation_Data_Master/UVD-1255,Validation_Data_Master/UVD-1255.txt,Validation_Data_Master,0,True,,343,11,13,train,30,30,drop,42
Validation_Data_Master/UVD-1256,Validation_Data_Master/UVD-1256.txt,Validation_Data_Master,0,True,,343,11,13,train,30,30,drop,42
Validation_Data_Master/UVD-1257,Validation_Data_Master/UVD-1257.txt,Validation_Data_Master,0,True,,343,11,13,test,30,30,drop,42
Validation_Data_Master/UVD-1258,Validation_Data_Master/UVD-1258.txt,Validation_Data_Master,0,True,,455,15,5,train,30,30,drop,42
Validation_Data_Master/UVD-1259,Validation_Data_Master/UVD-1259.txt,Validation_Data_Master,0,True,,343,11,13,test,30,30,drop,42
Validation_Data_Master/UVD-1260,Validation_Data_Master/UVD-1260.txt,Validation_Data_Master,0,True,,343,11,13,train,30,30,drop,42
Validation_Data_Master/UVD-1261,Validation_Data_Master/UVD-1261.txt,Validation_Data_Master,0,True,,343,11,13,test,30,30,drop,42
Validation_Data_Master/UVD-1262,Validation_Data_Master/UVD-1262.txt,Validation_Data_Master,0,True,,343,11,13,train,30,30,drop,42
Validation_Data_Master/UVD-1263,Validation_Data_Master/UVD-1263.txt,Validation_Data_Master,0,True,,343,11,13,validation,30,30,drop,42
Validation_Data_Master/UVD-1264,Validation_Data_Master/UVD-1264.txt,Validation_Data_Master,0,True,,343,11,13,validation,30,30,drop,42
Validation_Data_Master/UVD-1265,Validation_Data_Master/UVD-1265.txt,Validation_Data_Master,0,True,,343,11,13,test,30,30,drop,42
Validation_Data_Master/UVD-1266,Validation_Data_Master/UVD-1266.txt,Validation_Data_Master,0,True,,343,11,13,validation,30,30,drop,42
Validation_Data_Master/UVD-1267,Validation_Data_Master/UVD-1267.txt,Validation_Data_Master,0,True,,343,11,13,train,30,30,drop,42
Validation_Data_Master/UVD-1268,Validation_Data_Master/UVD-1268.txt,Validation_Data_Master,0,True,,343,11,13,validation,30,30,drop,42
Validation_Data_Master/UVD-1269,Validation_Data_Master/UVD-1269.txt,Validation_Data_Master,0,True,,212,7,2,train,30,30,drop,42
Validation_Data_Master/UVD-1270,Validation_Data_Master/UVD-1270.txt,Validation_Data_Master,0,True,,343,11,13,train,30,30,drop,42
Validation_Data_Master/UVD-1271,Validation_Data_Master/UVD-1271.txt,Validation_Data_Master,0,True,,343,11,13,train,30,30,drop,42
Validation_Data_Master/UVD-1272,Validation_Data_Master/UVD-1272.txt,Validation_Data_Master,0,True,,343,11,13,train,30,30,drop,42
Validation_Data_Master/UVD-1273,Validation_Data_Master/UVD-1273.txt,Validation_Data_Master,0,True,,343,11,13,train,30,30,drop,42
Validation_Data_Master/UVD-1274,Validation_Data_Master/UVD-1274.txt,Validation_Data_Master,0,True,,343,11,13,train,30,30,drop,42
Validation_Data_Master/UVD-1275,Validation_Data_Master/UVD-1275.txt,Validation_Data_Master,0,True,,343,11,13,train,30,30,drop,42
Validation_Data_Master/UVD-1276,Validation_Data_Master/UVD-1276.txt,Validation_Data_Master,0,True,,343,11,13,train,30,30,drop,42
Validation_Data_Master/UVD-1277,Validation_Data_Master/UVD-1277.txt,Validation_Data_Master,0,True,,343,11,13,train,30,30,drop,42
Validation_Data_Master/UVD-1278,Validation_Data_Master/UVD-1278.txt,Validation_Data_Master,0,True,,343,11,13,validation,30,30,drop,42
Validation_Data_Master/UVD-1279,Validation_Data_Master/UVD-1279.txt,Validation_Data_Master,0,True,,343,11,13,train,30,30,drop,42
Validation_Data_Master/UVD-1280,Validation_Data_Master/UVD-1280.txt,Validation_Data_Master,0,True,,238,7,28,test,30,30,drop,42
Validation_Data_Master/UVD-1281,Validation_Data_Master/UVD-1281.txt,Validation_Data_Master,0,True,,343,11,13,train,30,30,drop,42
Validation_Data_Master/UVD-1282,Validation_Data_Master/UVD-1282.txt,Validation_Data_Master,0,True,,343,11,13,test,30,30,drop,42
Validation_Data_Master/UVD-1283,Validation_Data_Master/UVD-1283.txt,Validation_Data_Master,0,True,,343,11,13,train,30,30,drop,42
Validation_Data_Master/UVD-1284,Validation_Data_Master/UVD-1284.txt,Validation_Data_Master,0,True,,343,11,13,train,30,30,drop,42
Validation_Data_Master/UVD-1285,Validation_Data_Master/UVD-1285.txt,Validation_Data_Master,0,True,,343,11,13,train,30,30,drop,42
Validation_Data_Master/UVD-1286,Validation_Data_Master/UVD-1286.txt,Validation_Data_Master,0,True,,343,11,13,test,30,30,drop,42
Validation_Data_Master/UVD-1287,Validation_Data_Master/UVD-1287.txt,Validation_Data_Master,0,True,,343,11,13,train,30,30,drop,42
Validation_Data_Master/UVD-1288,Validation_Data_Master/UVD-1288.txt,Validation_Data_Master,0,True,,343,11,13,validation,30,30,drop,42
Validation_Data_Master/UVD-1289,Validation_Data_Master/UVD-1289.txt,Validation_Data_Master,0,True,,343,11,13,train,30,30,drop,42
Validation_Data_Master/UVD-1290,Validation_Data_Master/UVD-1290.txt,Validation_Data_Master,0,True,,343,11,13,train,30,30,drop,42
Validation_Data_Master/UVD-1291,Validation_Data_Master/UVD-1291.txt,Validation_Data_Master,0,True,,236,7,26,train,30,30,drop,42
Validation_Data_Master/UVD-1292,Validation_Data_Master/UVD-1292.txt,Validation_Data_Master,0,True,,343,11,13,test,30,30,drop,42
Validation_Data_Master/UVD-1293,Validation_Data_Master/UVD-1293.txt,Validation_Data_Master,0,True,,343,11,13,validation,30,30,drop,42
Validation_Data_Master/UVD-1294,Validation_Data_Master/UVD-1294.txt,Validation_Data_Master,0,True,,343,11,13,test,30,30,drop,42
Validation_Data_Master/UVD-1295,Validation_Data_Master/UVD-1295.txt,Validation_Data_Master,0,True,,343,11,13,train,30,30,drop,42
Validation_Data_Master/UVD-1296,Validation_Data_Master/UVD-1296.txt,Validation_Data_Master,0,True,,343,11,13,train,30,30,drop,42
Validation_Data_Master/UVD-1297,Validation_Data_Master/UVD-1297.txt,Validation_Data_Master,0,True,,343,11,13,test,30,30,drop,42
Validation_Data_Master/UVD-1298,Validation_Data_Master/UVD-1298.txt,Validation_Data_Master,0,True,,343,11,13,train,30,30,drop,42
Validation_Data_Master/UVD-1299,Validation_Data_Master/UVD-1299.txt,Validation_Data_Master,0,True,,343,11,13,train,30,30,drop,42
Validation_Data_Master/UVD-1300,Validation_Data_Master/UVD-1300.txt,Validation_Data_Master,0,True,,343,11,13,train,30,30,drop,42
Validation_Data_Master/UVD-1301,Validation_Data_Master/UVD-1301.txt,Validation_Data_Master,0,True,,343,11,13,test,30,30,drop,42
Validation_Data_Master/UVD-1302,Validation_Data_Master/UVD-1302.txt,Validation_Data_Master,0,True,,381,12,21,train,30,30,drop,42
Validation_Data_Master/UVD-1303,Validation_Data_Master/UVD-1303.txt,Validation_Data_Master,0,True,,343,11,13,train,30,30,drop,42
Validation_Data_Master/UVD-1304,Validation_Data_Master/UVD-1304.txt,Validation_Data_Master,0,True,,343,11,13,train,30,30,drop,42
Validation_Data_Master/UVD-1305,Validation_Data_Master/UVD-1305.txt,Validation_Data_Master,0,True,,343,11,13,train,30,30,drop,42
Validation_Data_Master/UVD-1306,Validation_Data_Master/UVD-1306.txt,Validation_Data_Master,0,True,,343,11,13,train,30,30,drop,42
Validation_Data_Master/UVD-1307,Validation_Data_Master/UVD-1307.txt,Validation_Data_Master,0,True,,343,11,13,validation,30,30,drop,42
Validation_Data_Master/UVD-1308,Validation_Data_Master/UVD-1308.txt,Validation_Data_Master,0,True,,343,11,13,train,30,30,drop,42
Validation_Data_Master/UVD-1309,Validation_Data_Master/UVD-1309.txt,Validation_Data_Master,0,True,,343,11,13,train,30,30,drop,42
Validation_Data_Master/UVD-1310,Validation_Data_Master/UVD-1310.txt,Validation_Data_Master,0,True,,343,11,13,train,30,30,drop,42
Validation_Data_Master/UVD-1311,Validation_Data_Master/UVD-1311.txt,Validation_Data_Master,0,True,,343,11,13,validation,30,30,drop,42
Validation_Data_Master/UVD-1312,Validation_Data_Master/UVD-1312.txt,Validation_Data_Master,0,True,,343,11,13,validation,30,30,drop,42
Validation_Data_Master/UVD-1313,Validation_Data_Master/UVD-1313.txt,Validation_Data_Master,0,True,,149,4,29,test,30,30,drop,42
Validation_Data_Master/UVD-1314,Validation_Data_Master/UVD-1314.txt,Validation_Data_Master,0,True,,343,11,13,validation,30,30,drop,42
Validation_Data_Master/UVD-1315,Validation_Data_Master/UVD-1315.txt,Validation_Data_Master,0,True,,343,11,13,train,30,30,drop,42
Validation_Data_Master/UVD-1316,Validation_Data_Master/UVD-1316.txt,Validation_Data_Master,0,True,,343,11,13,validation,30,30,drop,42
Validation_Data_Master/UVD-1317,Validation_Data_Master/UVD-1317.txt,Validation_Data_Master,0,True,,343,11,13,test,30,30,drop,42
Validation_Data_Master/UVD-1318,Validation_Data_Master/UVD-1318.txt,Validation_Data_Master,0,True,,343,11,13,train,30,30,drop,42
Validation_Data_Master/UVD-1319,Validation_Data_Master/UVD-1319.txt,Validation_Data_Master,0,True,,343,11,13,validation,30,30,drop,42
Validation_Data_Master/UVD-1320,Validation_Data_Master/UVD-1320.txt,Validation_Data_Master,0,True,,343,11,13,train,30,30,drop,42
Validation_Data_Master/UVD-1321,Validation_Data_Master/UVD-1321.txt,Validation_Data_Master,0,True,,343,11,13,train,30,30,drop,42
Validation_Data_Master/UVD-1322,Validation_Data_Master/UVD-1322.txt,Validation_Data_Master,0,True,,343,11,13,train,30,30,drop,42
Validation_Data_Master/UVD-1323,Validation_Data_Master/UVD-1323.txt,Validation_Data_Master,0,True,,343,11,13,test,30,30,drop,42
Validation_Data_Master/UVD-1324,Validation_Data_Master/UVD-1324.txt,Validation_Data_Master,0,True,,146,4,26,train,30,30,drop,42
Validation_Data_Master/UVD-1325,Validation_Data_Master/UVD-1325.txt,Validation_Data_Master,0,True,,343,11,13,train,30,30,drop,42
Validation_Data_Master/UVD-1326,Validation_Data_Master/UVD-1326.txt,Validation_Data_Master,0,True,,343,11,13,train,30,30,drop,42
Validation_Data_Master/UVD-1327,Validation_Data_Master/UVD-1327.txt,Validation_Data_Master,0,True,,343,11,13,test,30,30,drop,42
Validation_Data_Master/UVD-1328,Validation_Data_Master/UVD-1328.txt,Validation_Data_Master,0,True,,343,11,13,validation,30,30,drop,42
Validation_Data_Master/UVD-1329,Validation_Data_Master/UVD-1329.txt,Validation_Data_Master,0,True,,343,11,13,train,30,30,drop,42
Validation_Data_Master/UVD-1330,Validation_Data_Master/UVD-1330.txt,Validation_Data_Master,0,True,,343,11,13,test,30,30,drop,42
Validation_Data_Master/UVD-1331,Validation_Data_Master/UVD-1331.txt,Validation_Data_Master,0,True,,343,11,13,train,30,30,drop,42
Validation_Data_Master/UVD-1332,Validation_Data_Master/UVD-1332.txt,Validation_Data_Master,0,True,,343,11,13,validation,30,30,drop,42
Validation_Data_Master/UVD-1333,Validation_Data_Master/UVD-1333.txt,Validation_Data_Master,0,True,,343,11,13,train,30,30,drop,42
Validation_Data_Master/UVD-1334,Validation_Data_Master/UVD-1334.txt,Validation_Data_Master,0,True,,343,11,13,test,30,30,drop,42
Validation_Data_Master/UVD-1335,Validation_Data_Master/UVD-1335.txt,Validation_Data_Master,0,True,,2388,79,18,test,30,30,drop,42
Validation_Data_Master/UVD-1336,Validation_Data_Master/UVD-1336.txt,Validation_Data_Master,0,True,,245,8,5,train,30,30,drop,42
Validation_Data_Master/UVD-1337,Validation_Data_Master/UVD-1337.txt,Validation_Data_Master,0,True,,343,11,13,train,30,30,drop,42
Validation_Data_Master/UVD-1338,Validation_Data_Master/UVD-1338.txt,Validation_Data_Master,0,True,,343,11,13,train,30,30,drop,42
Validation_Data_Master/UVD-1339,Validation_Data_Master/UVD-1339.txt,Validation_Data_Master,0,True,,343,11,13,validation,30,30,drop,42
Validation_Data_Master/UVD-1340,Validation_Data_Master/UVD-1340.txt,Validation_Data_Master,0,True,,343,11,13,train,30,30,drop,42
Validation_Data_Master/UVD-1341,Validation_Data_Master/UVD-1341.txt,Validation_Data_Master,0,True,,343,11,13,validation,30,30,drop,42
Validation_Data_Master/UVD-1342,Validation_Data_Master/UVD-1342.txt,Validation_Data_Master,0,True,,343,11,13,train,30,30,drop,42
Validation_Data_Master/UVD-1343,Validation_Data_Master/UVD-1343.txt,Validation_Data_Master,0,True,,343,11,13,train,30,30,drop,42
Validation_Data_Master/UVD-1344,Validation_Data_Master/UVD-1344.txt,Validation_Data_Master,0,True,,343,11,13,test,30,30,drop,42
Validation_Data_Master/UVD-1345,Validation_Data_Master/UVD-1345.txt,Validation_Data_Master,0,True,,343,11,13,test,30,30,drop,42
Validation_Data_Master/UVD-1346,Validation_Data_Master/UVD-1346.txt,Validation_Data_Master,0,True,,343,11,13,validation,30,30,drop,42
Validation_Data_Master/UVD-1347,Validation_Data_Master/UVD-1347.txt,Validation_Data_Master,0,True,,388,12,28,train,30,30,drop,42
Validation_Data_Master/UVD-1348,Validation_Data_Master/UVD-1348.txt,Validation_Data_Master,0,True,,343,11,13,validation,30,30,drop,42
Validation_Data_Master/UVD-1349,Validation_Data_Master/UVD-1349.txt,Validation_Data_Master,0,True,,343,11,13,test,30,30,drop,42
Validation_Data_Master/UVD-1350,Validation_Data_Master/UVD-1350.txt,Validation_Data_Master,0,True,,343,11,13,train,30,30,drop,42
Validation_Data_Master/UVD-1351,Validation_Data_Master/UVD-1351.txt,Validation_Data_Master,0,True,,343,11,13,test,30,30,drop,42
Validation_Data_Master/UVD-1352,Validation_Data_Master/UVD-1352.txt,Validation_Data_Master,0,True,,343,11,13,validation,30,30,drop,42
Validation_Data_Master/UVD-1353,Validation_Data_Master/UVD-1353.txt,Validation_Data_Master,0,True,,343,11,13,train,30,30,drop,42
Validation_Data_Master/UVD-1354,Validation_Data_Master/UVD-1354.txt,Validation_Data_Master,0,True,,343,11,13,train,30,30,drop,42
Validation_Data_Master/UVD-1355,Validation_Data_Master/UVD-1355.txt,Validation_Data_Master,0,True,,343,11,13,train,30,30,drop,42
Validation_Data_Master/UVD-1356,Validation_Data_Master/UVD-1356.txt,Validation_Data_Master,0,True,,343,11,13,train,30,30,drop,42
Validation_Data_Master/UVD-1357,Validation_Data_Master/UVD-1357.txt,Validation_Data_Master,0,True,,343,11,13,train,30,30,drop,42
Validation_Data_Master/UVD-1358,Validation_Data_Master/UVD-1358.txt,Validation_Data_Master,0,True,,327,10,27,train,30,30,drop,42
Validation_Data_Master/UVD-1359,Validation_Data_Master/UVD-1359.txt,Validation_Data_Master,0,True,,343,11,13,train,30,30,drop,42
Validation_Data_Master/UVD-1360,Validation_Data_Master/UVD-1360.txt,Validation_Data_Master,0,True,,343,11,13,train,30,30,drop,42
Validation_Data_Master/UVD-1361,Validation_Data_Master/UVD-1361.txt,Validation_Data_Master,0,True,,343,11,13,test,30,30,drop,42
Validation_Data_Master/UVD-1362,Validation_Data_Master/UVD-1362.txt,Validation_Data_Master,0,True,,343,11,13,train,30,30,drop,42
Validation_Data_Master/UVD-1363,Validation_Data_Master/UVD-1363.txt,Validation_Data_Master,0,True,,343,11,13,test,30,30,drop,42
Validation_Data_Master/UVD-1364,Validation_Data_Master/UVD-1364.txt,Validation_Data_Master,0,True,,343,11,13,train,30,30,drop,42
Validation_Data_Master/UVD-1365,Validation_Data_Master/UVD-1365.txt,Validation_Data_Master,0,True,,343,11,13,test,30,30,drop,42
Validation_Data_Master/UVD-1366,Validation_Data_Master/UVD-1366.txt,Validation_Data_Master,0,True,,343,11,13,validation,30,30,drop,42
Validation_Data_Master/UVD-1367,Validation_Data_Master/UVD-1367.txt,Validation_Data_Master,0,True,,343,11,13,train,30,30,drop,42
Validation_Data_Master/UVD-1368,Validation_Data_Master/UVD-1368.txt,Validation_Data_Master,0,True,,343,11,13,validation,30,30,drop,42
Validation_Data_Master/UVD-1369,Validation_Data_Master/UVD-1369.txt,Validation_Data_Master,0,True,,143,4,23,train,30,30,drop,42
Validation_Data_Master/UVD-1370,Validation_Data_Master/UVD-1370.txt,Validation_Data_Master,0,True,,343,11,13,train,30,30,drop,42
Validation_Data_Master/UVD-1371,Validation_Data_Master/UVD-1371.txt,Validation_Data_Master,0,True,,343,11,13,train,30,30,drop,42
Validation_Data_Master/UVD-1372,Validation_Data_Master/UVD-1372.txt,Validation_Data_Master,0,True,,343,11,13,validation,30,30,drop,42
Validation_Data_Master/UVD-1373,Validation_Data_Master/UVD-1373.txt,Validation_Data_Master,0,True,,343,11,13,train,30,30,drop,42
Validation_Data_Master/UVD-1374,Validation_Data_Master/UVD-1374.txt,Validation_Data_Master,0,True,,343,11,13,validation,30,30,drop,42
Validation_Data_Master/UVD-1375,Validation_Data_Master/UVD-1375.txt,Validation_Data_Master,0,True,,343,11,13,train,30,30,drop,42
Validation_Data_Master/UVD-1376,Validation_Data_Master/UVD-1376.txt,Validation_Data_Master,0,True,,343,11,13,train,30,30,drop,42
Validation_Data_Master/UVD-1377,Validation_Data_Master/UVD-1377.txt,Validation_Data_Master,0,True,,343,11,13,train,30,30,drop,42
Validation_Data_Master/UVD-1378,Validation_Data_Master/UVD-1378.txt,Validation_Data_Master,0,True,,343,11,13,train,30,30,drop,42
Validation_Data_Master/UVD-1379,Validation_Data_Master/UVD-1379.txt,Validation_Data_Master,0,True,,343,11,13,test,30,30,drop,42
Validation_Data_Master/UVD-1380,Validation_Data_Master/UVD-1380.txt,Validation_Data_Master,0,True,,318,10,18,train,30,30,drop,42
Validation_Data_Master/UVD-1381,Validation_Data_Master/UVD-1381.txt,Validation_Data_Master,0,True,,343,11,13,train,30,30,drop,42
Validation_Data_Master/UVD-1382,Validation_Data_Master/UVD-1382.txt,Validation_Data_Master,0,True,,343,11,13,train,30,30,drop,42
Validation_Data_Master/UVD-1383,Validation_Data_Master/UVD-1383.txt,Validation_Data_Master,0,True,,343,11,13,train,30,30,drop,42
Validation_Data_Master/UVD-1384,Validation_Data_Master/UVD-1384.txt,Validation_Data_Master,0,True,,343,11,13,train,30,30,drop,42
Validation_Data_Master/UVD-1385,Validation_Data_Master/UVD-1385.txt,Validation_Data_Master,0,True,,343,11,13,train,30,30,drop,42
Validation_Data_Master/UVD-1386,Validation_Data_Master/UVD-1386.txt,Validation_Data_Master,0,True,,343,11,13,train,30,30,drop,42
Validation_Data_Master/UVD-1387,Validation_Data_Master/UVD-1387.txt,Validation_Data_Master,0,True,,343,11,13,train,30,30,drop,42
Validation_Data_Master/UVD-1388,Validation_Data_Master/UVD-1388.txt,Validation_Data_Master,0,True,,343,11,13,train,30,30,drop,42
Validation_Data_Master/UVD-1389,Validation_Data_Master/UVD-1389.txt,Validation_Data_Master,0,True,,343,11,13,validation,30,30,drop,42
Validation_Data_Master/UVD-1390,Validation_Data_Master/UVD-1390.txt,Validation_Data_Master,0,True,,343,11,13,train,30,30,drop,42
Validation_Data_Master/UVD-1391,Validation_Data_Master/UVD-1391.txt,Validation_Data_Master,0,True,,188,6,8,train,30,30,drop,42
Validation_Data_Master/UVD-1392,Validation_Data_Master/UVD-1392.txt,Validation_Data_Master,0,True,,343,11,13,train,30,30,drop,42
Validation_Data_Master/UVD-1393,Validation_Data_Master/UVD-1393.txt,Validation_Data_Master,0,True,,343,11,13,train,30,30,drop,42
Validation_Data_Master/UVD-1394,Validation_Data_Master/UVD-1394.txt,Validation_Data_Master,0,True,,343,11,13,train,30,30,drop,42
Validation_Data_Master/UVD-1395,Validation_Data_Master/UVD-1395.txt,Validation_Data_Master,0,True,,343,11,13,validation,30,30,drop,42
Validation_Data_Master/UVD-1396,Validation_Data_Master/UVD-1396.txt,Validation_Data_Master,0,True,,343,11,13,train,30,30,drop,42
Validation_Data_Master/UVD-1397,Validation_Data_Master/UVD-1397.txt,Validation_Data_Master,0,True,,343,11,13,train,30,30,drop,42
Validation_Data_Master/UVD-1398,Validation_Data_Master/UVD-1398.txt,Validation_Data_Master,0,True,,343,11,13,train,30,30,drop,42
Validation_Data_Master/UVD-1399,Validation_Data_Master/UVD-1399.txt,Validation_Data_Master,0,True,,343,11,13,train,30,30,drop,42
Validation_Data_Master/UVD-1400,Validation_Data_Master/UVD-1400.txt,Validation_Data_Master,0,True,,343,11,13,train,30,30,drop,42
Validation_Data_Master/UVD-1401,Validation_Data_Master/UVD-1401.txt,Validation_Data_Master,0,True,,343,11,13,validation,30,30,drop,42
Validation_Data_Master/UVD-1402,Validation_Data_Master/UVD-1402.txt,Validation_Data_Master,0,True,,466,15,16,test,30,30,drop,42
Validation_Data_Master/UVD-1403,Validation_Data_Master/UVD-1403.txt,Validation_Data_Master,0,True,,343,11,13,validation,30,30,drop,42
Validation_Data_Master/UVD-1404,Validation_Data_Master/UVD-1404.txt,Validation_Data_Master,0,True,,343,11,13,train,30,30,drop,42
Validation_Data_Master/UVD-1405,Validation_Data_Master/UVD-1405.txt,Validation_Data_Master,0,True,,343,11,13,train,30,30,drop,42
Validation_Data_Master/UVD-1406,Validation_Data_Master/UVD-1406.txt,Validation_Data_Master,0,True,,343,11,13,train,30,30,drop,42
Validation_Data_Master/UVD-1407,Validation_Data_Master/UVD-1407.txt,Validation_Data_Master,0,True,,343,11,13,train,30,30,drop,42
Validation_Data_Master/UVD-1408,Validation_Data_Master/UVD-1408.txt,Validation_Data_Master,0,True,,343,11,13,test,30,30,drop,42
Validation_Data_Master/UVD-1409,Validation_Data_Master/UVD-1409.txt,Validation_Data_Master,0,True,,343,11,13,train,30,30,drop,42
Validation_Data_Master/UVD-1410,Validation_Data_Master/UVD-1410.txt,Validation_Data_Master,0,True,,343,11,13,validation,30,30,drop,42
Validation_Data_Master/UVD-1411,Validation_Data_Master/UVD-1411.txt,Validation_Data_Master,0,True,,343,11,13,train,30,30,drop,42
Validation_Data_Master/UVD-1412,Validation_Data_Master/UVD-1412.txt,Validation_Data_Master,0,True,,343,11,13,validation,30,30,drop,42
Validation_Data_Master/UVD-1413,Validation_Data_Master/UVD-1413.txt,Validation_Data_Master,0,True,,628,20,28,train,30,30,drop,42
Validation_Data_Master/UVD-1414,Validation_Data_Master/UVD-1414.txt,Validation_Data_Master,0,True,,343,11,13,validation,30,30,drop,42
Validation_Data_Master/UVD-1415,Validation_Data_Master/UVD-1415.txt,Validation_Data_Master,0,True,,343,11,13,test,30,30,drop,42
Validation_Data_Master/UVD-1416,Validation_Data_Master/UVD-1416.txt,Validation_Data_Master,0,True,,343,11,13,train,30,30,drop,42
Validation_Data_Master/UVD-1417,Validation_Data_Master/UVD-1417.txt,Validation_Data_Master,0,True,,343,11,13,validation,30,30,drop,42
Validation_Data_Master/UVD-1418,Validation_Data_Master/UVD-1418.txt,Validation_Data_Master,0,True,,343,11,13,train,30,30,drop,42
Validation_Data_Master/UVD-1419,Validation_Data_Master/UVD-1419.txt,Validation_Data_Master,0,True,,343,11,13,validation,30,30,drop,42
Validation_Data_Master/UVD-1420,Validation_Data_Master/UVD-1420.txt,Validation_Data_Master,0,True,,343,11,13,train,30,30,drop,42
Validation_Data_Master/UVD-1421,Validation_Data_Master/UVD-1421.txt,Validation_Data_Master,0,True,,343,11,13,validation,30,30,drop,42
Validation_Data_Master/UVD-1422,Validation_Data_Master/UVD-1422.txt,Validation_Data_Master,0,True,,343,11,13,test,30,30,drop,42
Validation_Data_Master/UVD-1423,Validation_Data_Master/UVD-1423.txt,Validation_Data_Master,0,True,,351,11,21,train,30,30,drop,42
Validation_Data_Master/UVD-1424,Validation_Data_Master/UVD-1424.txt,Validation_Data_Master,0,True,,1326,44,6,train,30,30,drop,42
Validation_Data_Master/UVD-1425,Validation_Data_Master/UVD-1425.txt,Validation_Data_Master,0,True,,343,11,13,train,30,30,drop,42
Validation_Data_Master/UVD-1426,Validation_Data_Master/UVD-1426.txt,Validation_Data_Master,0,True,,343,11,13,train,30,30,drop,42
Validation_Data_Master/UVD-1427,Validation_Data_Master/UVD-1427.txt,Validation_Data_Master,0,True,,343,11,13,validation,30,30,drop,42
Validation_Data_Master/UVD-1428,Validation_Data_Master/UVD-1428.txt,Validation_Data_Master,0,True,,343,11,13,train,30,30,drop,42
Validation_Data_Master/UVD-1429,Validation_Data_Master/UVD-1429.txt,Validation_Data_Master,0,True,,343,11,13,train,30,30,drop,42
Validation_Data_Master/UVD-1430,Validation_Data_Master/UVD-1430.txt,Validation_Data_Master,0,True,,343,11,13,validation,30,30,drop,42
Validation_Data_Master/UVD-1431,Validation_Data_Master/UVD-1431.txt,Validation_Data_Master,0,True,,343,11,13,train,30,30,drop,42
Validation_Data_Master/UVD-1432,Validation_Data_Master/UVD-1432.txt,Validation_Data_Master,0,True,,343,11,13,test,30,30,drop,42
Validation_Data_Master/UVD-1433,Validation_Data_Master/UVD-1433.txt,Validation_Data_Master,0,True,,343,11,13,train,30,30,drop,42
Validation_Data_Master/UVD-1434,Validation_Data_Master/UVD-1434.txt,Validation_Data_Master,0,True,,343,11,13,test,30,30,drop,42
Validation_Data_Master/UVD-1435,Validation_Data_Master/UVD-1435.txt,Validation_Data_Master,0,True,,326,10,26,train,30,30,drop,42
Validation_Data_Master/UVD-1436,Validation_Data_Master/UVD-1436.txt,Validation_Data_Master,0,True,,343,11,13,train,30,30,drop,42
Validation_Data_Master/UVD-1437,Validation_Data_Master/UVD-1437.txt,Validation_Data_Master,0,True,,343,11,13,train,30,30,drop,42
Validation_Data_Master/UVD-1438,Validation_Data_Master/UVD-1438.txt,Validation_Data_Master,0,True,,343,11,13,train,30,30,drop,42
Validation_Data_Master/UVD-1439,Validation_Data_Master/UVD-1439.txt,Validation_Data_Master,0,True,,343,11,13,train,30,30,drop,42
Validation_Data_Master/UVD-1440,Validation_Data_Master/UVD-1440.txt,Validation_Data_Master,0,True,,343,11,13,train,30,30,drop,42
Validation_Data_Master/UVD-1441,Validation_Data_Master/UVD-1441.txt,Validation_Data_Master,0,True,,343,11,13,validation,30,30,drop,42
Validation_Data_Master/UVD-1442,Validation_Data_Master/UVD-1442.txt,Validation_Data_Master,0,True,,343,11,13,train,30,30,drop,42
Validation_Data_Master/UVD-1443,Validation_Data_Master/UVD-1443.txt,Validation_Data_Master,0,True,,343,11,13,train,30,30,drop,42
Validation_Data_Master/UVD-1444,Validation_Data_Master/UVD-1444.txt,Validation_Data_Master,0,True,,343,11,13,train,30,30,drop,42
Validation_Data_Master/UVD-1445,Validation_Data_Master/UVD-1445.txt,Validation_Data_Master,0,True,,132,4,12,test,30,30,drop,42
Validation_Data_Master/UVD-1446,Validation_Data_Master/UVD-1446.txt,Validation_Data_Master,0,True,,2196,73,6,test,30,30,drop,42
Validation_Data_Master/UVD-1447,Validation_Data_Master/UVD-1447.txt,Validation_Data_Master,0,True,,498,16,18,train,30,30,drop,42
Validation_Data_Master/UVD-1448,Validation_Data_Master/UVD-1448.txt,Validation_Data_Master,0,True,,769,25,19,train,30,30,drop,42
Validation_Data_Master/UVD-1449,Validation_Data_Master/UVD-1449.txt,Validation_Data_Master,0,True,,690,23,0,train,30,30,drop,42
Validation_Data_Master/UVD-1450,Validation_Data_Master/UVD-1450.txt,Validation_Data_Master,0,True,,98,3,8,train,30,30,drop,42
Validation_Data_Master/UVD-1451,Validation_Data_Master/UVD-1451.txt,Validation_Data_Master,0,True,,138,4,18,train,30,30,drop,42
Validation_Data_Master/UVD-1452,Validation_Data_Master/UVD-1452.txt,Validation_Data_Master,0,True,,317,10,17,train,30,30,drop,42
Validation_Data_Master/UVD-1453,Validation_Data_Master/UVD-1453.txt,Validation_Data_Master,0,True,,1305,43,15,train,30,30,drop,42
Validation_Data_Master/UVD-1454,Validation_Data_Master/UVD-1454.txt,Validation_Data_Master,0,True,,137,4,17,test,30,30,drop,42
Validation_Data_Master/UVD-1455,Validation_Data_Master/UVD-1455.txt,Validation_Data_Master,0,True,,1262,42,2,train,30,30,drop,42
Validation_Data_Master/UVD-1456,Validation_Data_Master/UVD-1456.txt,Validation_Data_Master,0,True,,389,12,29,train,30,30,drop,42
Validation_Data_Master/UVD-1457,Validation_Data_Master/UVD-1457.txt,Validation_Data_Master,0,True,,1305,43,15,validation,30,30,drop,42
Validation_Data_Master/UVD-1458,Validation_Data_Master/UVD-1458.txt,Validation_Data_Master,0,True,,109,3,19,train,30,30,drop,42
Validation_Data_Master/UVD-1459,Validation_Data_Master/UVD-1459.txt,Validation_Data_Master,0,True,,369,12,9,train,30,30,drop,42
Validation_Data_Master/UVD-1460,Validation_Data_Master/UVD-1460.txt,Validation_Data_Master,0,True,,1095,36,15,train,30,30,drop,42
Validation_Data_Master/UVD-1461,Validation_Data_Master/UVD-1461.txt,Validation_Data_Master,0,True,,392,13,2,validation,30,30,drop,42
Validation_Data_Master/UVD-1462,Validation_Data_Master/UVD-1462.txt,Validation_Data_Master,0,True,,1305,43,15,train,30,30,drop,42
Validation_Data_Master/UVD-1463,Validation_Data_Master/UVD-1463.txt,Validation_Data_Master,0,True,,1305,43,15,validation,30,30,drop,42
Validation_Data_Master/UVD-1464,Validation_Data_Master/UVD-1464.txt,Validation_Data_Master,0,True,,379,12,19,test,30,30,drop,42
Validation_Data_Master/UVD-1465,Validation_Data_Master/UVD-1465.txt,Validation_Data_Master,0,True,,369,12,9,train,30,30,drop,42
Validation_Data_Master/UVD-1466,Validation_Data_Master/UVD-1466.txt,Validation_Data_Master,0,True,,246,8,6,test,30,30,drop,42
Validation_Data_Master/UVD-1467,Validation_Data_Master/UVD-1467.txt,Validation_Data_Master,0,True,,369,12,9,train,30,30,drop,42
Validation_Data_Master/UVD-1468,Validation_Data_Master/UVD-1468.txt,Validation_Data_Master,0,True,,230,7,20,validation,30,30,drop,42
Validation_Data_Master/UVD-1469,Validation_Data_Master/UVD-1469.txt,Validation_Data_Master,0,True,,92,3,2,validation,30,30,drop,42
Validation_Data_Master/UVD-1470,Validation_Data_Master/UVD-1470.txt,Validation_Data_Master,0,True,,189,6,9,train,30,30,drop,42
Validation_Data_Master/UVD-1471,Validation_Data_Master/UVD-1471.txt,Validation_Data_Master,0,True,,109,3,19,train,30,30,drop,42
Validation_Data_Master/UVD-1472,Validation_Data_Master/UVD-1472.txt,Validation_Data_Master,0,True,,242,8,2,test,30,30,drop,42
Validation_Data_Master/UVD-1473,Validation_Data_Master/UVD-1473.txt,Validation_Data_Master,0,True,,231,7,21,validation,30,30,drop,42
Validation_Data_Master/UVD-1474,Validation_Data_Master/UVD-1474.txt,Validation_Data_Master,0,True,,130,4,10,train,30,30,drop,42
Validation_Data_Master/UVD-1475,Validation_Data_Master/UVD-1475.txt,Validation_Data_Master,0,True,,189,6,9,train,30,30,drop,42
Validation_Data_Master/UVD-1476,Validation_Data_Master/UVD-1476.txt,Validation_Data_Master,0,True,,189,6,9,test,30,30,drop,42
Validation_Data_Master/UVD-1477,Validation_Data_Master/UVD-1477.txt,Validation_Data_Master,0,True,,220,7,10,test,30,30,drop,42
Validation_Data_Master/UVD-1478,Validation_Data_Master/UVD-1478.txt,Validation_Data_Master,0,True,,119,3,29,test,30,30,drop,42
Validation_Data_Master/UVD-1479,Validation_Data_Master/UVD-1479.txt,Validation_Data_Master,0,True,,1305,43,15,train,30,30,drop,42
Validation_Data_Master/UVD-1480,Validation_Data_Master/UVD-1480.txt,Validation_Data_Master,0,True,,144,4,24,train,30,30,drop,42
Validation_Data_Master/UVD-1481,Validation_Data_Master/UVD-1481.txt,Validation_Data_Master,0,True,,214,7,4,train,30,30,drop,42
Validation_Data_Master/UVD-1482,Validation_Data_Master/UVD-1482.txt,Validation_Data_Master,0,True,,111,3,21,train,30,30,drop,42
Validation_Data_Master/UVD-1483,Validation_Data_Master/UVD-1483.txt,Validation_Data_Master,0,True,,111,3,21,train,30,30,drop,42
Validation_Data_Master/UVD-1484,Validation_Data_Master/UVD-1484.txt,Validation_Data_Master,0,True,,111,3,21,train,30,30,drop,42
Validation_Data_Master/UVD-1485,Validation_Data_Master/UVD-1485.txt,Validation_Data_Master,0,True,,99,3,9,train,30,30,drop,42
Validation_Data_Master/UVD-1486,Validation_Data_Master/UVD-1486.txt,Validation_Data_Master,0,True,,350,11,20,train,30,30,drop,42
Validation_Data_Master/UVD-1487,Validation_Data_Master/UVD-1487.txt,Validation_Data_Master,0,True,,1305,43,15,train,30,30,drop,42
Validation_Data_Master/UVD-1488,Validation_Data_Master/UVD-1488.txt,Validation_Data_Master,0,True,,211,7,1,train,30,30,drop,42
Validation_Data_Master/UVD-1489,Validation_Data_Master/UVD-1489.txt,Validation_Data_Master,0,True,,442,14,22,train,30,30,drop,42
Validation_Data_Master/UVD-1490,Validation_Data_Master/UVD-1490.txt,Validation_Data_Master,0,True,,1305,43,15,train,30,30,drop,42
Validation_Data_Master/UVD-1491,Validation_Data_Master/UVD-1491.txt,Validation_Data_Master,0,True,,471,15,21,test,30,30,drop,42
Validation_Data_Master/UVD-1492,Validation_Data_Master/UVD-1492.txt,Validation_Data_Master,0,True,,211,7,1,train,30,30,drop,42
Validation_Data_Master/UVD-1493,Validation_Data_Master/UVD-1493.txt,Validation_Data_Master,0,True,,1136,37,26,train,30,30,drop,42
Validation_Data_Master/UVD-1494,Validation_Data_Master/UVD-1494.txt,Validation_Data_Master,0,True,,458,15,8,train,30,30,drop,42
Validation_Data_Master/UVD-1495,Validation_Data_Master/UVD-1495.txt,Validation_Data_Master,0,True,,1194,39,24,validation,30,30,drop,42
Validation_Data_Master/UVD-1496,Validation_Data_Master/UVD-1496.txt,Validation_Data_Master,0,True,,482,16,2,train,30,30,drop,42
Validation_Data_Master/UVD-1497,Validation_Data_Master/UVD-1497.txt,Validation_Data_Master,0,True,,93,3,3,train,30,30,drop,42
Validation_Data_Master/UVD-1498,Validation_Data_Master/UVD-1498.txt,Validation_Data_Master,0,True,,369,12,9,test,30,30,drop,42
Validation_Data_Master/UVD-1499,Validation_Data_Master/UVD-1499.txt,Validation_Data_Master,0,True,,245,8,5,train,30,30,drop,42
Validation_Data_Master/UVD-1500,Validation_Data_Master/UVD-1500.txt,Validation_Data_Master,0,True,,249,8,9,train,30,30,drop,42
Validation_Data_Master/UVD-1501,Validation_Data_Master/UVD-1501.txt,Validation_Data_Master,0,True,,93,3,3,train,30,30,drop,42
Validation_Data_Master/UVD-1502,Validation_Data_Master/UVD-1502.txt,Validation_Data_Master,0,True,,928,30,28,train,30,30,drop,42
Validation_Data_Master/UVD-1503,Validation_Data_Master/UVD-1503.txt,Validation_Data_Master,0,True,,357,11,27,train,30,30,drop,42
Validation_Data_Master/UVD-1504,Validation_Data_Master/UVD-1504.txt,Validation_Data_Master,0,True,,103,3,13,train,30,30,drop,42
Validation_Data_Master/UVD-1505,Validation_Data_Master/UVD-1505.txt,Validation_Data_Master,0,True,,123,4,3,validation,30,30,drop,42
Validation_Data_Master/UVD-1506,Validation_Data_Master/UVD-1506.txt,Validation_Data_Master,0,True,,146,4,26,validation,30,30,drop,42
Validation_Data_Master/UVD-1507,Validation_Data_Master/UVD-1507.txt,Validation_Data_Master,0,True,,138,4,18,validation,30,30,drop,42
Validation_Data_Master/UVD-1508,Validation_Data_Master/UVD-1508.txt,Validation_Data_Master,0,True,,142,4,22,test,30,30,drop,42
Validation_Data_Master/UVD-1509,Validation_Data_Master/UVD-1509.txt,Validation_Data_Master,0,True,,327,10,27,train,30,30,drop,42
Validation_Data_Master/UVD-1510,Validation_Data_Master/UVD-1510.txt,Validation_Data_Master,0,True,,752,25,2,train,30,30,drop,42
Validation_Data_Master/UVD-1511,Validation_Data_Master/UVD-1511.txt,Validation_Data_Master,0,True,,882,29,12,train,30,30,drop,42
Validation_Data_Master/UVD-1512,Validation_Data_Master/UVD-1512.txt,Validation_Data_Master,0,True,,172,5,22,train,30,30,drop,42
Validation_Data_Master/UVD-1513,Validation_Data_Master/UVD-1513.txt,Validation_Data_Master,0,True,,2072,69,2,train,30,30,drop,42
Validation_Data_Master/UVD-1514,Validation_Data_Master/UVD-1514.txt,Validation_Data_Master,0,True,,1624,54,4,train,30,30,drop,42
Validation_Data_Master/UVD-1515,Validation_Data_Master/UVD-1515.txt,Validation_Data_Master,0,True,,1569,52,9,train,30,30,drop,42
Validation_Data_Master/UVD-1516,Validation_Data_Master/UVD-1516.txt,Validation_Data_Master,0,True,,334,11,4,train,30,30,drop,42
Validation_Data_Master/UVD-1517,Validation_Data_Master/UVD-1517.txt,Validation_Data_Master,0,True,,334,11,4,train,30,30,drop,42
Validation_Data_Master/UVD-1518,Validation_Data_Master/UVD-1518.txt,Validation_Data_Master,0,True,,277,9,7,test,30,30,drop,42
Validation_Data_Master/UVD-1519,Validation_Data_Master/UVD-1519.txt,Validation_Data_Master,0,True,,334,11,4,test,30,30,drop,42
Validation_Data_Master/UVD-1520,Validation_Data_Master/UVD-1520.txt,Validation_Data_Master,0,True,,735,24,15,test,30,30,drop,42
Validation_Data_Master/UVD-1521,Validation_Data_Master/UVD-1521.txt,Validation_Data_Master,0,True,,1528,50,28,validation,30,30,drop,42
Validation_Data_Master/UVD-1522,Validation_Data_Master/UVD-1522.txt,Validation_Data_Master,0,True,,249,8,9,train,30,30,drop,42
Validation_Data_Master/UVD-1523,Validation_Data_Master/UVD-1523.txt,Validation_Data_Master,0,True,,167,5,17,train,30,30,drop,42
Validation_Data_Master/UVD-1524,Validation_Data_Master/UVD-1524.txt,Validation_Data_Master,0,True,,1859,61,29,train,30,30,drop,42
Validation_Data_Master/UVD-1525,Validation_Data_Master/UVD-1525.txt,Validation_Data_Master,0,True,,142,4,22,train,30,30,drop,42
Validation_Data_Master/UVD-1526,Validation_Data_Master/UVD-1526.txt,Validation_Data_Master,0,True,,253,8,13,train,30,30,drop,42
Validation_Data_Master/UVD-1527,Validation_Data_Master/UVD-1527.txt,Validation_Data_Master,0,True,,809,26,29,train,30,30,drop,42
Validation_Data_Master/UVD-1528,Validation_Data_Master/UVD-1528.txt,Validation_Data_Master,0,True,,1212,40,12,train,30,30,drop,42
Validation_Data_Master/UVD-1529,Validation_Data_Master/UVD-1529.txt,Validation_Data_Master,0,True,,640,21,10,train,30,30,drop,42
Validation_Data_Master/UVD-1530,Validation_Data_Master/UVD-1530.txt,Validation_Data_Master,0,True,,155,5,5,train,30,30,drop,42
Validation_Data_Master/UVD-1531,Validation_Data_Master/UVD-1531.txt,Validation_Data_Master,0,True,,377,12,17,train,30,30,drop,42
Validation_Data_Master/UVD-1532,Validation_Data_Master/UVD-1532.txt,Validation_Data_Master,0,True,,242,8,2,train,30,30,drop,42
Validation_Data_Master/UVD-1533,Validation_Data_Master/UVD-1533.txt,Validation_Data_Master,0,True,,158,5,8,train,30,30,drop,42
Validation_Data_Master/UVD-1534,Validation_Data_Master/UVD-1534.txt,Validation_Data_Master,0,True,,323,10,23,train,30,30,drop,42
Validation_Data_Master/UVD-1535,Validation_Data_Master/UVD-1535.txt,Validation_Data_Master,0,True,,1130,37,20,train,30,30,drop,42
Validation_Data_Master/UVD-1536,Validation_Data_Master/UVD-1536.txt,Validation_Data_Master,0,True,,946,31,16,train,30,30,drop,42
Validation_Data_Master/UVD-1537,Validation_Data_Master/UVD-1537.txt,Validation_Data_Master,0,True,,242,8,2,train,30,30,drop,42
Validation_Data_Master/UVD-1538,Validation_Data_Master/UVD-1538.txt,Validation_Data_Master,0,True,,242,8,2,validation,30,30,drop,42
Validation_Data_Master/UVD-1539,Validation_Data_Master/UVD-1539.txt,Validation_Data_Master,0,True,,262,8,22,train,30,30,drop,42
Validation_Data_Master/UVD-1540,Validation_Data_Master/UVD-1540.txt,Validation_Data_Master,0,True,,242,8,2,train,30,30,drop,42
Validation_Data_Master/UVD-1541,Validation_Data_Master/UVD-1541.txt,Validation_Data_Master,0,True,,255,8,15,validation,30,30,drop,42
Validation_Data_Master/UVD-1542,Validation_Data_Master/UVD-1542.txt,Validation_Data_Master,0,True,,246,8,6,train,30,30,drop,42
Validation_Data_Master/UVD-1543,Validation_Data_Master/UVD-1543.txt,Validation_Data_Master,0,True,,377,12,17,test,30,30,drop,42
Validation_Data_Master/UVD-1544,Validation_Data_Master/UVD-1544.txt,Validation_Data_Master,0,True,,373,12,13,test,30,30,drop,42
Validation_Data_Master/UVD-1545,Validation_Data_Master/UVD-1545.txt,Validation_Data_Master,0,True,,242,8,2,train,30,30,drop,42
Validation_Data_Master/UVD-1546,Validation_Data_Master/UVD-1546.txt,Validation_Data_Master,0,True,,455,15,5,train,30,30,drop,42
Validation_Data_Master/UVD-1547,Validation_Data_Master/UVD-1547.txt,Validation_Data_Master,0,True,,531,17,21,test,30,30,drop,42
Validation_Data_Master/UVD-1548,Validation_Data_Master/UVD-1548.txt,Validation_Data_Master,0,True,,1305,43,15,train,30,30,drop,42
Validation_Data_Master/UVD-1549,Validation_Data_Master/UVD-1549.txt,Validation_Data_Master,0,True,,1305,43,15,validation,30,30,drop,42
Validation_Data_Master/UVD-1550,Validation_Data_Master/UVD-1550.txt,Validation_Data_Master,0,True,,1546,51,16,validation,30,30,drop,42
Validation_Data_Master/UVD-1551,Validation_Data_Master/UVD-1551.txt,Validation_Data_Master,0,True,,1627,54,7,train,30,30,drop,42
Validation_Data_Master/UVD-1552,Validation_Data_Master/UVD-1552.txt,Validation_Data_Master,0,True,,230,7,20,train,30,30,drop,42
Validation_Data_Master/UVD-1553,Validation_Data_Master/UVD-1553.txt,Validation_Data_Master,0,True,,3166,105,16,train,30,30,drop,42
Validation_Data_Master/UVD-1554,Validation_Data_Master/UVD-1554.txt,Validation_Data_Master,0,True,,1528,50,28,test,30,30,drop,42
Validation_Data_Master/UVD-1555,Validation_Data_Master/UVD-1555.txt,Validation_Data_Master,0,True,,2864,95,14,train,30,30,drop,42
Validation_Data_Master/UVD-1556,Validation_Data_Master/UVD-1556.txt,Validation_Data_Master,0,True,,723,24,3,train,30,30,drop,42
Validation_Data_Master/UVD-1557,Validation_Data_Master/UVD-1557.txt,Validation_Data_Master,0,True,,2278,75,28,train,30,30,drop,42
Validation_Data_Master/UVD-1558,Validation_Data_Master/UVD-1558.txt,Validation_Data_Master,0,True,,468,15,18,train,30,30,drop,42
Validation_Data_Master/UVD-1559,Validation_Data_Master/UVD-1559.txt,Validation_Data_Master,0,True,,568,18,28,test,30,30,drop,42
Validation_Data_Master/UVD-1560,Validation_Data_Master/UVD-1560.txt,Validation_Data_Master,0,True,,88,2,28,train,30,30,drop,42
Validation_Data_Master/UVD-1561,Validation_Data_Master/UVD-1561.txt,Validation_Data_Master,0,True,,1293,43,3,train,30,30,drop,42
Validation_Data_Master/UVD-1562,Validation_Data_Master/UVD-1562.txt,Validation_Data_Master,0,True,,219,7,9,train,30,30,drop,42
Validation_Data_Master/UVD-1563,Validation_Data_Master/UVD-1563.txt,Validation_Data_Master,0,True,,439,14,19,train,30,30,drop,42
Validation_Data_Master/UVD-1564,Validation_Data_Master/UVD-1564.txt,Validation_Data_Master,0,True,,211,7,1,train,30,30,drop,42
Validation_Data_Master/UVD-1565,Validation_Data_Master/UVD-1565.txt,Validation_Data_Master,0,True,,1835,61,5,test,30,30,drop,42
Validation_Data_Master/UVD-1566,Validation_Data_Master/UVD-1566.txt,Validation_Data_Master,0,True,,369,12,9,test,30,30,drop,42
Validation_Data_Master/UVD-1567,Validation_Data_Master/UVD-1567.txt,Validation_Data_Master,0,True,,118,3,28,test,30,30,drop,42
Validation_Data_Master/UVD-1568,Validation_Data_Master/UVD-1568.txt,Validation_Data_Master,0,True,,243,8,3,train,30,30,drop,42
Validation_Data_Master/UVD-1569,Validation_Data_Master/UVD-1569.txt,Validation_Data_Master,0,True,,415,13,25,train,30,30,drop,42
Validation_Data_Master/UVD-1570,Validation_Data_Master/UVD-1570.txt,Validation_Data_Master,0,True,,528,17,18,train,30,30,drop,42
Validation_Data_Master/UVD-1571,Validation_Data_Master/UVD-1571.txt,Validation_Data_Master,0,True,,239,7,29,train,30,30,drop,42
Validation_Data_Master/UVD-1572,Validation_Data_Master/UVD-1572.txt,Validation_Data_Master,0,True,,1846,61,16,train,30,30,drop,42
Validation_Data_Master/UVD-1573,Validation_Data_Master/UVD-1573.txt,Validation_Data_Master,0,True,,87,2,27,train,30,30,drop,42
Validation_Data_Master/UVD-1574,Validation_Data_Master/UVD-1574.txt,Validation_Data_Master,0,True,,439,14,19,train,30,30,drop,42
Validation_Data_Master/UVD-1575,Validation_Data_Master/UVD-1575.txt,Validation_Data_Master,0,True,,516,17,6,train,30,30,drop,42
Validation_Data_Master/UVD-1576,Validation_Data_Master/UVD-1576.txt,Validation_Data_Master,0,True,,220,7,10,test,30,30,drop,42
Validation_Data_Master/UVD-1577,Validation_Data_Master/UVD-1577.txt,Validation_Data_Master,0,True,,597,19,27,train,30,30,drop,42
Validation_Data_Master/UVD-1578,Validation_Data_Master/UVD-1578.txt,Validation_Data_Master,0,True,,506,16,26,test,30,30,drop,42
Validation_Data_Master/UVD-1579,Validation_Data_Master/UVD-1579.txt,Validation_Data_Master,0,True,,240,8,0,test,30,30,drop,42
Validation_Data_Master/UVD-1580,Validation_Data_Master/UVD-1580.txt,Validation_Data_Master,0,True,,2782,92,22,train,30,30,drop,42
Validation_Data_Master/UVD-1581,Validation_Data_Master/UVD-1581.txt,Validation_Data_Master,0,True,,135,4,15,validation,30,30,drop,42
Validation_Data_Master/UVD-1582,Validation_Data_Master/UVD-1582.txt,Validation_Data_Master,0,True,,1281,42,21,train,30,30,drop,42
Validation_Data_Master/UVD-1583,Validation_Data_Master/UVD-1583.txt,Validation_Data_Master,0,True,,402,13,12,validation,30,30,drop,42
Validation_Data_Master/UVD-1584,Validation_Data_Master/UVD-1584.txt,Validation_Data_Master,0,True,,415,13,25,train,30,30,drop,42
Validation_Data_Master/UVD-1585,Validation_Data_Master/UVD-1585.txt,Validation_Data_Master,0,True,,129,4,9,test,30,30,drop,42
Validation_Data_Master/UVD-1586,Validation_Data_Master/UVD-1586.txt,Validation_Data_Master,0,True,,725,24,5,train,30,30,drop,42
Validation_Data_Master/UVD-1587,Validation_Data_Master/UVD-1587.txt,Validation_Data_Master,0,True,,513,17,3,train,30,30,drop,42
Validation_Data_Master/UVD-1588,Validation_Data_Master/UVD-1588.txt,Validation_Data_Master,0,True,,528,17,18,train,30,30,drop,42
Validation_Data_Master/UVD-1589,Validation_Data_Master/UVD-1589.txt,Validation_Data_Master,0,True,,523,17,13,train,30,30,drop,42
Validation_Data_Master/UVD-1590,Validation_Data_Master/UVD-1590.txt,Validation_Data_Master,0,True,,697,23,7,train,30,30,drop,42
Validation_Data_Master/UVD-1591,Validation_Data_Master/UVD-1591.txt,Validation_Data_Master,0,True,,633,21,3,train,30,30,drop,42
Validation_Data_Master/UVD-1592,Validation_Data_Master/UVD-1592.txt,Validation_Data_Master,0,True,,1531,51,1,train,30,30,drop,42
Validation_Data_Master/UVD-1593,Validation_Data_Master/UVD-1593.txt,Validation_Data_Master,0,True,,1817,60,17,train,30,30,drop,42
Validation_Data_Master/UVD-1594,Validation_Data_Master/UVD-1594.txt,Validation_Data_Master,0,True,,1286,42,26,train,30,30,drop,42
Validation_Data_Master/UVD-1595,Validation_Data_Master/UVD-1595.txt,Validation_Data_Master,0,True,,166,5,16,validation,30,30,drop,42
Validation_Data_Master/UVD-1596,Validation_Data_Master/UVD-1596.txt,Validation_Data_Master,0,True,,203,6,23,test,30,30,drop,42
Validation_Data_Master/UVD-1597,Validation_Data_Master/UVD-1597.txt,Validation_Data_Master,0,True,,697,23,7,validation,30,30,drop,42
Validation_Data_Master/UVD-1598,Validation_Data_Master/UVD-1598.txt,Validation_Data_Master,0,True,,1859,61,29,train,30,30,drop,42
Validation_Data_Master/UVD-1599,Validation_Data_Master/UVD-1599.txt,Validation_Data_Master,0,True,,1641,54,21,test,30,30,drop,42
Validation_Data_Master/UVD-1600,Validation_Data_Master/UVD-1600.txt,Validation_Data_Master,0,True,,697,23,7,validation,30,30,drop,42
Validation_Data_Master/UVD-1601,Validation_Data_Master/UVD-1601.txt,Validation_Data_Master,0,True,,1861,62,1,train,30,30,drop,42
Validation_Data_Master/UVD-1602,Validation_Data_Master/UVD-1602.txt,Validation_Data_Master,0,True,,1080,36,0,train,30,30,drop,42
Validation_Data_Master/UVD-1603,Validation_Data_Master/UVD-1603.txt,Validation_Data_Master,0,True,,140,4,20,train,30,30,drop,42
Validation_Data_Master/UVD-1604,Validation_Data_Master/UVD-1604.txt,Validation_Data_Master,0,True,,523,17,13,train,30,30,drop,42
Validation_Data_Master/UVD-1605,Validation_Data_Master/UVD-1605.txt,Validation_Data_Master,0,True,,697,23,7,test,30,30,drop,42
Validation_Data_Master/UVD-1606,Validation_Data_Master/UVD-1606.txt,Validation_Data_Master,0,True,,463,15,13,test,30,30,drop,42
Validation_Data_Master/UVD-1607,Validation_Data_Master/UVD-1607.txt,Validation_Data_Master,0,True,,2079,69,9,train,30,30,drop,42
Validation_Data_Master/UVD-1608,Validation_Data_Master/UVD-1608.txt,Validation_Data_Master,0,True,,812,27,2,train,30,30,drop,42
Validation_Data_Master/UVD-1609,Validation_Data_Master/UVD-1609.txt,Validation_Data_Master,0,True,,697,23,7,train,30,30,drop,42
Validation_Data_Master/UVD-1610,Validation_Data_Master/UVD-1610.txt,Validation_Data_Master,0,True,,1349,44,29,train,30,30,drop,42
Validation_Data_Master/UVD-1611,Validation_Data_Master/UVD-1611.txt,Validation_Data_Master,0,True,,697,23,7,test,30,30,drop,42
Validation_Data_Master/UVD-1612,Validation_Data_Master/UVD-1612.txt,Validation_Data_Master,0,True,,97,3,7,validation,30,30,drop,42
Validation_Data_Master/UVD-1613,Validation_Data_Master/UVD-1613.txt,Validation_Data_Master,0,True,,1412,47,2,test,30,30,drop,42
Validation_Data_Master/UVD-1614,Validation_Data_Master/UVD-1614.txt,Validation_Data_Master,0,True,,697,23,7,validation,30,30,drop,42
Validation_Data_Master/UVD-1615,Validation_Data_Master/UVD-1615.txt,Validation_Data_Master,0,True,,115,3,25,train,30,30,drop,42
Validation_Data_Master/UVD-1616,Validation_Data_Master/UVD-1616.txt,Validation_Data_Master,0,True,,1392,46,12,validation,30,30,drop,42
Validation_Data_Master/UVD-1617,Validation_Data_Master/UVD-1617.txt,Validation_Data_Master,0,True,,697,23,7,train,30,30,drop,42
Validation_Data_Master/UVD-1618,Validation_Data_Master/UVD-1618.txt,Validation_Data_Master,0,True,,227,7,17,train,30,30,drop,42
Validation_Data_Master/UVD-1619,Validation_Data_Master/UVD-1619.txt,Validation_Data_Master,0,True,,697,23,7,train,30,30,drop,42
Validation_Data_Master/UVD-1620,Validation_Data_Master/UVD-1620.txt,Validation_Data_Master,0,True,,949,31,19,train,30,30,drop,42
Validation_Data_Master/UVD-1621,Validation_Data_Master/UVD-1621.txt,Validation_Data_Master,0,True,,343,11,13,train,30,30,drop,42
Validation_Data_Master/UVD-1622,Validation_Data_Master/UVD-1622.txt,Validation_Data_Master,0,True,,697,23,7,train,30,30,drop,42
Validation_Data_Master/UVD-1623,Validation_Data_Master/UVD-1623.txt,Validation_Data_Master,0,True,,131,4,11,train,30,30,drop,42
Validation_Data_Master/UVD-1624,Validation_Data_Master/UVD-1624.txt,Validation_Data_Master,0,True,,347,11,17,train,30,30,drop,42
Validation_Data_Master/UVD-1625,Validation_Data_Master/UVD-1625.txt,Validation_Data_Master,0,True,,1389,46,9,train,30,30,drop,42
Validation_Data_Master/UVD-1626,Validation_Data_Master/UVD-1626.txt,Validation_Data_Master,0,True,,149,4,29,train,30,30,drop,42
Validation_Data_Master/UVD-1627,Validation_Data_Master/UVD-1627.txt,Validation_Data_Master,0,True,,695,23,5,train,30,30,drop,42
Validation_Data_Master/UVD-1628,Validation_Data_Master/UVD-1628.txt,Validation_Data_Master,0,True,,483,16,3,train,30,30,drop,42
Validation_Data_Master/UVD-1629,Validation_Data_Master/UVD-1629.txt,Validation_Data_Master,0,True,,1569,52,9,train,30,30,drop,42
Validation_Data_Master/UVD-1630,Validation_Data_Master/UVD-1630.txt,Validation_Data_Master,0,True,,361,12,1,train,30,30,drop,42
Validation_Data_Master/UVD-1631,Validation_Data_Master/UVD-1631.txt,Validation_Data_Master,0,True,,391,13,1,train,30,30,drop,42
Validation_Data_Master/UVD-1632,Validation_Data_Master/UVD-1632.txt,Validation_Data_Master,0,True,,156,5,6,train,30,30,drop,42
Validation_Data_Master/UVD-1633,Validation_Data_Master/UVD-1633.txt,Validation_Data_Master,0,True,,455,15,5,train,30,30,drop,42
Validation_Data_Master/UVD-1634,Validation_Data_Master/UVD-1634.txt,Validation_Data_Master,0,True,,553,18,13,test,30,30,drop,42
Validation_Data_Master/UVD-1635,Validation_Data_Master/UVD-1635.txt,Validation_Data_Master,0,True,,107,3,17,test,30,30,drop,42
Validation_Data_Master/UVD-1636,Validation_Data_Master/UVD-1636.txt,Validation_Data_Master,0,True,,1555,51,25,test,30,30,drop,42
Validation_Data_Master/UVD-1637,Validation_Data_Master/UVD-1637.txt,Validation_Data_Master,0,True,,2249,74,29,train,30,30,drop,42
Validation_Data_Master/UVD-1638,Validation_Data_Master/UVD-1638.txt,Validation_Data_Master,0,True,,697,23,7,test,30,30,drop,42
Validation_Data_Master/UVD-1639,Validation_Data_Master/UVD-1639.txt,Validation_Data_Master,0,True,,542,18,2,train,30,30,drop,42
Validation_Data_Master/UVD-1640,Validation_Data_Master/UVD-1640.txt,Validation_Data_Master,0,True,,699,23,9,train,30,30,drop,42
Validation_Data_Master/UVD-1641,Validation_Data_Master/UVD-1641.txt,Validation_Data_Master,0,True,,223,7,13,train,30,30,drop,42
Validation_Data_Master/UVD-1642,Validation_Data_Master/UVD-1642.txt,Validation_Data_Master,0,True,,151,5,1,test,30,30,drop,42
Validation_Data_Master/UVD-1643,Validation_Data_Master/UVD-1643.txt,Validation_Data_Master,0,True,,685,22,25,train,30,30,drop,42
Validation_Data_Master/UVD-1644,Validation_Data_Master/UVD-1644.txt,Validation_Data_Master,0,True,,484,16,4,train,30,30,drop,42
Validation_Data_Master/UVD-1645,Validation_Data_Master/UVD-1645.txt,Validation_Data_Master,0,True,,461,15,11,validation,30,30,drop,42
Validation_Data_Master/UVD-1646,Validation_Data_Master/UVD-1646.txt,Validation_Data_Master,0,True,,110,3,20,train,30,30,drop,42
Validation_Data_Master/UVD-1647,Validation_Data_Master/UVD-1647.txt,Validation_Data_Master,0,True,,114,3,24,train,30,30,drop,42
Validation_Data_Master/UVD-1648,Validation_Data_Master/UVD-1648.txt,Validation_Data_Master,0,True,,172,5,22,test,30,30,drop,42
Validation_Data_Master/UVD-1649,Validation_Data_Master/UVD-1649.txt,Validation_Data_Master,0,True,,118,3,28,validation,30,30,drop,42
Validation_Data_Master/UVD-1650,Validation_Data_Master/UVD-1650.txt,Validation_Data_Master,0,True,,1881,62,21,train,30,30,drop,42
Validation_Data_Master/UVD-1651,Validation_Data_Master/UVD-1651.txt,Validation_Data_Master,0,True,,787,26,7,validation,30,30,drop,42
Validation_Data_Master/UVD-1652,Validation_Data_Master/UVD-1652.txt,Validation_Data_Master,0,True,,1311,43,21,train,30,30,drop,42
Validation_Data_Master/UVD-1653,Validation_Data_Master/UVD-1653.txt,Validation_Data_Master,0,True,,1957,65,7,train,30,30,drop,42
Validation_Data_Master/UVD-1654,Validation_Data_Master/UVD-1654.txt,Validation_Data_Master,0,True,,900,30,0,test,30,30,drop,42
Validation_Data_Master/UVD-1655,Validation_Data_Master/UVD-1655.txt,Validation_Data_Master,0,True,,1183,39,13,validation,30,30,drop,42
Validation_Data_Master/UVD-1656,Validation_Data_Master/UVD-1656.txt,Validation_Data_Master,0,True,,187,6,7,train,30,30,drop,42
Validation_Data_Master/UVD-1657,Validation_Data_Master/UVD-1657.txt,Validation_Data_Master,0,True,,115,3,25,train,30,30,drop,42
Validation_Data_Master/UVD-1658,Validation_Data_Master/UVD-1658.txt,Validation_Data_Master,0,True,,382,12,22,train,30,30,drop,42
Validation_Data_Master/UVD-1659,Validation_Data_Master/UVD-1659.txt,Validation_Data_Master,0,True,,187,6,7,train,30,30,drop,42
Validation_Data_Master/UVD-1660,Validation_Data_Master/UVD-1660.txt,Validation_Data_Master,0,True,,169,5,19,train,30,30,drop,42
Validation_Data_Master/UVD-1661,Validation_Data_Master/UVD-1661.txt,Validation_Data_Master,0,True,,110,3,20,validation,30,30,drop,42
Validation_Data_Master/UVD-1662,Validation_Data_Master/UVD-1662.txt,Validation_Data_Master,0,True,,252,8,12,train,30,30,drop,42
Validation_Data_Master/UVD-1663,Validation_Data_Master/UVD-1663.txt,Validation_Data_Master,0,True,,1592,53,2,train,30,30,drop,42
Validation_Data_Master/UVD-1664,Validation_Data_Master/UVD-1664.txt,Validation_Data_Master,0,True,,330,11,0,train,30,30,drop,42
Validation_Data_Master/UVD-1665,Validation_Data_Master/UVD-1665.txt,Validation_Data_Master,0,True,,287,9,17,test,30,30,drop,42
Validation_Data_Master/UVD-1666,Validation_Data_Master/UVD-1666.txt,Validation_Data_Master,0,True,,320,10,20,train,30,30,drop,42
Validation_Data_Master/UVD-1667,Validation_Data_Master/UVD-1667.txt,Validation_Data_Master,0,True,,1779,59,9,train,30,30,drop,42
Validation_Data_Master/UVD-1668,Validation_Data_Master/UVD-1668.txt,Validation_Data_Master,0,True,,2368,78,28,train,30,30,drop,42
Validation_Data_Master/UVD-1669,Validation_Data_Master/UVD-1669.txt,Validation_Data_Master,0,True,,110,3,20,train,30,30,drop,42
Validation_Data_Master/UVD-1670,Validation_Data_Master/UVD-1670.txt,Validation_Data_Master,0,True,,1131,37,21,validation,30,30,drop,42
Validation_Data_Master/UVD-1671,Validation_Data_Master/UVD-1671.txt,Validation_Data_Master,0,True,,1167,38,27,train,30,30,drop,42
Validation_Data_Master/UVD-1672,Validation_Data_Master/UVD-1672.txt,Validation_Data_Master,0,True,,158,5,8,train,30,30,drop,42
Validation_Data_Master/UVD-1673,Validation_Data_Master/UVD-1673.txt,Validation_Data_Master,0,True,,208,6,28,train,30,30,drop,42
Validation_Data_Master/UVD-1674,Validation_Data_Master/UVD-1674.txt,Validation_Data_Master,0,True,,871,29,1,test,30,30,drop,42
Validation_Data_Master/UVD-1675,Validation_Data_Master/UVD-1675.txt,Validation_Data_Master,0,True,,98,3,8,train,30,30,drop,42
Validation_Data_Master/UVD-1676,Validation_Data_Master/UVD-1676.txt,Validation_Data_Master,0,True,,529,17,19,validation,30,30,drop,42
Validation_Data_Master/UVD-1677,Validation_Data_Master/UVD-1677.txt,Validation_Data_Master,0,True,,465,15,15,train,30,30,drop,42
Validation_Data_Master/UVD-1678,Validation_Data_Master/UVD-1678.txt,Validation_Data_Master,0,True,,101,3,11,train,30,30,drop,42
Validation_Data_Master/UVD-1679,Validation_Data_Master/UVD-1679.txt,Validation_Data_Master,0,True,,207,6,27,train,30,30,drop,42
Validation_Data_Master/UVD-1680,Validation_Data_Master/UVD-1680.txt,Validation_Data_Master,0,True,,307,10,7,train,30,30,drop,42
Validation_Data_Master/UVD-1681,Validation_Data_Master/UVD-1681.txt,Validation_Data_Master,0,True,,460,15,10,train,30,30,drop,42
Validation_Data_Master/UVD-1682,Validation_Data_Master/UVD-1682.txt,Validation_Data_Master,0,True,,432,14,12,validation,30,30,drop,42
Validation_Data_Master/UVD-1683,Validation_Data_Master/UVD-1683.txt,Validation_Data_Master,0,True,,427,14,7,train,30,30,drop,42
Validation_Data_Master/UVD-1684,Validation_Data_Master/UVD-1684.txt,Validation_Data_Master,0,True,,504,16,24,train,30,30,drop,42
Validation_Data_Master/UVD-1685,Validation_Data_Master/UVD-1685.txt,Validation_Data_Master,0,True,,265,8,25,train,30,30,drop,42
Validation_Data_Master/UVD-1686,Validation_Data_Master/UVD-1686.txt,Validation_Data_Master,0,True,,415,13,25,train,30,30,drop,42
Validation_Data_Master/UVD-1687,Validation_Data_Master/UVD-1687.txt,Validation_Data_Master,0,True,,441,14,21,validation,30,30,drop,42
Validation_Data_Master/UVD-1688,Validation_Data_Master/UVD-1688.txt,Validation_Data_Master,0,True,,395,13,5,train,30,30,drop,42
Validation_Data_Master/UVD-1689,Validation_Data_Master/UVD-1689.txt,Validation_Data_Master,0,True,,3135,104,15,test,30,30,drop,42
Validation_Data_Master/UVD-1690,Validation_Data_Master/UVD-1690.txt,Validation_Data_Master,0,True,,475,15,25,train,30,30,drop,42
Validation_Data_Master/UVD-1691,Validation_Data_Master/UVD-1691.txt,Validation_Data_Master,0,True,,302,10,2,train,30,30,drop,42
Validation_Data_Master/UVD-1692,Validation_Data_Master/UVD-1692.txt,Validation_Data_Master,0,True,,337,11,7,validation,30,30,drop,42
Validation_Data_Master/UVD-1693,Validation_Data_Master/UVD-1693.txt,Validation_Data_Master,0,True,,268,8,28,train,30,30,drop,42
Validation_Data_Master/UVD-1694,Validation_Data_Master/UVD-1694.txt,Validation_Data_Master,0,True,,207,6,27,train,30,30,drop,42
Validation_Data_Master/UVD-1695,Validation_Data_Master/UVD-1695.txt,Validation_Data_Master,0,True,,472,15,22,train,30,30,drop,42
Validation_Data_Master/UVD-1696,Validation_Data_Master/UVD-1696.txt,Validation_Data_Master,0,True,,209,6,29,train,30,30,drop,42
Validation_Data_Master/UVD-1697,Validation_Data_Master/UVD-1697.txt,Validation_Data_Master,0,True,,468,15,18,train,30,30,drop,42
Validation_Data_Master/UVD-1698,Validation_Data_Master/UVD-1698.txt,Validation_Data_Master,0,True,,151,5,1,test,30,30,drop,42
Validation_Data_Master/UVD-1699,Validation_Data_Master/UVD-1699.txt,Validation_Data_Master,0,True,,2206,73,16,train,30,30,drop,42
Validation_Data_Master/UVD-1700,Validation_Data_Master/UVD-1700.txt,Validation_Data_Master,0,True,,96,3,6,test,30,30,drop,42
Validation_Data_Master/UVD-1701,Validation_Data_Master/UVD-1701.txt,Validation_Data_Master,0,True,,140,4,20,train,30,30,drop,42
Validation_Data_Master/UVD-1702,Validation_Data_Master/UVD-1702.txt,Validation_Data_Master,0,True,,126,4,6,train,30,30,drop,42
Validation_Data_Master/UVD-1703,Validation_Data_Master/UVD-1703.txt,Validation_Data_Master,0,True,,98,3,8,train,30,30,drop,42
Validation_Data_Master/UVD-1704,Validation_Data_Master/UVD-1704.txt,Validation_Data_Master,0,True,,1301,43,11,train,30,30,drop,42
Validation_Data_Master/UVD-1705,Validation_Data_Master/UVD-1705.txt,Validation_Data_Master,0,True,,209,6,29,train,30,30,drop,42
Validation_Data_Master/UVD-1706,Validation_Data_Master/UVD-1706.txt,Validation_Data_Master,0,True,,463,15,13,test,30,30,drop,42
Validation_Data_Master/UVD-1707,Validation_Data_Master/UVD-1707.txt,Validation_Data_Master,0,True,,1255,41,25,train,30,30,drop,42
Validation_Data_Master/UVD-1708,Validation_Data_Master/UVD-1708.txt,Validation_Data_Master,0,True,,209,6,29,train,30,30,drop,42
Validation_Data_Master/UVD-1709,Validation_Data_Master/UVD-1709.txt,Validation_Data_Master,0,True,,450,15,0,train,30,30,drop,42
Validation_Data_Master/UVD-1710,Validation_Data_Master/UVD-1710.txt,Validation_Data_Master,0,True,,165,5,15,train,30,30,drop,42
Validation_Data_Master/UVD-1711,Validation_Data_Master/UVD-1711.txt,Validation_Data_Master,0,True,,130,4,10,train,30,30,drop,42
Validation_Data_Master/UVD-1712,Validation_Data_Master/UVD-1712.txt,Validation_Data_Master,0,True,,101,3,11,train,30,30,drop,42
Validation_Data_Master/UVD-1713,Validation_Data_Master/UVD-1713.txt,Validation_Data_Master,0,True,,369,12,9,train,30,30,drop,42
Validation_Data_Master/UVD-1714,Validation_Data_Master/UVD-1714.txt,Validation_Data_Master,0,True,,3163,105,13,train,30,30,drop,42
Validation_Data_Master/UVD-1715,Validation_Data_Master/UVD-1715.txt,Validation_Data_Master,0,True,,149,4,29,train,30,30,drop,42
Validation_Data_Master/UVD-1716,Validation_Data_Master/UVD-1716.txt,Validation_Data_Master,0,True,,149,4,29,test,30,30,drop,42
Validation_Data_Master/UVD-1717,Validation_Data_Master/UVD-1717.txt,Validation_Data_Master,0,True,,149,4,29,train,30,30,drop,42
Validation_Data_Master/UVD-1718,Validation_Data_Master/UVD-1718.txt,Validation_Data_Master,0,True,,149,4,29,train,30,30,drop,42
Validation_Data_Master/UVD-1719,Validation_Data_Master/UVD-1719.txt,Validation_Data_Master,0,True,,150,5,0,test,30,30,drop,42
Validation_Data_Master/UVD-1720,Validation_Data_Master/UVD-1720.txt,Validation_Data_Master,0,True,,149,4,29,train,30,30,drop,42
Validation_Data_Master/UVD-1721,Validation_Data_Master/UVD-1721.txt,Validation_Data_Master,0,True,,157,5,7,train,30,30,drop,42
Validation_Data_Master/UVD-1722,Validation_Data_Master/UVD-1722.txt,Validation_Data_Master,0,True,,149,4,29,train,30,30,drop,42
Validation_Data_Master/UVD-1723,Validation_Data_Master/UVD-1723.txt,Validation_Data_Master,0,True,,149,4,29,train,30,30,drop,42
Validation_Data_Master/UVD-1724,Validation_Data_Master/UVD-1724.txt,Validation_Data_Master,0,True,,766,25,16,train,30,30,drop,42
Validation_Data_Master/UVD-1725,Validation_Data_Master/UVD-1725.txt,Validation_Data_Master,0,True,,1624,54,4,train,30,30,drop,42
Validation_Data_Master/UVD-1726,Validation_Data_Master/UVD-1726.txt,Validation_Data_Master,0,True,,149,4,29,train,30,30,drop,42
Validation_Data_Master/UVD-1727,Validation_Data_Master/UVD-1727.txt,Validation_Data_Master,0,True,,149,4,29,train,30,30,drop,42
Validation_Data_Master/UVD-1728,Validation_Data_Master/UVD-1728.txt,Validation_Data_Master,0,True,,149,4,29,train,30,30,drop,42
Validation_Data_Master/UVD-1729,Validation_Data_Master/UVD-1729.txt,Validation_Data_Master,0,True,,1301,43,11,train,30,30,drop,42
Validation_Data_Master/UVD-1730,Validation_Data_Master/UVD-1730.txt,Validation_Data_Master,0,True,,98,3,8,train,30,30,drop,42
Validation_Data_Master/UVD-1731,Validation_Data_Master/UVD-1731.txt,Validation_Data_Master,0,True,,3666,122,6,validation,30,30,drop,42
Validation_Data_Master/UVD-1732,Validation_Data_Master/UVD-1732.txt,Validation_Data_Master,0,True,,699,23,9,train,30,30,drop,42
Validation_Data_Master/UVD-1733,Validation_Data_Master/UVD-1733.txt,Validation_Data_Master,0,True,,3666,122,6,train,30,30,drop,42
Validation_Data_Master/UVD-1734,Validation_Data_Master/UVD-1734.txt,Validation_Data_Master,0,True,,254,8,14,train,30,30,drop,42
Validation_Data_Master/UVD-1735,Validation_Data_Master/UVD-1735.txt,Validation_Data_Master,0,True,,169,5,19,train,30,30,drop,42
Validation_Data_Master/UVD-1736,Validation_Data_Master/UVD-1736.txt,Validation_Data_Master,0,True,,249,8,9,train,30,30,drop,42
Validation_Data_Master/UVD-1737,Validation_Data_Master/UVD-1737.txt,Validation_Data_Master,0,True,,93,3,3,train,30,30,drop,42
Validation_Data_Master/UVD-1738,Validation_Data_Master/UVD-1738.txt,Validation_Data_Master,0,True,,2644,88,4,train,30,30,drop,42
Validation_Data_Master/UVD-1739,Validation_Data_Master/UVD-1739.txt,Validation_Data_Master,0,True,,141,4,21,train,30,30,drop,42
Validation_Data_Master/UVD-1740,Validation_Data_Master/UVD-1740.txt,Validation_Data_Master,0,True,,101,3,11,train,30,30,drop,42
Validation_Data_Master/UVD-1741,Validation_Data_Master/UVD-1741.txt,Validation_Data_Master,0,True,,298,9,28,test,30,30,drop,42
Validation_Data_Master/UVD-1742,Validation_Data_Master/UVD-1742.txt,Validation_Data_Master,0,True,,296,9,26,train,30,30,drop,42
Validation_Data_Master/UVD-1743,Validation_Data_Master/UVD-1743.txt,Validation_Data_Master,0,True,,98,3,8,train,30,30,drop,42
Validation_Data_Master/UVD-1744,Validation_Data_Master/UVD-1744.txt,Validation_Data_Master,0,True,,1668,55,18,test,30,30,drop,42
Validation_Data_Master/UVD-1745,Validation_Data_Master/UVD-1745.txt,Validation_Data_Master,0,True,,1661,55,11,train,30,30,drop,42
Validation_Data_Master/UVD-1746,Validation_Data_Master/UVD-1746.txt,Validation_Data_Master,0,True,,114,3,24,train,30,30,drop,42
Validation_Data_Master/UVD-1747,Validation_Data_Master/UVD-1747.txt,Validation_Data_Master,0,True,,1606,53,16,train,30,30,drop,42
Validation_Data_Master/UVD-1748,Validation_Data_Master/UVD-1748.txt,Validation_Data_Master,0,True,,147,4,27,train,30,30,drop,42
Validation_Data_Master/UVD-1749,Validation_Data_Master/UVD-1749.txt,Validation_Data_Master,0,True,,1301,43,11,train,30,30,drop,42
Validation_Data_Master/UVD-1750,Validation_Data_Master/UVD-1750.txt,Validation_Data_Master,0,True,,177,5,27,train,30,30,drop,42
Validation_Data_Master/UVD-1751,Validation_Data_Master/UVD-1751.txt,Validation_Data_Master,0,True,,85,2,25,train,30,30,drop,42
Validation_Data_Master/UVD-1752,Validation_Data_Master/UVD-1752.txt,Validation_Data_Master,0,True,,164,5,14,train,30,30,drop,42
Validation_Data_Master/UVD-1753,Validation_Data_Master/UVD-1753.txt,Validation_Data_Master,0,True,,1293,43,3,train,30,30,drop,42
Validation_Data_Master/UVD-1754,Validation_Data_Master/UVD-1754.txt,Validation_Data_Master,0,True,,145,4,25,test,30,30,drop,42
Validation_Data_Master/UVD-1755,Validation_Data_Master/UVD-1755.txt,Validation_Data_Master,0,True,,218,7,8,train,30,30,drop,42
Validation_Data_Master/UVD-1756,Validation_Data_Master/UVD-1756.txt,Validation_Data_Master,0,True,,145,4,25,train,30,30,drop,42
Validation_Data_Master/UVD-1757,Validation_Data_Master/UVD-1757.txt,Validation_Data_Master,0,True,,608,20,8,train,30,30,drop,42
Validation_Data_Master/UVD-1758,Validation_Data_Master/UVD-1758.txt,Validation_Data_Master,0,True,,142,4,22,validation,30,30,drop,42
Validation_Data_Master/UVD-1759,Validation_Data_Master/UVD-1759.txt,Validation_Data_Master,0,True,,247,8,7,train,30,30,drop,42
Validation_Data_Master/UVD-1760,Validation_Data_Master/UVD-1760.txt,Validation_Data_Master,0,True,,388,12,28,train,30,30,drop,42
Validation_Data_Master/UVD-1761,Validation_Data_Master/UVD-1761.txt,Validation_Data_Master,0,True,,151,5,1,train,30,30,drop,42
Validation_Data_Master/UVD-1762,Validation_Data_Master/UVD-1762.txt,Validation_Data_Master,0,True,,151,5,1,test,30,30,drop,42
Validation_Data_Master/UVD-1763,Validation_Data_Master/UVD-1763.txt,Validation_Data_Master,0,True,,382,12,22,train,30,30,drop,42
Validation_Data_Master/UVD-1764,Validation_Data_Master/UVD-1764.txt,Validation_Data_Master,0,True,,154,5,4,train,30,30,drop,42
Validation_Data_Master/UVD-1765,Validation_Data_Master/UVD-1765.txt,Validation_Data_Master,0,True,,154,5,4,train,30,30,drop,42
Validation_Data_Master/UVD-1766,Validation_Data_Master/UVD-1766.txt,Validation_Data_Master,0,True,,151,5,1,train,30,30,drop,42
Validation_Data_Master/UVD-1767,Validation_Data_Master/UVD-1767.txt,Validation_Data_Master,0,True,,154,5,4,validation,30,30,drop,42
Validation_Data_Master/UVD-1768,Validation_Data_Master/UVD-1768.txt,Validation_Data_Master,0,True,,103,3,13,validation,30,30,drop,42
Validation_Data_Master/UVD-1769,Validation_Data_Master/UVD-1769.txt,Validation_Data_Master,0,True,,151,5,1,validation,30,30,drop,42
Validation_Data_Master/UVD-1770,Validation_Data_Master/UVD-1770.txt,Validation_Data_Master,0,True,,151,5,1,validation,30,30,drop,42
Validation_Data_Master/UVD-1771,Validation_Data_Master/UVD-1771.txt,Validation_Data_Master,0,True,,151,5,1,test,30,30,drop,42
Validation_Data_Master/UVD-1772,Validation_Data_Master/UVD-1772.txt,Validation_Data_Master,0,True,,98,3,8,train,30,30,drop,42
Validation_Data_Master/UVD-1773,Validation_Data_Master/UVD-1773.txt,Validation_Data_Master,0,True,,98,3,8,test,30,30,drop,42
Validation_Data_Master/UVD-1774,Validation_Data_Master/UVD-1774.txt,Validation_Data_Master,0,True,,99,3,9,train,30,30,drop,42
Validation_Data_Master/UVD-1775,Validation_Data_Master/UVD-1775.txt,Validation_Data_Master,0,True,,179,5,29,train,30,30,drop,42
Validation_Data_Master/UVD-1776,Validation_Data_Master/UVD-1776.txt,Validation_Data_Master,0,True,,182,6,2,train,30,30,drop,42
Validation_Data_Master/UVD-1777,Validation_Data_Master/UVD-1777.txt,Validation_Data_Master,0,True,,182,6,2,test,30,30,drop,42
Validation_Data_Master/UVD-1778,Validation_Data_Master/UVD-1778.txt,Validation_Data_Master,0,True,,144,4,24,train,30,30,drop,42
Validation_Data_Master/UVD-1779,Validation_Data_Master/UVD-1779.txt,Validation_Data_Master,0,True,,2140,71,10,validation,30,30,drop,42
Validation_Data_Master/UVD-1780,Validation_Data_Master/UVD-1780.txt,Validation_Data_Master,0,True,,316,10,16,train,30,30,drop,42
Validation_Data_Master/UVD-1781,Validation_Data_Master/UVD-1781.txt,Validation_Data_Master,0,True,,724,24,4,train,30,30,drop,42
Validation_Data_Master/UVD-1782,Validation_Data_Master/UVD-1782.txt,Validation_Data_Master,0,True,,735,24,15,validation,30,30,drop,42
Validation_Data_Master/UVD-1783,Validation_Data_Master/UVD-1783.txt,Validation_Data_Master,0,True,,728,24,8,train,30,30,drop,42
Validation_Data_Master/UVD-1784,Validation_Data_Master/UVD-1784.txt,Validation_Data_Master,0,True,,142,4,22,train,30,30,drop,42
Validation_Data_Master/UVD-1785,Validation_Data_Master/UVD-1785.txt,Validation_Data_Master,0,True,,257,8,17,train,30,30,drop,42
Validation_Data_Master/UVD-1786,Validation_Data_Master/UVD-1786.txt,Validation_Data_Master,0,True,,180,6,0,validation,30,30,drop,42
Validation_Data_Master/UVD-1787,Validation_Data_Master/UVD-1787.txt,Validation_Data_Master,0,True,,181,6,1,train,30,30,drop,42
Validation_Data_Master/UVD-1788,Validation_Data_Master/UVD-1788.txt,Validation_Data_Master,0,True,,185,6,5,train,30,30,drop,42
Validation_Data_Master/UVD-1789,Validation_Data_Master/UVD-1789.txt,Validation_Data_Master,0,True,,178,5,28,train,30,30,drop,42
Validation_Data_Master/UVD-1790,Validation_Data_Master/UVD-1790.txt,Validation_Data_Master,0,True,,185,6,5,train,30,30,drop,42
Validation_Data_Master/UVD-1791,Validation_Data_Master/UVD-1791.txt,Validation_Data_Master,0,True,,93,3,3,train,30,30,drop,42
Validation_Data_Master/UVD-1792,Validation_Data_Master/UVD-1792.txt,Validation_Data_Master,0,True,,185,6,5,validation,30,30,drop,42
Validation_Data_Master/UVD-1793,Validation_Data_Master/UVD-1793.txt,Validation_Data_Master,0,True,,142,4,22,train,30,30,drop,42
Validation_Data_Master/UVD-1794,Validation_Data_Master/UVD-1794.txt,Validation_Data_Master,0,True,,438,14,18,train,30,30,drop,42
Validation_Data_Master/UVD-1795,Validation_Data_Master/UVD-1795.txt,Validation_Data_Master,0,True,,393,13,3,train,30,30,drop,42
Validation_Data_Master/UVD-1796,Validation_Data_Master/UVD-1796.txt,Validation_Data_Master,0,True,,101,3,11,train,30,30,drop,42
Validation_Data_Master/UVD-1797,Validation_Data_Master/UVD-1797.txt,Validation_Data_Master,0,True,,99,3,9,validation,30,30,drop,42
Validation_Data_Master/UVD-1798,Validation_Data_Master/UVD-1798.txt,Validation_Data_Master,0,True,,197,6,17,validation,30,30,drop,42
Validation_Data_Master/UVD-1799,Validation_Data_Master/UVD-1799.txt,Validation_Data_Master,0,True,,102,3,12,train,30,30,drop,42
Validation_Data_Master/UVD-1800,Validation_Data_Master/UVD-1800.txt,Validation_Data_Master,0,True,,155,5,5,train,30,30,drop,42
Validation_Data_Master/UVD-1801,Validation_Data_Master/UVD-1801.txt,Validation_Data_Master,0,True,,99,3,9,test,30,30,drop,42
Validation_Data_Master/UVD-1802,Validation_Data_Master/UVD-1802.txt,Validation_Data_Master,0,True,,99,3,9,train,30,30,drop,42
Validation_Data_Master/UVD-1803,Validation_Data_Master/UVD-1803.txt,Validation_Data_Master,0,True,,1170,39,0,train,30,30,drop,42
Validation_Data_Master/UVD-1804,Validation_Data_Master/UVD-1804.txt,Validation_Data_Master,0,True,,130,4,10,train,30,30,drop,42
Validation_Data_Master/UVD-1805,Validation_Data_Master/UVD-1805.txt,Validation_Data_Master,0,True,,537,17,27,train,30,30,drop,42
Validation_Data_Master/UVD-1806,Validation_Data_Master/UVD-1806.txt,Validation_Data_Master,0,True,,109,3,19,train,30,30,drop,42
Validation_Data_Master/UVD-1807,Validation_Data_Master/UVD-1807.txt,Validation_Data_Master,0,True,,907,30,7,test,30,30,drop,42
Validation_Data_Master/UVD-1808,Validation_Data_Master/UVD-1808.txt,Validation_Data_Master,0,True,,122,4,2,train,30,30,drop,42
Validation_Data_Master/UVD-1809,Validation_Data_Master/UVD-1809.txt,Validation_Data_Master,0,True,,365,12,5,train,30,30,drop,42
Validation_Data_Master/UVD-1810,Validation_Data_Master/UVD-1810.txt,Validation_Data_Master,0,True,,103,3,13,train,30,30,drop,42
Validation_Data_Master/UVD-1811,Validation_Data_Master/UVD-1811.txt,Validation_Data_Master,0,True,,1301,43,11,train,30,30,drop,42
Validation_Data_Master/UVD-1812,Validation_Data_Master/UVD-1812.txt,Validation_Data_Master,0,True,,3089,102,29,train,30,30,drop,42
Validation_Data_Master/UVD-1813,Validation_Data_Master/UVD-1813.txt,Validation_Data_Master,0,True,,105,3,15,train,30,30,drop,42
Validation_Data_Master/UVD-1814,Validation_Data_Master/UVD-1814.txt,Validation_Data_Master,0,True,,106,3,16,train,30,30,drop,42
Validation_Data_Master/UVD-1815,Validation_Data_Master/UVD-1815.txt,Validation_Data_Master,0,True,,1367,45,17,test,30,30,drop,42
Validation_Data_Master/UVD-1816,Validation_Data_Master/UVD-1816.txt,Validation_Data_Master,0,True,,182,6,2,train,30,30,drop,42
Validation_Data_Master/UVD-1817,Validation_Data_Master/UVD-1817.txt,Validation_Data_Master,0,True,,179,5,29,train,30,30,drop,42
Validation_Data_Master/UVD-1818,Validation_Data_Master/UVD-1818.txt,Validation_Data_Master,0,True,,182,6,2,train,30,30,drop,42
Validation_Data_Master/UVD-1819,Validation_Data_Master/UVD-1819.txt,Validation_Data_Master,0,True,,179,5,29,train,30,30,drop,42
Validation_Data_Master/UVD-1820,Validation_Data_Master/UVD-1820.txt,Validation_Data_Master,0,True,,182,6,2,validation,30,30,drop,42
Validation_Data_Master/UVD-1821,Validation_Data_Master/UVD-1821.txt,Validation_Data_Master,0,True,,179,5,29,train,30,30,drop,42
Validation_Data_Master/UVD-1822,Validation_Data_Master/UVD-1822.txt,Validation_Data_Master,0,True,,182,6,2,test,30,30,drop,42
Validation_Data_Master/UVD-1823,Validation_Data_Master/UVD-1823.txt,Validation_Data_Master,0,True,,149,4,29,validation,30,30,drop,42
Validation_Data_Master/UVD-1824,Validation_Data_Master/UVD-1824.txt,Validation_Data_Master,0,True,,124,4,4,train,30,30,drop,42
Validation_Data_Master/UVD-1825,Validation_Data_Master/UVD-1825.txt,Validation_Data_Master,0,True,,92,3,2,train,30,30,drop,42
Validation_Data_Master/UVD-1826,Validation_Data_Master/UVD-1826.txt,Validation_Data_Master,0,True,,137,4,17,test,30,30,drop,42
Validation_Data_Master/UVD-1827,Validation_Data_Master/UVD-1827.txt,Validation_Data_Master,0,True,,851,28,11,train,30,30,drop,42
Validation_Data_Master/UVD-1828,Validation_Data_Master/UVD-1828.txt,Validation_Data_Master,0,True,,1655,55,5,train,30,30,drop,42
Validation_Data_Master/UVD-1829,Validation_Data_Master/UVD-1829.txt,Validation_Data_Master,0,True,,110,3,20,train,30,30,drop,42
Validation_Data_Master/UVD-1830,Validation_Data_Master/UVD-1830.txt,Validation_Data_Master,0,True,,955,31,25,train,30,30,drop,42
Validation_Data_Master/UVD-1831,Validation_Data_Master/UVD-1831.txt,Validation_Data_Master,0,True,,1815,60,15,validation,30,30,drop,42
Validation_Data_Master/UVD-1832,Validation_Data_Master/UVD-1832.txt,Validation_Data_Master,0,True,,154,5,4,train,30,30,drop,42
Validation_Data_Master/UVD-1833,Validation_Data_Master/UVD-1833.txt,Validation_Data_Master,0,True,,853,28,13,train,30,30,drop,42
Validation_Data_Master/UVD-1834,Validation_Data_Master/UVD-1834.txt,Validation_Data_Master,0,True,,3116,103,26,train,30,30,drop,42
Validation_Data_Master/UVD-1835,Validation_Data_Master/UVD-1835.txt,Validation_Data_Master,0,True,,192,6,12,test,30,30,drop,42
Validation_Data_Master/UVD-1836,Validation_Data_Master/UVD-1836.txt,Validation_Data_Master,0,True,,96,3,6,train,30,30,drop,42
Validation_Data_Master/UVD-1837,Validation_Data_Master/UVD-1837.txt,Validation_Data_Master,0,True,,694,23,4,train,30,30,drop,42
Validation_Data_Master/UVD-1838,Validation_Data_Master/UVD-1838.txt,Validation_Data_Master,0,True,,853,28,13,validation,30,30,drop,42
Validation_Data_Master/UVD-1839,Validation_Data_Master/UVD-1839.txt,Validation_Data_Master,0,True,,860,28,20,train,30,30,drop,42
Validation_Data_Master/UVD-1840,Validation_Data_Master/UVD-1840.txt,Validation_Data_Master,0,True,,1091,36,11,train,30,30,drop,42
Validation_Data_Master/UVD-1841,Validation_Data_Master/UVD-1841.txt,Validation_Data_Master,0,True,,116,3,26,train,30,30,drop,42
Validation_Data_Master/UVD-1842,Validation_Data_Master/UVD-1842.txt,Validation_Data_Master,0,True,,116,3,26,train,30,30,drop,42
Validation_Data_Master/UVD-1843,Validation_Data_Master/UVD-1843.txt,Validation_Data_Master,0,True,,116,3,26,validation,30,30,drop,42
Validation_Data_Master/UVD-1844,Validation_Data_Master/UVD-1844.txt,Validation_Data_Master,0,True,,114,3,24,validation,30,30,drop,42
Validation_Data_Master/UVD-1845,Validation_Data_Master/UVD-1845.txt,Validation_Data_Master,0,True,,323,10,23,train,30,30,drop,42
Validation_Data_Master/UVD-1846,Validation_Data_Master/UVD-1846.txt,Validation_Data_Master,0,True,,191,6,11,train,30,30,drop,42
Validation_Data_Master/UVD-1847,Validation_Data_Master/UVD-1847.txt,Validation_Data_Master,0,True,,311,10,11,train,30,30,drop,42
Validation_Data_Master/UVD-1848,Validation_Data_Master/UVD-1848.txt,Validation_Data_Master,0,True,,113,3,23,train,30,30,drop,42
Validation_Data_Master/UVD-1849,Validation_Data_Master/UVD-1849.txt,Validation_Data_Master,0,True,,110,3,20,validation,30,30,drop,42
Validation_Data_Master/UVD-1850,Validation_Data_Master/UVD-1850.txt,Validation_Data_Master,0,True,,107,3,17,train,30,30,drop,42
Validation_Data_Master/UVD-1851,Validation_Data_Master/UVD-1851.txt,Validation_Data_Master,0,True,,151,5,1,validation,30,30,drop,42
Validation_Data_Master/UVD-1852,Validation_Data_Master/UVD-1852.txt,Validation_Data_Master,0,True,,1739,57,29,validation,30,30,drop,42
Validation_Data_Master/UVD-1853,Validation_Data_Master/UVD-1853.txt,Validation_Data_Master,0,True,,180,6,0,train,30,30,drop,42
Validation_Data_Master/UVD-1854,Validation_Data_Master/UVD-1854.txt,Validation_Data_Master,0,True,,1153,38,13,train,30,30,drop,42
Validation_Data_Master/UVD-1855,Validation_Data_Master/UVD-1855.txt,Validation_Data_Master,0,True,,355,11,25,train,30,30,drop,42
Validation_Data_Master/UVD-1856,Validation_Data_Master/UVD-1856.txt,Validation_Data_Master,0,True,,114,3,24,train,30,30,drop,42
Validation_Data_Master/UVD-1857,Validation_Data_Master/UVD-1857.txt,Validation_Data_Master,0,True,,194,6,14,train,30,30,drop,42
Validation_Data_Master/UVD-1858,Validation_Data_Master/UVD-1858.txt,Validation_Data_Master,0,True,,112,3,22,test,30,30,drop,42
Validation_Data_Master/UVD-1859,Validation_Data_Master/UVD-1859.txt,Validation_Data_Master,0,True,,1244,41,14,train,30,30,drop,42
Validation_Data_Master/UVD-1860,Validation_Data_Master/UVD-1860.txt,Validation_Data_Master,0,True,,474,15,24,validation,30,30,drop,42
Validation_Data_Master/UVD-1861,Validation_Data_Master/UVD-1861.txt,Validation_Data_Master,0,True,,277,9,7,train,30,30,drop,42
Validation_Data_Master/UVD-1862,Validation_Data_Master/UVD-1862.txt,Validation_Data_Master,0,True,,337,11,7,train,30,30,drop,42
Validation_Data_Master/UVD-1863,Validation_Data_Master/UVD-1863.txt,Validation_Data_Master,0,True,,392,13,2,train,30,30,drop,42
Validation_Data_Master/UVD-1864,Validation_Data_Master/UVD-1864.txt,Validation_Data_Master,0,True,,149,4,29,train,30,30,drop,42
Validation_Data_Master/UVD-1865,Validation_Data_Master/UVD-1865.txt,Validation_Data_Master,0,True,,885,29,15,train,30,30,drop,42
Validation_Data_Master/UVD-1866,Validation_Data_Master/UVD-1866.txt,Validation_Data_Master,0,True,,189,6,9,train,30,30,drop,42
Validation_Data_Master/UVD-1867,Validation_Data_Master/UVD-1867.txt,Validation_Data_Master,0,True,,151,5,1,train,30,30,drop,42
Validation_Data_Master/UVD-1868,Validation_Data_Master/UVD-1868.txt,Validation_Data_Master,0,True,,339,11,9,train,30,30,drop,42
Validation_Data_Master/UVD-1869,Validation_Data_Master/UVD-1869.txt,Validation_Data_Master,0,True,,120,4,0,validation,30,30,drop,42
Validation_Data_Master/UVD-1870,Validation_Data_Master/UVD-1870.txt,Validation_Data_Master,0,True,,107,3,17,validation,30,30,drop,42
Validation_Data_Master/UVD-1871,Validation_Data_Master/UVD-1871.txt,Validation_Data_Master,0,True,,107,3,17,train,30,30,drop,42
Validation_Data_Master/UVD-1872,Validation_Data_Master/UVD-1872.txt,Validation_Data_Master,0,True,,213,7,3,train,30,30,drop,42
Validation_Data_Master/UVD-1873,Validation_Data_Master/UVD-1873.txt,Validation_Data_Master,0,True,,279,9,9,validation,30,30,drop,42
Validation_Data_Master/UVD-1874,Validation_Data_Master/UVD-1874.txt,Validation_Data_Master,0,True,,194,6,14,train,30,30,drop,42
Validation_Data_Master/UVD-1875,Validation_Data_Master/UVD-1875.txt,Validation_Data_Master,0,True,,93,3,3,test,30,30,drop,42
Validation_Data_Master/UVD-1876,Validation_Data_Master/UVD-1876.txt,Validation_Data_Master,0,True,,374,12,14,train,30,30,drop,42
Validation_Data_Master/UVD-1877,Validation_Data_Master/UVD-1877.txt,Validation_Data_Master,0,True,,202,6,22,train,30,30,drop,42
Validation_Data_Master/UVD-1878,Validation_Data_Master/UVD-1878.txt,Validation_Data_Master,0,True,,188,6,8,train,30,30,drop,42
Validation_Data_Master/UVD-1879,Validation_Data_Master/UVD-1879.txt,Validation_Data_Master,0,True,,242,8,2,train,30,30,drop,42
Validation_Data_Master/UVD-1880,Validation_Data_Master/UVD-1880.txt,Validation_Data_Master,0,True,,807,26,27,train,30,30,drop,42
Validation_Data_Master/UVD-1881,Validation_Data_Master/UVD-1881.txt,Validation_Data_Master,0,True,,145,4,25,validation,30,30,drop,42
Validation_Data_Master/UVD-1882,Validation_Data_Master/UVD-1882.txt,Validation_Data_Master,0,True,,1106,36,26,validation,30,30,drop,42
Validation_Data_Master/UVD-1883,Validation_Data_Master/UVD-1883.txt,Validation_Data_Master,0,True,,340,11,10,train,30,30,drop,42
Validation_Data_Master/UVD-1884,Validation_Data_Master/UVD-1884.txt,Validation_Data_Master,0,True,,394,13,4,validation,30,30,drop,42
Validation_Data_Master/UVD-1885,Validation_Data_Master/UVD-1885.txt,Validation_Data_Master,0,True,,767,25,17,train,30,30,drop,42
Validation_Data_Master/UVD-1886,Validation_Data_Master/UVD-1886.txt,Validation_Data_Master,0,True,,210,7,0,train,30,30,drop,42
Validation_Data_Master/UVD-1887,Validation_Data_Master/UVD-1887.txt,Validation_Data_Master,0,True,,218,7,8,test,30,30,drop,42
Validation_Data_Master/UVD-1888,Validation_Data_Master/UVD-1888.txt,Validation_Data_Master,0,True,,122,4,2,train,30,30,drop,42
Validation_Data_Master/UVD-1889,Validation_Data_Master/UVD-1889.txt,Validation_Data_Master,0,True,,273,9,3,validation,30,30,drop,42
Validation_Data_Master/UVD-1890,Validation_Data_Master/UVD-1890.txt,Validation_Data_Master,0,True,,2753,91,23,validation,30,30,drop,42
Validation_Data_Master/UVD-1891,Validation_Data_Master/UVD-1891.txt,Validation_Data_Master,0,True,,160,5,10,test,30,30,drop,42
Validation_Data_Master/UVD-1892,Validation_Data_Master/UVD-1892.txt,Validation_Data_Master,0,True,,116,3,26,train,30,30,drop,42
Validation_Data_Master/UVD-1893,Validation_Data_Master/UVD-1893.txt,Validation_Data_Master,0,True,,226,7,16,test,30,30,drop,42
Validation_Data_Master/UVD-1894,Validation_Data_Master/UVD-1894.txt,Validation_Data_Master,0,True,,1694,56,14,validation,30,30,drop,42
Validation_Data_Master/UVD-1895,Validation_Data_Master/UVD-1895.txt,Validation_Data_Master,0,True,,137,4,17,test,30,30,drop,42
Validation_Data_Master/UVD-1896,Validation_Data_Master/UVD-1896.txt,Validation_Data_Master,0,True,,193,6,13,train,30,30,drop,42
Validation_Data_Master/UVD-1897,Validation_Data_Master/UVD-1897.txt,Validation_Data_Master,0,True,,94,3,4,train,30,30,drop,42
Validation_Data_Master/UVD-1898,Validation_Data_Master/UVD-1898.txt,Validation_Data_Master,0,True,,242,8,2,train,30,30,drop,42
Validation_Data_Master/UVD-1899,Validation_Data_Master/UVD-1899.txt,Validation_Data_Master,0,True,,441,14,21,validation,30,30,drop,42
Validation_Data_Master/UVD-1900,Validation_Data_Master/UVD-1900.txt,Validation_Data_Master,0,True,,151,5,1,test,30,30,drop,42
Validation_Data_Master/UVD-1901,Validation_Data_Master/UVD-1901.txt,Validation_Data_Master,0,True,,329,10,29,train,30,30,drop,42
Validation_Data_Master/UVD-1902,Validation_Data_Master/UVD-1902.txt,Validation_Data_Master,0,True,,181,6,1,validation,30,30,drop,42
Validation_Data_Master/UVD-1903,Validation_Data_Master/UVD-1903.txt,Validation_Data_Master,0,True,,110,3,20,validation,30,30,drop,42
Validation_Data_Master/UVD-1904,Validation_Data_Master/UVD-1904.txt,Validation_Data_Master,0,True,,173,5,23,train,30,30,drop,42
Validation_Data_Master/UVD-1905,Validation_Data_Master/UVD-1905.txt,Validation_Data_Master,0,True,,110,3,20,train,30,30,drop,42
Validation_Data_Master/UVD-1906,Validation_Data_Master/UVD-1906.txt,Validation_Data_Master,0,True,,342,11,12,train,30,30,drop,42
Validation_Data_Master/UVD-1907,Validation_Data_Master/UVD-1907.txt,Validation_Data_Master,0,True,,110,3,20,train,30,30,drop,42
Validation_Data_Master/UVD-1908,Validation_Data_Master/UVD-1908.txt,Validation_Data_Master,0,True,,312,10,12,train,30,30,drop,42
Validation_Data_Master/UVD-1909,Validation_Data_Master/UVD-1909.txt,Validation_Data_Master,0,True,,302,10,2,train,30,30,drop,42
Validation_Data_Master/UVD-1910,Validation_Data_Master/UVD-1910.txt,Validation_Data_Master,0,True,,110,3,20,train,30,30,drop,42
Validation_Data_Master/UVD-1911,Validation_Data_Master/UVD-1911.txt,Validation_Data_Master,0,True,,94,3,4,train,30,30,drop,42
Validation_Data_Master/UVD-1912,Validation_Data_Master/UVD-1912.txt,Validation_Data_Master,0,True,,151,5,1,train,30,30,drop,42
Validation_Data_Master/UVD-1913,Validation_Data_Master/UVD-1913.txt,Validation_Data_Master,0,True,,91,3,1,train,30,30,drop,42
Validation_Data_Master/UVD-1914,Validation_Data_Master/UVD-1914.txt,Validation_Data_Master,0,True,,125,4,5,test,30,30,drop,42
Validation_Data_Master/UVD-1915,Validation_Data_Master/UVD-1915.txt,Validation_Data_Master,0,True,,87,2,27,train,30,30,drop,42
Validation_Data_Master/UVD-1916,Validation_Data_Master/UVD-1916.txt,Validation_Data_Master,0,True,,102,3,12,train,30,30,drop,42
Validation_Data_Master/UVD-1917,Validation_Data_Master/UVD-1917.txt,Validation_Data_Master,0,True,,133,4,13,train,30,30,drop,42
Validation_Data_Master/UVD-1918,Validation_Data_Master/UVD-1918.txt,Validation_Data_Master,0,True,,109,3,19,train,30,30,drop,42
Validation_Data_Master/UVD-1919,Validation_Data_Master/UVD-1919.txt,Validation_Data_Master,0,True,,146,4,26,train,30,30,drop,42
Validation_Data_Master/UVD-1920,Validation_Data_Master/UVD-1920.txt,Validation_Data_Master,0,True,,138,4,18,train,30,30,drop,42
Validation_Data_Master/UVD-1921,Validation_Data_Master/UVD-1921.txt,Validation_Data_Master,0,True,,110,3,20,train,30,30,drop,42
Validation_Data_Master/UVD-1922,Validation_Data_Master/UVD-1922.txt,Validation_Data_Master,0,True,,148,4,28,train,30,30,drop,42
Validation_Data_Master/UVD-1923,Validation_Data_Master/UVD-1923.txt,Validation_Data_Master,0,True,,163,5,13,validation,30,30,drop,42
Validation_Data_Master/UVD-1924,Validation_Data_Master/UVD-1924.txt,Validation_Data_Master,0,True,,166,5,16,train,30,30,drop,42
Validation_Data_Master/UVD-1925,Validation_Data_Master/UVD-1925.txt,Validation_Data_Master,0,True,,86,2,26,train,30,30,drop,42
Validation_Data_Master/UVD-1926,Validation_Data_Master/UVD-1926.txt,Validation_Data_Master,0,True,,140,4,20,train,30,30,drop,42
Validation_Data_Master/UVD-1927,Validation_Data_Master/UVD-1927.txt,Validation_Data_Master,0,True,,94,3,4,validation,30,30,drop,42
Validation_Data_Master/UVD-1928,Validation_Data_Master/UVD-1928.txt,Validation_Data_Master,0,True,,107,3,17,validation,30,30,drop,42
Validation_Data_Master/UVD-1929,Validation_Data_Master/UVD-1929.txt,Validation_Data_Master,0,True,,144,4,24,validation,30,30,drop,42
Validation_Data_Master/UVD-1930,Validation_Data_Master/UVD-1930.txt,Validation_Data_Master,0,True,,110,3,20,train,30,30,drop,42
Validation_Data_Master/UVD-1931,Validation_Data_Master/UVD-1931.txt,Validation_Data_Master,0,True,,588,19,18,train,30,30,drop,42
Validation_Data_Master/UVD-1932,Validation_Data_Master/UVD-1932.txt,Validation_Data_Master,0,True,,549,18,9,train,30,30,drop,42
Validation_Data_Master/UVD-1933,Validation_Data_Master/UVD-1933.txt,Validation_Data_Master,0,True,,137,4,17,train,30,30,drop,42
Validation_Data_Master/UVD-1934,Validation_Data_Master/UVD-1934.txt,Validation_Data_Master,0,True,,302,10,2,train,30,30,drop,42
Validation_Data_Master/UVD-1935,Validation_Data_Master/UVD-1935.txt,Validation_Data_Master,0,True,,117,3,27,validation,30,30,drop,42
Validation_Data_Master/UVD-1936,Validation_Data_Master/UVD-1936.txt,Validation_Data_Master,0,True,,173,5,23,test,30,30,drop,42
Validation_Data_Master/UVD-1937,Validation_Data_Master/UVD-1937.txt,Validation_Data_Master,0,True,,128,4,8,train,30,30,drop,42
Validation_Data_Master/UVD-1938,Validation_Data_Master/UVD-1938.txt,Validation_Data_Master,0,True,,161,5,11,train,30,30,drop,42
Validation_Data_Master/UVD-1939,Validation_Data_Master/UVD-1939.txt,Validation_Data_Master,0,True,,109,3,19,train,30,30,drop,42
Validation_Data_Master/UVD-1940,Validation_Data_Master/UVD-1940.txt,Validation_Data_Master,0,True,,210,7,0,test,30,30,drop,42
Validation_Data_Master/UVD-1941,Validation_Data_Master/UVD-1941.txt,Validation_Data_Master,0,True,,281,9,11,test,30,30,drop,42
Validation_Data_Master/UVD-1942,Validation_Data_Master/UVD-1942.txt,Validation_Data_Master,0,True,,1616,53,26,test,30,30,drop,42
Validation_Data_Master/UVD-1943,Validation_Data_Master/UVD-1943.txt,Validation_Data_Master,0,True,,125,4,5,train,30,30,drop,42
Validation_Data_Master/UVD-1944,Validation_Data_Master/UVD-1944.txt,Validation_Data_Master,0,True,,347,11,17,train,30,30,drop,42
Validation_Data_Master/UVD-1945,Validation_Data_Master/UVD-1945.txt,Validation_Data_Master,0,True,,86,2,26,train,30,30,drop,42
Validation_Data_Master/UVD-1946,Validation_Data_Master/UVD-1946.txt,Validation_Data_Master,0,True,,339,11,9,train,30,30,drop,42
Validation_Data_Master/UVD-1947,Validation_Data_Master/UVD-1947.txt,Validation_Data_Master,0,True,,146,4,26,train,30,30,drop,42
Validation_Data_Master/UVD-1948,Validation_Data_Master/UVD-1948.txt,Validation_Data_Master,0,True,,136,4,16,validation,30,30,drop,42
Validation_Data_Master/UVD-1949,Validation_Data_Master/UVD-1949.txt,Validation_Data_Master,0,True,,132,4,12,train,30,30,drop,42
Validation_Data_Master/UVD-1950,Validation_Data_Master/UVD-1950.txt,Validation_Data_Master,0,True,,346,11,16,train,30,30,drop,42
Validation_Data_Master/UVD-1951,Validation_Data_Master/UVD-1951.txt,Validation_Data_Master,0,True,,308,10,8,train,30,30,drop,42
Validation_Data_Master/UVD-1952,Validation_Data_Master/UVD-1952.txt,Validation_Data_Master,0,True,,104,3,14,train,30,30,drop,42
Validation_Data_Master/UVD-1953,Validation_Data_Master/UVD-1953.txt,Validation_Data_Master,0,True,,2072,69,2,train,30,30,drop,42
Validation_Data_Master/UVD-1954,Validation_Data_Master/UVD-1954.txt,Validation_Data_Master,0,True,,506,16,26,train,30,30,drop,42
Validation_Data_Master/UVD-1955,Validation_Data_Master/UVD-1955.txt,Validation_Data_Master,0,True,,969,32,9,train,30,30,drop,42
Validation_Data_Master/UVD-1956,Validation_Data_Master/UVD-1956.txt,Validation_Data_Master,0,True,,1197,39,27,train,30,30,drop,42
Validation_Data_Master/UVD-1957,Validation_Data_Master/UVD-1957.txt,Validation_Data_Master,0,True,,356,11,26,train,30,30,drop,42
Validation_Data_Master/UVD-1958,Validation_Data_Master/UVD-1958.txt,Validation_Data_Master,0,True,,266,8,26,train,30,30,drop,42
Validation_Data_Master/UVD-1959,Validation_Data_Master/UVD-1959.txt,Validation_Data_Master,0,True,,161,5,11,train,30,30,drop,42
Validation_Data_Master/UVD-1960,Validation_Data_Master/UVD-1960.txt,Validation_Data_Master,0,True,,242,8,2,train,30,30,drop,42
Validation_Data_Master/UVD-1961,Validation_Data_Master/UVD-1961.txt,Validation_Data_Master,0,True,,104,3,14,train,30,30,drop,42
Validation_Data_Master/UVD-1962,Validation_Data_Master/UVD-1962.txt,Validation_Data_Master,0,True,,181,6,1,train,30,30,drop,42
Validation_Data_Master/UVD-1963,Validation_Data_Master/UVD-1963.txt,Validation_Data_Master,0,True,,91,3,1,test,30,30,drop,42
Validation_Data_Master/UVD-1964,Validation_Data_Master/UVD-1964.txt,Validation_Data_Master,0,True,,308,10,8,validation,30,30,drop,42
Validation_Data_Master/UVD-1965,Validation_Data_Master/UVD-1965.txt,Validation_Data_Master,0,True,,166,5,16,train,30,30,drop,42
Validation_Data_Master/UVD-1966,Validation_Data_Master/UVD-1966.txt,Validation_Data_Master,0,True,,115,3,25,train,30,30,drop,42
Validation_Data_Master/UVD-1967,Validation_Data_Master/UVD-1967.txt,Validation_Data_Master,0,True,,117,3,27,validation,30,30,drop,42
Validation_Data_Master/UVD-1968,Validation_Data_Master/UVD-1968.txt,Validation_Data_Master,0,True,,85,2,25,train,30,30,drop,42
Validation_Data_Master/UVD-1969,Validation_Data_Master/UVD-1969.txt,Validation_Data_Master,0,True,,110,3,20,train,30,30,drop,42
Validation_Data_Master/UVD-1970,Validation_Data_Master/UVD-1970.txt,Validation_Data_Master,0,True,,309,10,9,train,30,30,drop,42
Validation_Data_Master/UVD-1971,Validation_Data_Master/UVD-1971.txt,Validation_Data_Master,0,True,,339,11,9,train,30,30,drop,42
Validation_Data_Master/UVD-1972,Validation_Data_Master/UVD-1972.txt,Validation_Data_Master,0,True,,1708,56,28,train,30,30,drop,42
Validation_Data_Master/UVD-1973,Validation_Data_Master/UVD-1973.txt,Validation_Data_Master,0,True,,356,11,26,train,30,30,drop,42
Validation_Data_Master/UVD-1974,Validation_Data_Master/UVD-1974.txt,Validation_Data_Master,0,True,,126,4,6,train,30,30,drop,42
Validation_Data_Master/UVD-1975,Validation_Data_Master/UVD-1975.txt,Validation_Data_Master,0,True,,126,4,6,train,30,30,drop,42
Validation_Data_Master/UVD-1976,Validation_Data_Master/UVD-1976.txt,Validation_Data_Master,0,True,,132,4,12,train,30,30,drop,42
Validation_Data_Master/UVD-1977,Validation_Data_Master/UVD-1977.txt,Validation_Data_Master,0,True,,127,4,7,validation,30,30,drop,42
Validation_Data_Master/UVD-1978,Validation_Data_Master/UVD-1978.txt,Validation_Data_Master,0,True,,603,20,3,train,30,30,drop,42
Validation_Data_Master/UVD-1979,Validation_Data_Master/UVD-1979.txt,Validation_Data_Master,0,True,,362,12,2,train,30,30,drop,42
Validation_Data_Master/UVD-1980,Validation_Data_Master/UVD-1980.txt,Validation_Data_Master,0,True,,198,6,18,train,30,30,drop,42
Validation_Data_Master/UVD-1981,Validation_Data_Master/UVD-1981.txt,Validation_Data_Master,0,True,,103,3,13,validation,30,30,drop,42
Validation_Data_Master/UVD-1982,Validation_Data_Master/UVD-1982.txt,Validation_Data_Master,0,True,,85,2,25,train,30,30,drop,42
Validation_Data_Master/UVD-1983,Validation_Data_Master/UVD-1983.txt,Validation_Data_Master,0,True,,93,3,3,train,30,30,drop,42
Validation_Data_Master/UVD-1984,Validation_Data_Master/UVD-1984.txt,Validation_Data_Master,0,True,,363,12,3,train,30,30,drop,42
Validation_Data_Master/UVD-1985,Validation_Data_Master/UVD-1985.txt,Validation_Data_Master,0,True,,625,20,25,train,30,30,drop,42
Validation_Data_Master/UVD-1986,Validation_Data_Master/UVD-1986.txt,Validation_Data_Master,0,True,,99,3,9,train,30,30,drop,42
Validation_Data_Master/UVD-1987,Validation_Data_Master/UVD-1987.txt,Validation_Data_Master,0,True,,105,3,15,train,30,30,drop,42
Validation_Data_Master/UVD-1988,Validation_Data_Master/UVD-1988.txt,Validation_Data_Master,0,True,,108,3,18,test,30,30,drop,42
Validation_Data_Master/UVD-1989,Validation_Data_Master/UVD-1989.txt,Validation_Data_Master,0,True,,191,6,11,test,30,30,drop,42
Validation_Data_Master/UVD-1990,Validation_Data_Master/UVD-1990.txt,Validation_Data_Master,0,True,,625,20,25,train,30,30,drop,42
Validation_Data_Master/UVD-1991,Validation_Data_Master/UVD-1991.txt,Validation_Data_Master,0,True,,124,4,4,train,30,30,drop,42
Validation_Data_Master/UVD-1992,Validation_Data_Master/UVD-1992.txt,Validation_Data_Master,0,True,,192,6,12,train,30,30,drop,42
Validation_Data_Master/UVD-1993,Validation_Data_Master/UVD-1993.txt,Validation_Data_Master,0,True,,339,11,9,validation,30,30,drop,42
Validation_Data_Master/UVD-1994,Validation_Data_Master/UVD-1994.txt,Validation_Data_Master,0,True,,194,6,14,validation,30,30,drop,42
Validation_Data_Master/UVD-1995,Validation_Data_Master/UVD-1995.txt,Validation_Data_Master,0,True,,160,5,10,train,30,30,drop,42
Validation_Data_Master/UVD-1996,Validation_Data_Master/UVD-1996.txt,Validation_Data_Master,0,True,,343,11,13,test,30,30,drop,42
Validation_Data_Master/UVD-1997,Validation_Data_Master/UVD-1997.txt,Validation_Data_Master,0,True,,343,11,13,train,30,30,drop,42
Validation_Data_Master/UVD-1998,Validation_Data_Master/UVD-1998.txt,Validation_Data_Master,0,True,,343,11,13,train,30,30,drop,42
Validation_Data_Master/UVD-1999,Validation_Data_Master/UVD-1999.txt,Validation_Data_Master,0,True,,135,4,15,test,30,30,drop,42
Validation_Data_Master/UVD-2000,Validation_Data_Master/UVD-2000.txt,Validation_Data_Master,0,True,,228,7,18,train,30,30,drop,42
Validation_Data_Master/UVD-2001,Validation_Data_Master/UVD-2001.txt,Validation_Data_Master,0,True,,2071,69,1,test,30,30,drop,42
Validation_Data_Master/UVD-2002,Validation_Data_Master/UVD-2002.txt,Validation_Data_Master,0,True,,98,3,8,train,30,30,drop,42
Validation_Data_Master/UVD-2003,Validation_Data_Master/UVD-2003.txt,Validation_Data_Master,0,True,,95,3,5,validation,30,30,drop,42
Validation_Data_Master/UVD-2004,Validation_Data_Master/UVD-2004.txt,Validation_Data_Master,0,True,,103,3,13,train,30,30,drop,42
Validation_Data_Master/UVD-2005,Validation_Data_Master/UVD-2005.txt,Validation_Data_Master,0,True,,181,6,1,train,30,30,drop,42
Validation_Data_Master/UVD-2006,Validation_Data_Master/UVD-2006.txt,Validation_Data_Master,0,True,,93,3,3,train,30,30,drop,42
Validation_Data_Master/UVD-2007,Validation_Data_Master/UVD-2007.txt,Validation_Data_Master,0,True,,368,12,8,train,30,30,drop,42
Validation_Data_Master/UVD-2008,Validation_Data_Master/UVD-2008.txt,Validation_Data_Master,0,True,,93,3,3,train,30,30,drop,42
Validation_Data_Master/UVD-2009,Validation_Data_Master/UVD-2009.txt,Validation_Data_Master,0,True,,207,6,27,test,30,30,drop,42
Validation_Data_Master/UVD-2010,Validation_Data_Master/UVD-2010.txt,Validation_Data_Master,0,True,,330,11,0,train,30,30,drop,42
Validation_Data_Master/UVD-2011,Validation_Data_Master/UVD-2011.txt,Validation_Data_Master,0,True,,751,25,1,train,30,30,drop,42
Validation_Data_Master/UVD-2012,Validation_Data_Master/UVD-2012.txt,Validation_Data_Master,0,True,,93,3,3,train,30,30,drop,42
Validation_Data_Master/UVD-2013,Validation_Data_Master/UVD-2013.txt,Validation_Data_Master,0,True,,138,4,18,test,30,30,drop,42
Validation_Data_Master/UVD-2014,Validation_Data_Master/UVD-2014.txt,Validation_Data_Master,0,True,,343,11,13,train,30,30,drop,42
Validation_Data_Master/UVD-2015,Validation_Data_Master/UVD-2015.txt,Validation_Data_Master,0,True,,343,11,13,train,30,30,drop,42
Validation_Data_Master/UVD-2016,Validation_Data_Master/UVD-2016.txt,Validation_Data_Master,0,True,,678,22,18,train,30,30,drop,42
Validation_Data_Master/UVD-2017,Validation_Data_Master/UVD-2017.txt,Validation_Data_Master,0,True,,2410,80,10,train,30,30,drop,42
Validation_Data_Master/UVD-2018,Validation_Data_Master/UVD-2018.txt,Validation_Data_Master,0,True,,343,11,13,validation,30,30,drop,42
Validation_Data_Master/UVD-2019,Validation_Data_Master/UVD-2019.txt,Validation_Data_Master,0,True,,2764,92,4,validation,30,30,drop,42
Validation_Data_Master/UVD-2020,Validation_Data_Master/UVD-2020.txt,Validation_Data_Master,0,True,,343,11,13,validation,30,30,drop,42
Validation_Data_Master/UVD-2021,Validation_Data_Master/UVD-2021.txt,Validation_Data_Master,0,True,,276,9,6,train,30,30,drop,42
Validation_Data_Master/UVD-2022,Validation_Data_Master/UVD-2022.txt,Validation_Data_Master,0,True,,93,3,3,train,30,30,drop,42
Validation_Data_Master/UVD-2023,Validation_Data_Master/UVD-2023.txt,Validation_Data_Master,0,True,,354,11,24,train,30,30,drop,42
Validation_Data_Master/UVD-2024,Validation_Data_Master/UVD-2024.txt,Validation_Data_Master,0,True,,317,10,17,train,30,30,drop,42
Validation_Data_Master/UVD-2025,Validation_Data_Master/UVD-2025.txt,Validation_Data_Master,0,True,,921,30,21,train,30,30,drop,42
Validation_Data_Master/UVD-2026,Validation_Data_Master/UVD-2026.txt,Validation_Data_Master,0,True,,93,3,3,train,30,30,drop,42
Validation_Data_Master/UVD-2027,Validation_Data_Master/UVD-2027.txt,Validation_Data_Master,0,True,,192,6,12,train,30,30,drop,42
Validation_Data_Master/UVD-2028,Validation_Data_Master/UVD-2028.txt,Validation_Data_Master,0,True,,104,3,14,train,30,30,drop,42
Validation_Data_Master/UVD-2029,Validation_Data_Master/UVD-2029.txt,Validation_Data_Master,0,True,,102,3,12,train,30,30,drop,42
Validation_Data_Master/UVD-2030,Validation_Data_Master/UVD-2030.txt,Validation_Data_Master,0,True,,99,3,9,test,30,30,drop,42
Validation_Data_Master/UVD-2031,Validation_Data_Master/UVD-2031.txt,Validation_Data_Master,0,True,,168,5,18,train,30,30,drop,42
Validation_Data_Master/UVD-2032,Validation_Data_Master/UVD-2032.txt,Validation_Data_Master,0,True,,107,3,17,train,30,30,drop,42
Validation_Data_Master/UVD-2033,Validation_Data_Master/UVD-2033.txt,Validation_Data_Master,0,True,,107,3,17,validation,30,30,drop,42
Validation_Data_Master/UVD-2034,Validation_Data_Master/UVD-2034.txt,Validation_Data_Master,0,True,,107,3,17,train,30,30,drop,42
Validation_Data_Master/UVD-2035,Validation_Data_Master/UVD-2035.txt,Validation_Data_Master,0,True,,1305,43,15,train,30,30,drop,42
Validation_Data_Master/UVD-2036,Validation_Data_Master/UVD-2036.txt,Validation_Data_Master,0,True,,107,3,17,train,30,30,drop,42
Validation_Data_Master/UVD-2037,Validation_Data_Master/UVD-2037.txt,Validation_Data_Master,0,True,,1263,42,3,train,30,30,drop,42
Validation_Data_Master/UVD-2038,Validation_Data_Master/UVD-2038.txt,Validation_Data_Master,0,True,,681,22,21,train,30,30,drop,42
Validation_Data_Master/UVD-2039,Validation_Data_Master/UVD-2039.txt,Validation_Data_Master,0,True,,632,21,2,train,30,30,drop,42
Validation_Data_Master/UVD-2040,Validation_Data_Master/UVD-2040.txt,Validation_Data_Master,0,True,,194,6,14,test,30,30,drop,42
Validation_Data_Master/UVD-2041,Validation_Data_Master/UVD-2041.txt,Validation_Data_Master,0,True,,343,11,13,train,30,30,drop,42
Validation_Data_Master/UVD-2042,Validation_Data_Master/UVD-2042.txt,Validation_Data_Master,0,True,,107,3,17,train,30,30,drop,42
Validation_Data_Master/UVD-2043,Validation_Data_Master/UVD-2043.txt,Validation_Data_Master,0,True,,343,11,13,train,30,30,drop,42
Validation_Data_Master/UVD-2044,Validation_Data_Master/UVD-2044.txt,Validation_Data_Master,0,True,,883,29,13,train,30,30,drop,42
Validation_Data_Master/UVD-2045,Validation_Data_Master/UVD-2045.txt,Validation_Data_Master,0,True,,343,11,13,train,30,30,drop,42
Validation_Data_Master/UVD-2046,Validation_Data_Master/UVD-2046.txt,Validation_Data_Master,0,True,,137,4,17,train,30,30,drop,42
Validation_Data_Master/UVD-2047,Validation_Data_Master/UVD-2047.txt,Validation_Data_Master,0,True,,349,11,19,validation,30,30,drop,42
Validation_Data_Master/UVD-2048,Validation_Data_Master/UVD-2048.txt,Validation_Data_Master,0,True,,525,17,15,test,30,30,drop,42
Validation_Data_Master/UVD-2049,Validation_Data_Master/UVD-2049.txt,Validation_Data_Master,0,True,,91,3,1,train,30,30,drop,42
Validation_Data_Master/UVD-2050,Validation_Data_Master/UVD-2050.txt,Validation_Data_Master,0,True,,193,6,13,train,30,30,drop,42
Validation_Data_Master/UVD-2051,Validation_Data_Master/UVD-2051.txt,Validation_Data_Master,0,True,,343,11,13,test,30,30,drop,42
Validation_Data_Master/UVD-2052,Validation_Data_Master/UVD-2052.txt,Validation_Data_Master,0,True,,93,3,3,train,30,30,drop,42
Validation_Data_Master/UVD-2053,Validation_Data_Master/UVD-2053.txt,Validation_Data_Master,0,True,,343,11,13,train,30,30,drop,42
Validation_Data_Master/UVD-2054,Validation_Data_Master/UVD-2054.txt,Validation_Data_Master,0,True,,110,3,20,train,30,30,drop,42
Validation_Data_Master/UVD-2055,Validation_Data_Master/UVD-2055.txt,Validation_Data_Master,0,True,,183,6,3,test,30,30,drop,42
Validation_Data_Master/UVD-2056,Validation_Data_Master/UVD-2056.txt,Validation_Data_Master,0,True,,93,3,3,train,30,30,drop,42
Validation_Data_Master/UVD-2057,Validation_Data_Master/UVD-2057.txt,Validation_Data_Master,0,True,,933,31,3,train,30,30,drop,42
Validation_Data_Master/UVD-2058,Validation_Data_Master/UVD-2058.txt,Validation_Data_Master,0,True,,124,4,4,validation,30,30,drop,42
Validation_Data_Master/UVD-2059,Validation_Data_Master/UVD-2059.txt,Validation_Data_Master,0,True,,343,11,13,train,30,30,drop,42
Validation_Data_Master/UVD-2060,Validation_Data_Master/UVD-2060.txt,Validation_Data_Master,0,True,,343,11,13,train,30,30,drop,42
Validation_Data_Master/UVD-2061,Validation_Data_Master/UVD-2061.txt,Validation_Data_Master,0,True,,118,3,28,test,30,30,drop,42
Validation_Data_Master/UVD-2062,Validation_Data_Master/UVD-2062.txt,Validation_Data_Master,0,True,,100,3,10,train,30,30,drop,42
Validation_Data_Master/UVD-2063,Validation_Data_Master/UVD-2063.txt,Validation_Data_Master,0,True,,107,3,17,train,30,30,drop,42
Validation_Data_Master/UVD-2064,Validation_Data_Master/UVD-2064.txt,Validation_Data_Master,0,True,,343,11,13,validation,30,30,drop,42
Validation_Data_Master/UVD-2065,Validation_Data_Master/UVD-2065.txt,Validation_Data_Master,0,True,,343,11,13,train,30,30,drop,42
Validation_Data_Master/UVD-2066,Validation_Data_Master/UVD-2066.txt,Validation_Data_Master,0,True,,225,7,15,test,30,30,drop,42
Validation_Data_Master/UVD-2067,Validation_Data_Master/UVD-2067.txt,Validation_Data_Master,0,True,,1667,55,17,validation,30,30,drop,42
Validation_Data_Master/UVD-2068,Validation_Data_Master/UVD-2068.txt,Validation_Data_Master,0,True,,392,13,2,train,30,30,drop,42
Validation_Data_Master/UVD-2069,Validation_Data_Master/UVD-2069.txt,Validation_Data_Master,0,True,,2508,83,18,train,30,30,drop,42
Validation_Data_Master/UVD-2070,Validation_Data_Master/UVD-2070.txt,Validation_Data_Master,0,True,,343,11,13,validation,30,30,drop,42
Validation_Data_Master/UVD-2071,Validation_Data_Master/UVD-2071.txt,Validation_Data_Master,0,True,,93,3,3,train,30,30,drop,42
Validation_Data_Master/UVD-2072,Validation_Data_Master/UVD-2072.txt,Validation_Data_Master,0,True,,346,11,16,test,30,30,drop,42
Validation_Data_Master/UVD-2073,Validation_Data_Master/UVD-2073.txt,Validation_Data_Master,0,True,,343,11,13,train,30,30,drop,42
Validation_Data_Master/UVD-2074,Validation_Data_Master/UVD-2074.txt,Validation_Data_Master,0,True,,131,4,11,train,30,30,drop,42
Validation_Data_Master/UVD-2075,Validation_Data_Master/UVD-2075.txt,Validation_Data_Master,0,True,,133,4,13,train,30,30,drop,42
Validation_Data_Master/UVD-2076,Validation_Data_Master/UVD-2076.txt,Validation_Data_Master,0,True,,343,11,13,train,30,30,drop,42
Validation_Data_Master/UVD-2077,Validation_Data_Master/UVD-2077.txt,Validation_Data_Master,0,True,,93,3,3,train,30,30,drop,42
Validation_Data_Master/UVD-2078,Validation_Data_Master/UVD-2078.txt,Validation_Data_Master,0,True,,228,7,18,train,30,30,drop,42
Validation_Data_Master/UVD-2079,Validation_Data_Master/UVD-2079.txt,Validation_Data_Master,0,True,,1305,43,15,validation,30,30,drop,42
Validation_Data_Master/UVD-2080,Validation_Data_Master/UVD-2080.txt,Validation_Data_Master,0,True,,343,11,13,train,30,30,drop,42
Validation_Data_Master/UVD-2081,Validation_Data_Master/UVD-2081.txt,Validation_Data_Master,0,True,,343,11,13,train,30,30,drop,42
Validation_Data_Master/UVD-2082,Validation_Data_Master/UVD-2082.txt,Validation_Data_Master,0,True,,93,3,3,validation,30,30,drop,42
Validation_Data_Master/UVD-2083,Validation_Data_Master/UVD-2083.txt,Validation_Data_Master,0,True,,105,3,15,validation,30,30,drop,42
Validation_Data_Master/UVD-2084,Validation_Data_Master/UVD-2084.txt,Validation_Data_Master,0,True,,343,11,13,train,30,30,drop,42
Validation_Data_Master/UVD-2085,Validation_Data_Master/UVD-2085.txt,Validation_Data_Master,0,True,,180,6,0,train,30,30,drop,42
Validation_Data_Master/UVD-2086,Validation_Data_Master/UVD-2086.txt,Validation_Data_Master,0,True,,343,11,13,train,30,30,drop,42
Validation_Data_Master/UVD-2087,Validation_Data_Master/UVD-2087.txt,Validation_Data_Master,0,True,,1426,47,16,train,30,30,drop,42
Validation_Data_Master/UVD-2088,Validation_Data_Master/UVD-2088.txt,Validation_Data_Master,0,True,,343,11,13,train,30,30,drop,42
Validation_Data_Master/UVD-2089,Validation_Data_Master/UVD-2089.txt,Validation_Data_Master,0,True,,1215,40,15,train,30,30,drop,42
Validation_Data_Master/UVD-2090,Validation_Data_Master/UVD-2090.txt,Validation_Data_Master,0,True,,369,12,9,train,30,30,drop,42
Validation_Data_Master/UVD-2091,Validation_Data_Master/UVD-2091.txt,Validation_Data_Master,0,True,,343,11,13,train,30,30,drop,42
Validation_Data_Master/UVD-2092,Validation_Data_Master/UVD-2092.txt,Validation_Data_Master,0,True,,343,11,13,validation,30,30,drop,42
Validation_Data_Master/UVD-2093,Validation_Data_Master/UVD-2093.txt,Validation_Data_Master,0,True,,530,17,20,train,30,30,drop,42
Validation_Data_Master/UVD-2094,Validation_Data_Master/UVD-2094.txt,Validation_Data_Master,0,True,,247,8,7,train,30,30,drop,42
Validation_Data_Master/UVD-2095,Validation_Data_Master/UVD-2095.txt,Validation_Data_Master,0,True,,343,11,13,train,30,30,drop,42
Validation_Data_Master/UVD-2096,Validation_Data_Master/UVD-2096.txt,Validation_Data_Master,0,True,,805,26,25,validation,30,30,drop,42
Validation_Data_Master/UVD-2097,Validation_Data_Master/UVD-2097.txt,Validation_Data_Master,0,True,,762,25,12,train,30,30,drop,42
Validation_Data_Master/UVD-2098,Validation_Data_Master/UVD-2098.txt,Validation_Data_Master,0,True,,93,3,3,train,30,30,drop,42
Validation_Data_Master/UVD-2099,Validation_Data_Master/UVD-2099.txt,Validation_Data_Master,0,True,,639,21,9,validation,30,30,drop,42
Validation_Data_Master/UVD-2100,Validation_Data_Master/UVD-2100.txt,Validation_Data_Master,0,True,,343,11,13,train,30,30,drop,42
Validation_Data_Master/UVD-2101,Validation_Data_Master/UVD-2101.txt,Validation_Data_Master,0,True,,1095,36,15,train,30,30,drop,42
Validation_Data_Master/UVD-2102,Validation_Data_Master/UVD-2102.txt,Validation_Data_Master,0,True,,343,11,13,test,30,30,drop,42
Validation_Data_Master/UVD-2103,Validation_Data_Master/UVD-2103.txt,Validation_Data_Master,0,True,,448,14,28,test,30,30,drop,42
Validation_Data_Master/UVD-2104,Validation_Data_Master/UVD-2104.txt,Validation_Data_Master,0,True,,105,3,15,validation,30,30,drop,42
Validation_Data_Master/UVD-2105,Validation_Data_Master/UVD-2105.txt,Validation_Data_Master,0,True,,343,11,13,train,30,30,drop,42
Validation_Data_Master/UVD-2106,Validation_Data_Master/UVD-2106.txt,Validation_Data_Master,0,True,,179,5,29,train,30,30,drop,42
Validation_Data_Master/UVD-2107,Validation_Data_Master/UVD-2107.txt,Validation_Data_Master,0,True,,972,32,12,test,30,30,drop,42
Validation_Data_Master/UVD-2108,Validation_Data_Master/UVD-2108.txt,Validation_Data_Master,0,True,,2253,75,3,train,30,30,drop,42
Validation_Data_Master/UVD-2109,Validation_Data_Master/UVD-2109.txt,Validation_Data_Master,0,True,,343,11,13,train,30,30,drop,42
Validation_Data_Master/UVD-2110,Validation_Data_Master/UVD-2110.txt,Validation_Data_Master,0,True,,179,5,29,train,30,30,drop,42
Validation_Data_Master/UVD-2111,Validation_Data_Master/UVD-2111.txt,Validation_Data_Master,0,True,,343,11,13,train,30,30,drop,42
Validation_Data_Master/UVD-2112,Validation_Data_Master/UVD-2112.txt,Validation_Data_Master,0,True,,1723,57,13,train,30,30,drop,42
Validation_Data_Master/UVD-2113,Validation_Data_Master/UVD-2113.txt,Validation_Data_Master,0,True,,388,12,28,test,30,30,drop,42
Validation_Data_Master/UVD-2114,Validation_Data_Master/UVD-2114.txt,Validation_Data_Master,0,True,,343,11,13,train,30,30,drop,42
Validation_Data_Master/UVD-2115,Validation_Data_Master/UVD-2115.txt,Validation_Data_Master,0,True,,343,11,13,test,30,30,drop,42
Validation_Data_Master/UVD-2116,Validation_Data_Master/UVD-2116.txt,Validation_Data_Master,0,True,,105,3,15,train,30,30,drop,42
Validation_Data_Master/UVD-2117,Validation_Data_Master/UVD-2117.txt,Validation_Data_Master,0,True,,343,11,13,validation,30,30,drop,42
Validation_Data_Master/UVD-2118,Validation_Data_Master/UVD-2118.txt,Validation_Data_Master,0,True,,121,4,1,train,30,30,drop,42
Validation_Data_Master/UVD-2119,Validation_Data_Master/UVD-2119.txt,Validation_Data_Master,0,True,,343,11,13,train,30,30,drop,42
Validation_Data_Master/UVD-2120,Validation_Data_Master/UVD-2120.txt,Validation_Data_Master,0,True,,94,3,4,test,30,30,drop,42
Validation_Data_Master/UVD-2121,Validation_Data_Master/UVD-2121.txt,Validation_Data_Master,0,True,,284,9,14,test,30,30,drop,42
Validation_Data_Master/UVD-2122,Validation_Data_Master/UVD-2122.txt,Validation_Data_Master,0,True,,343,11,13,train,30,30,drop,42
Validation_Data_Master/UVD-2123,Validation_Data_Master/UVD-2123.txt,Validation_Data_Master,0,True,,1152,38,12,test,30,30,drop,42
Validation_Data_Master/UVD-2124,Validation_Data_Master/UVD-2124.txt,Validation_Data_Master,0,True,,1305,43,15,train,30,30,drop,42
Validation_Data_Master/UVD-2125,Validation_Data_Master/UVD-2125.txt,Validation_Data_Master,0,True,,95,3,5,train,30,30,drop,42
Validation_Data_Master/UVD-2126,Validation_Data_Master/UVD-2126.txt,Validation_Data_Master,0,True,,343,11,13,train,30,30,drop,42
Validation_Data_Master/UVD-2127,Validation_Data_Master/UVD-2127.txt,Validation_Data_Master,0,True,,188,6,8,train,30,30,drop,42
Validation_Data_Master/UVD-2128,Validation_Data_Master/UVD-2128.txt,Validation_Data_Master,0,True,,234,7,24,train,30,30,drop,42
Validation_Data_Master/UVD-2129,Validation_Data_Master/UVD-2129.txt,Validation_Data_Master,0,True,,343,11,13,train,30,30,drop,42
Validation_Data_Master/UVD-2130,Validation_Data_Master/UVD-2130.txt,Validation_Data_Master,0,True,,2773,92,13,train,30,30,drop,42
Validation_Data_Master/UVD-2131,Validation_Data_Master/UVD-2131.txt,Validation_Data_Master,0,True,,343,11,13,train,30,30,drop,42
Validation_Data_Master/UVD-2132,Validation_Data_Master/UVD-2132.txt,Validation_Data_Master,0,True,,738,24,18,train,30,30,drop,42
Validation_Data_Master/UVD-2133,Validation_Data_Master/UVD-2133.txt,Validation_Data_Master,0,True,,421,14,1,train,30,30,drop,42
Validation_Data_Master/UVD-2134,Validation_Data_Master/UVD-2134.txt,Validation_Data_Master,0,True,,343,11,13,train,30,30,drop,42
Validation_Data_Master/UVD-2135,Validation_Data_Master/UVD-2135.txt,Validation_Data_Master,0,True,,1305,43,15,train,30,30,drop,42
Validation_Data_Master/UVD-2136,Validation_Data_Master/UVD-2136.txt,Validation_Data_Master,0,True,,343,11,13,test,30,30,drop,42
Validation_Data_Master/UVD-2137,Validation_Data_Master/UVD-2137.txt,Validation_Data_Master,0,True,,172,5,22,train,30,30,drop,42
Validation_Data_Master/UVD-2138,Validation_Data_Master/UVD-2138.txt,Validation_Data_Master,0,True,,379,12,19,train,30,30,drop,42
Validation_Data_Master/UVD-2139,Validation_Data_Master/UVD-2139.txt,Validation_Data_Master,0,True,,115,3,25,train,30,30,drop,42
Validation_Data_Master/UVD-2140,Validation_Data_Master/UVD-2140.txt,Validation_Data_Master,0,True,,343,11,13,test,30,30,drop,42
Validation_Data_Master/UVD-2141,Validation_Data_Master/UVD-2141.txt,Validation_Data_Master,0,True,,122,4,2,train,30,30,drop,42
Validation_Data_Master/UVD-2142,Validation_Data_Master/UVD-2142.txt,Validation_Data_Master,0,True,,343,11,13,validation,30,30,drop,42
Validation_Data_Master/UVD-2143,Validation_Data_Master/UVD-2143.txt,Validation_Data_Master,0,True,,127,4,7,train,30,30,drop,42
Validation_Data_Master/UVD-2144,Validation_Data_Master/UVD-2144.txt,Validation_Data_Master,0,True,,343,11,13,train,30,30,drop,42
Validation_Data_Master/UVD-2145,Validation_Data_Master/UVD-2145.txt,Validation_Data_Master,0,True,,1121,37,11,train,30,30,drop,42
Validation_Data_Master/UVD-2146,Validation_Data_Master/UVD-2146.txt,Validation_Data_Master,0,True,,343,11,13,train,30,30,drop,42
Validation_Data_Master/UVD-2147,Validation_Data_Master/UVD-2147.txt,Validation_Data_Master,0,True,,343,11,13,train,30,30,drop,42
Validation_Data_Master/UVD-2148,Validation_Data_Master/UVD-2148.txt,Validation_Data_Master,0,True,,296,9,26,train,30,30,drop,42
Validation_Data_Master/UVD-2149,Validation_Data_Master/UVD-2149.txt,Validation_Data_Master,0,True,,343,11,13,train,30,30,drop,42
Validation_Data_Master/UVD-2150,Validation_Data_Master/UVD-2150.txt,Validation_Data_Master,0,True,,343,11,13,train,30,30,drop,42
Validation_Data_Master/UVD-2151,Validation_Data_Master/UVD-2151.txt,Validation_Data_Master,0,True,,1327,44,7,train,30,30,drop,42
Validation_Data_Master/UVD-2152,Validation_Data_Master/UVD-2152.txt,Validation_Data_Master,0,True,,100,3,10,train,30,30,drop,42
Validation_Data_Master/UVD-2153,Validation_Data_Master/UVD-2153.txt,Validation_Data_Master,0,True,,343,11,13,train,30,30,drop,42
Validation_Data_Master/UVD-2154,Validation_Data_Master/UVD-2154.txt,Validation_Data_Master,0,True,,343,11,13,train,30,30,drop,42
Validation_Data_Master/UVD-2155,Validation_Data_Master/UVD-2155.txt,Validation_Data_Master,0,True,,94,3,4,test,30,30,drop,42
Validation_Data_Master/UVD-2156,Validation_Data_Master/UVD-2156.txt,Validation_Data_Master,0,True,,343,11,13,train,30,30,drop,42
Validation_Data_Master/UVD-2157,Validation_Data_Master/UVD-2157.txt,Validation_Data_Master,0,True,,369,12,9,train,30,30,drop,42
Validation_Data_Master/UVD-2158,Validation_Data_Master/UVD-2158.txt,Validation_Data_Master,0,True,,343,11,13,train,30,30,drop,42
Validation_Data_Master/UVD-2159,Validation_Data_Master/UVD-2159.txt,Validation_Data_Master,0,True,,134,4,14,train,30,30,drop,42
Validation_Data_Master/UVD-2160,Validation_Data_Master/UVD-2160.txt,Validation_Data_Master,0,True,,343,11,13,train,30,30,drop,42
Validation_Data_Master/UVD-2161,Validation_Data_Master/UVD-2161.txt,Validation_Data_Master,0,True,,343,11,13,test,30,30,drop,42
Validation_Data_Master/UVD-2162,Validation_Data_Master/UVD-2162.txt,Validation_Data_Master,0,True,,343,11,13,train,30,30,drop,42
Validation_Data_Master/UVD-2163,Validation_Data_Master/UVD-2163.txt,Validation_Data_Master,0,True,,343,11,13,validation,30,30,drop,42
Validation_Data_Master/UVD-2164,Validation_Data_Master/UVD-2164.txt,Validation_Data_Master,0,True,,272,9,2,train,30,30,drop,42
Validation_Data_Master/UVD-2165,Validation_Data_Master/UVD-2165.txt,Validation_Data_Master,0,True,,343,11,13,test,30,30,drop,42
Validation_Data_Master/UVD-2166,Validation_Data_Master/UVD-2166.txt,Validation_Data_Master,0,True,,343,11,13,train,30,30,drop,42
Validation_Data_Master/UVD-2167,Validation_Data_Master/UVD-2167.txt,Validation_Data_Master,0,True,,343,11,13,train,30,30,drop,42
Validation_Data_Master/UVD-2168,Validation_Data_Master/UVD-2168.txt,Validation_Data_Master,0,True,,369,12,9,train,30,30,drop,42
Validation_Data_Master/UVD-2169,Validation_Data_Master/UVD-2169.txt,Validation_Data_Master,0,True,,343,11,13,train,30,30,drop,42
Validation_Data_Master/UVD-2170,Validation_Data_Master/UVD-2170.txt,Validation_Data_Master,0,True,,343,11,13,validation,30,30,drop,42
Validation_Data_Master/UVD-2171,Validation_Data_Master/UVD-2171.txt,Validation_Data_Master,0,True,,343,11,13,train,30,30,drop,42
Validation_Data_Master/UVD-2172,Validation_Data_Master/UVD-2172.txt,Validation_Data_Master,0,True,,343,11,13,validation,30,30,drop,42
Validation_Data_Master/UVD-2173,Validation_Data_Master/UVD-2173.txt,Validation_Data_Master,0,True,,343,11,13,train,30,30,drop,42
Validation_Data_Master/UVD-2174,Validation_Data_Master/UVD-2174.txt,Validation_Data_Master,0,True,,343,11,13,train,30,30,drop,42
Validation_Data_Master/UVD-2175,Validation_Data_Master/UVD-2175.txt,Validation_Data_Master,0,True,,343,11,13,train,30,30,drop,42
Validation_Data_Master/UVD-2176,Validation_Data_Master/UVD-2176.txt,Validation_Data_Master,0,True,,343,11,13,test,30,30,drop,42
Validation_Data_Master/UVD-2177,Validation_Data_Master/UVD-2177.txt,Validation_Data_Master,0,True,,343,11,13,train,30,30,drop,42
Validation_Data_Master/UVD-2178,Validation_Data_Master/UVD-2178.txt,Validation_Data_Master,0,True,,343,11,13,test,30,30,drop,42
Validation_Data_Master/UVD-2179,Validation_Data_Master/UVD-2179.txt,Validation_Data_Master,0,True,,109,3,19,train,30,30,drop,42
Validation_Data_Master/UVD-2180,Validation_Data_Master/UVD-2180.txt,Validation_Data_Master,0,True,,343,11,13,train,30,30,drop,42
Validation_Data_Master/UVD-2181,Validation_Data_Master/UVD-2181.txt,Validation_Data_Master,0,True,,343,11,13,validation,30,30,drop,42
Validation_Data_Master/UVD-2182,Validation_Data_Master/UVD-2182.txt,Validation_Data_Master,0,True,,343,11,13,train,30,30,drop,42
Validation_Data_Master/UVD-2183,Validation_Data_Master/UVD-2183.txt,Validation_Data_Master,0,True,,343,11,13,train,30,30,drop,42
Validation_Data_Master/UVD-2184,Validation_Data_Master/UVD-2184.txt,Validation_Data_Master,0,True,,343,11,13,train,30,30,drop,42
Validation_Data_Master/UVD-2185,Validation_Data_Master/UVD-2185.txt,Validation_Data_Master,0,True,,343,11,13,train,30,30,drop,42
Validation_Data_Master/UVD-2186,Validation_Data_Master/UVD-2186.txt,Validation_Data_Master,0,True,,343,11,13,validation,30,30,drop,42
Validation_Data_Master/UVD-2187,Validation_Data_Master/UVD-2187.txt,Validation_Data_Master,0,True,,343,11,13,validation,30,30,drop,42
Validation_Data_Master/UVD-2188,Validation_Data_Master/UVD-2188.txt,Validation_Data_Master,0,True,,343,11,13,train,30,30,drop,42
Validation_Data_Master/UVD-2189,Validation_Data_Master/UVD-2189.txt,Validation_Data_Master,0,True,,343,11,13,test,30,30,drop,42
Validation_Data_Master/UVD-2190,Validation_Data_Master/UVD-2190.txt,Validation_Data_Master,0,True,,246,8,6,test,30,30,drop,42
Validation_Data_Master/UVD-2191,Validation_Data_Master/UVD-2191.txt,Validation_Data_Master,0,True,,343,11,13,train,30,30,drop,42
Validation_Data_Master/UVD-2192,Validation_Data_Master/UVD-2192.txt,Validation_Data_Master,0,True,,343,11,13,train,30,30,drop,42
Validation_Data_Master/UVD-2193,Validation_Data_Master/UVD-2193.txt,Validation_Data_Master,0,True,,343,11,13,train,30,30,drop,42
Validation_Data_Master/UVD-2194,Validation_Data_Master/UVD-2194.txt,Validation_Data_Master,0,True,,343,11,13,train,30,30,drop,42
Validation_Data_Master/UVD-2195,Validation_Data_Master/UVD-2195.txt,Validation_Data_Master,0,True,,343,11,13,train,30,30,drop,42
Validation_Data_Master/UVD-2196,Validation_Data_Master/UVD-2196.txt,Validation_Data_Master,0,True,,343,11,13,train,30,30,drop,42
Validation_Data_Master/UVD-2197,Validation_Data_Master/UVD-2197.txt,Validation_Data_Master,0,True,,343,11,13,train,30,30,drop,42
Validation_Data_Master/UVD-2198,Validation_Data_Master/UVD-2198.txt,Validation_Data_Master,0,True,,343,11,13,test,30,30,drop,42
Validation_Data_Master/UVD-2199,Validation_Data_Master/UVD-2199.txt,Validation_Data_Master,0,True,,343,11,13,test,30,30,drop,42
Validation_Data_Master/UVD-2200,Validation_Data_Master/UVD-2200.txt,Validation_Data_Master,0,True,,343,11,13,test,30,30,drop,42
Validation_Data_Master/UVD-2201,Validation_Data_Master/UVD-2201.txt,Validation_Data_Master,0,True,,230,7,20,test,30,30,drop,42
Validation_Data_Master/UVD-2202,Validation_Data_Master/UVD-2202.txt,Validation_Data_Master,0,True,,343,11,13,train,30,30,drop,42
Validation_Data_Master/UVD-2203,Validation_Data_Master/UVD-2203.txt,Validation_Data_Master,0,True,,343,11,13,train,30,30,drop,42
Validation_Data_Master/UVD-2204,Validation_Data_Master/UVD-2204.txt,Validation_Data_Master,0,True,,343,11,13,train,30,30,drop,42
Validation_Data_Master/UVD-2205,Validation_Data_Master/UVD-2205.txt,Validation_Data_Master,0,True,,343,11,13,train,30,30,drop,42
Validation_Data_Master/UVD-2206,Validation_Data_Master/UVD-2206.txt,Validation_Data_Master,0,True,,343,11,13,train,30,30,drop,42
Validation_Data_Master/UVD-2207,Validation_Data_Master/UVD-2207.txt,Validation_Data_Master,0,True,,343,11,13,train,30,30,drop,42
Validation_Data_Master/UVD-2208,Validation_Data_Master/UVD-2208.txt,Validation_Data_Master,0,True,,343,11,13,test,30,30,drop,42
Validation_Data_Master/UVD-2209,Validation_Data_Master/UVD-2209.txt,Validation_Data_Master,0,True,,343,11,13,validation,30,30,drop,42
Validation_Data_Master/UVD-2210,Validation_Data_Master/UVD-2210.txt,Validation_Data_Master,0,True,,343,11,13,validation,30,30,drop,42
Validation_Data_Master/UVD-2211,Validation_Data_Master/UVD-2211.txt,Validation_Data_Master,0,True,,343,11,13,test,30,30,drop,42
Validation_Data_Master/UVD-2212,Validation_Data_Master/UVD-2212.txt,Validation_Data_Master,0,True,,130,4,10,train,30,30,drop,42
Validation_Data_Master/UVD-2213,Validation_Data_Master/UVD-2213.txt,Validation_Data_Master,0,True,,343,11,13,validation,30,30,drop,42
Validation_Data_Master/UVD-2214,Validation_Data_Master/UVD-2214.txt,Validation_Data_Master,0,True,,343,11,13,train,30,30,drop,42
Validation_Data_Master/UVD-2215,Validation_Data_Master/UVD-2215.txt,Validation_Data_Master,0,True,,343,11,13,train,30,30,drop,42
Validation_Data_Master/UVD-2216,Validation_Data_Master/UVD-2216.txt,Validation_Data_Master,0,True,,343,11,13,train,30,30,drop,42
Validation_Data_Master/UVD-2217,Validation_Data_Master/UVD-2217.txt,Validation_Data_Master,0,True,,343,11,13,train,30,30,drop,42
Validation_Data_Master/UVD-2218,Validation_Data_Master/UVD-2218.txt,Validation_Data_Master,0,True,,343,11,13,test,30,30,drop,42
Validation_Data_Master/UVD-2219,Validation_Data_Master/UVD-2219.txt,Validation_Data_Master,0,True,,343,11,13,train,30,30,drop,42
Validation_Data_Master/UVD-2220,Validation_Data_Master/UVD-2220.txt,Validation_Data_Master,0,True,,343,11,13,train,30,30,drop,42
Validation_Data_Master/UVD-2221,Validation_Data_Master/UVD-2221.txt,Validation_Data_Master,0,True,,343,11,13,train,30,30,drop,42
Validation_Data_Master/UVD-2222,Validation_Data_Master/UVD-2222.txt,Validation_Data_Master,0,True,,343,11,13,train,30,30,drop,42
Validation_Data_Master/UVD-2223,Validation_Data_Master/UVD-2223.txt,Validation_Data_Master,0,True,,4094,136,14,train,30,30,drop,42
Validation_Data_Master/UVD-2224,Validation_Data_Master/UVD-2224.txt,Validation_Data_Master,0,True,,2683,89,13,train,30,30,drop,42
Validation_Data_Master/UVD-2225,Validation_Data_Master/UVD-2225.txt,Validation_Data_Master,0,True,,189,6,9,train,30,30,drop,42
Validation_Data_Master/UVD-2226,Validation_Data_Master/UVD-2226.txt,Validation_Data_Master,0,True,,343,11,13,test,30,30,drop,42
Validation_Data_Master/UVD-2227,Validation_Data_Master/UVD-2227.txt,Validation_Data_Master,0,True,,343,11,13,train,30,30,drop,42
Validation_Data_Master/UVD-2228,Validation_Data_Master/UVD-2228.txt,Validation_Data_Master,0,True,,343,11,13,test,30,30,drop,42
Validation_Data_Master/UVD-2229,Validation_Data_Master/UVD-2229.txt,Validation_Data_Master,0,True,,343,11,13,validation,30,30,drop,42
Validation_Data_Master/UVD-2230,Validation_Data_Master/UVD-2230.txt,Validation_Data_Master,0,True,,343,11,13,validation,30,30,drop,42
Validation_Data_Master/UVD-2231,Validation_Data_Master/UVD-2231.txt,Validation_Data_Master,0,True,,343,11,13,train,30,30,drop,42
Validation_Data_Master/UVD-2232,Validation_Data_Master/UVD-2232.txt,Validation_Data_Master,0,True,,343,11,13,train,30,30,drop,42
Validation_Data_Master/UVD-2233,Validation_Data_Master/UVD-2233.txt,Validation_Data_Master,0,True,,343,11,13,test,30,30,drop,42
Validation_Data_Master/UVD-2234,Validation_Data_Master/UVD-2234.txt,Validation_Data_Master,0,True,,343,11,13,train,30,30,drop,42
Validation_Data_Master/UVD-2235,Validation_Data_Master/UVD-2235.txt,Validation_Data_Master,0,True,,343,11,13,train,30,30,drop,42
Validation_Data_Master/UVD-2236,Validation_Data_Master/UVD-2236.txt,Validation_Data_Master,0,True,,242,8,2,train,30,30,drop,42
Validation_Data_Master/UVD-2237,Validation_Data_Master/UVD-2237.txt,Validation_Data_Master,0,True,,343,11,13,validation,30,30,drop,42
Validation_Data_Master/UVD-2238,Validation_Data_Master/UVD-2238.txt,Validation_Data_Master,0,True,,343,11,13,train,30,30,drop,42
Validation_Data_Master/UVD-2239,Validation_Data_Master/UVD-2239.txt,Validation_Data_Master,0,True,,343,11,13,train,30,30,drop,42
Validation_Data_Master/UVD-2240,Validation_Data_Master/UVD-2240.txt,Validation_Data_Master,0,True,,343,11,13,validation,30,30,drop,42
Validation_Data_Master/UVD-2241,Validation_Data_Master/UVD-2241.txt,Validation_Data_Master,0,True,,343,11,13,validation,30,30,drop,42
Validation_Data_Master/UVD-2242,Validation_Data_Master/UVD-2242.txt,Validation_Data_Master,0,True,,343,11,13,train,30,30,drop,42
Validation_Data_Master/UVD-2243,Validation_Data_Master/UVD-2243.txt,Validation_Data_Master,0,True,,343,11,13,train,30,30,drop,42
Validation_Data_Master/UVD-2244,Validation_Data_Master/UVD-2244.txt,Validation_Data_Master,0,True,,343,11,13,train,30,30,drop,42
Validation_Data_Master/UVD-2245,Validation_Data_Master/UVD-2245.txt,Validation_Data_Master,0,True,,343,11,13,test,30,30,drop,42
Validation_Data_Master/UVD-2246,Validation_Data_Master/UVD-2246.txt,Validation_Data_Master,0,True,,343,11,13,validation,30,30,drop,42
Validation_Data_Master/UVD-2247,Validation_Data_Master/UVD-2247.txt,Validation_Data_Master,0,True,,231,7,21,test,30,30,drop,42
Validation_Data_Master/UVD-2248,Validation_Data_Master/UVD-2248.txt,Validation_Data_Master,0,True,,343,11,13,validation,30,30,drop,42
Validation_Data_Master/UVD-2249,Validation_Data_Master/UVD-2249.txt,Validation_Data_Master,0,True,,343,11,13,validation,30,30,drop,42
Validation_Data_Master/UVD-2250,Validation_Data_Master/UVD-2250.txt,Validation_Data_Master,0,True,,343,11,13,train,30,30,drop,42
Validation_Data_Master/UVD-2251,Validation_Data_Master/UVD-2251.txt,Validation_Data_Master,0,True,,343,11,13,train,30,30,drop,42
Validation_Data_Master/UVD-2252,Validation_Data_Master/UVD-2252.txt,Validation_Data_Master,0,True,,343,11,13,train,30,30,drop,42
Validation_Data_Master/UVD-2253,Validation_Data_Master/UVD-2253.txt,Validation_Data_Master,0,True,,343,11,13,train,30,30,drop,42
Validation_Data_Master/UVD-2254,Validation_Data_Master/UVD-2254.txt,Validation_Data_Master,0,True,,343,11,13,train,30,30,drop,42
Validation_Data_Master/UVD-2255,Validation_Data_Master/UVD-2255.txt,Validation_Data_Master,0,True,,343,11,13,train,30,30,drop,42
Validation_Data_Master/UVD-2256,Validation_Data_Master/UVD-2256.txt,Validation_Data_Master,0,True,,343,11,13,train,30,30,drop,42
Validation_Data_Master/UVD-2257,Validation_Data_Master/UVD-2257.txt,Validation_Data_Master,0,True,,343,11,13,train,30,30,drop,42
Validation_Data_Master/UVD-2258,Validation_Data_Master/UVD-2258.txt,Validation_Data_Master,0,True,,110,3,20,train,30,30,drop,42
Validation_Data_Master/UVD-2259,Validation_Data_Master/UVD-2259.txt,Validation_Data_Master,0,True,,343,11,13,train,30,30,drop,42
Validation_Data_Master/UVD-2260,Validation_Data_Master/UVD-2260.txt,Validation_Data_Master,0,True,,343,11,13,train,30,30,drop,42
Validation_Data_Master/UVD-2261,Validation_Data_Master/UVD-2261.txt,Validation_Data_Master,0,True,,343,11,13,test,30,30,drop,42
Validation_Data_Master/UVD-2262,Validation_Data_Master/UVD-2262.txt,Validation_Data_Master,0,True,,343,11,13,train,30,30,drop,42
Validation_Data_Master/UVD-2263,Validation_Data_Master/UVD-2263.txt,Validation_Data_Master,0,True,,343,11,13,train,30,30,drop,42
Validation_Data_Master/UVD-2264,Validation_Data_Master/UVD-2264.txt,Validation_Data_Master,0,True,,343,11,13,train,30,30,drop,42
Validation_Data_Master/UVD-2265,Validation_Data_Master/UVD-2265.txt,Validation_Data_Master,0,True,,343,11,13,test,30,30,drop,42
Validation_Data_Master/UVD-2266,Validation_Data_Master/UVD-2266.txt,Validation_Data_Master,0,True,,343,11,13,test,30,30,drop,42
Validation_Data_Master/UVD-2267,Validation_Data_Master/UVD-2267.txt,Validation_Data_Master,0,True,,343,11,13,train,30,30,drop,42
Validation_Data_Master/UVD-2268,Validation_Data_Master/UVD-2268.txt,Validation_Data_Master,0,True,,343,11,13,train,30,30,drop,42
Validation_Data_Master/UVD-2269,Validation_Data_Master/UVD-2269.txt,Validation_Data_Master,0,True,,189,6,9,train,30,30,drop,42
Validation_Data_Master/UVD-2270,Validation_Data_Master/UVD-2270.txt,Validation_Data_Master,0,True,,343,11,13,train,30,30,drop,42
Validation_Data_Master/UVD-2271,Validation_Data_Master/UVD-2271.txt,Validation_Data_Master,0,True,,343,11,13,train,30,30,drop,42
Validation_Data_Master/UVD-2272,Validation_Data_Master/UVD-2272.txt,Validation_Data_Master,0,True,,343,11,13,validation,30,30,drop,42
Validation_Data_Master/UVD-2273,Validation_Data_Master/UVD-2273.txt,Validation_Data_Master,0,True,,343,11,13,train,30,30,drop,42
Validation_Data_Master/UVD-2274,Validation_Data_Master/UVD-2274.txt,Validation_Data_Master,0,True,,343,11,13,train,30,30,drop,42
Validation_Data_Master/UVD-2275,Validation_Data_Master/UVD-2275.txt,Validation_Data_Master,0,True,,343,11,13,train,30,30,drop,42
Validation_Data_Master/UVD-2276,Validation_Data_Master/UVD-2276.txt,Validation_Data_Master,0,True,,343,11,13,validation,30,30,drop,42
Validation_Data_Master/UVD-2277,Validation_Data_Master/UVD-2277.txt,Validation_Data_Master,0,True,,343,11,13,test,30,30,drop,42
Validation_Data_Master/UVD-2278,Validation_Data_Master/UVD-2278.txt,Validation_Data_Master,0,True,,343,11,13,test,30,30,drop,42
Validation_Data_Master/UVD-2279,Validation_Data_Master/UVD-2279.txt,Validation_Data_Master,0,True,,343,11,13,test,30,30,drop,42
Validation_Data_Master/UVD-2280,Validation_Data_Master/UVD-2280.txt,Validation_Data_Master,0,True,,189,6,9,train,30,30,drop,42
Validation_Data_Master/UVD-2281,Validation_Data_Master/UVD-2281.txt,Validation_Data_Master,0,True,,343,11,13,train,30,30,drop,42
Validation_Data_Master/UVD-2282,Validation_Data_Master/UVD-2282.txt,Validation_Data_Master,0,True,,343,11,13,train,30,30,drop,42
Validation_Data_Master/UVD-2283,Validation_Data_Master/UVD-2283.txt,Validation_Data_Master,0,True,,343,11,13,train,30,30,drop,42
Validation_Data_Master/UVD-2284,Validation_Data_Master/UVD-2284.txt,Validation_Data_Master,0,True,,343,11,13,test,30,30,drop,42
Validation_Data_Master/UVD-2285,Validation_Data_Master/UVD-2285.txt,Validation_Data_Master,0,True,,343,11,13,train,30,30,drop,42
Validation_Data_Master/UVD-2286,Validation_Data_Master/UVD-2286.txt,Validation_Data_Master,0,True,,343,11,13,train,30,30,drop,42
Validation_Data_Master/UVD-2287,Validation_Data_Master/UVD-2287.txt,Validation_Data_Master,0,True,,343,11,13,test,30,30,drop,42
Validation_Data_Master/UVD-2288,Validation_Data_Master/UVD-2288.txt,Validation_Data_Master,0,True,,343,11,13,train,30,30,drop,42
Validation_Data_Master/UVD-2289,Validation_Data_Master/UVD-2289.txt,Validation_Data_Master,0,True,,343,11,13,train,30,30,drop,42
Validation_Data_Master/UVD-2290,Validation_Data_Master/UVD-2290.txt,Validation_Data_Master,0,True,,343,11,13,train,30,30,drop,42
Validation_Data_Master/UVD-2291,Validation_Data_Master/UVD-2291.txt,Validation_Data_Master,0,True,,110,3,20,train,30,30,drop,42
Validation_Data_Master/UVD-2292,Validation_Data_Master/UVD-2292.txt,Validation_Data_Master,0,True,,343,11,13,train,30,30,drop,42
Validation_Data_Master/UVD-2293,Validation_Data_Master/UVD-2293.txt,Validation_Data_Master,0,True,,343,11,13,train,30,30,drop,42
Validation_Data_Master/UVD-2294,Validation_Data_Master/UVD-2294.txt,Validation_Data_Master,0,True,,343,11,13,validation,30,30,drop,42
Validation_Data_Master/UVD-2295,Validation_Data_Master/UVD-2295.txt,Validation_Data_Master,0,True,,343,11,13,test,30,30,drop,42
Validation_Data_Master/UVD-2296,Validation_Data_Master/UVD-2296.txt,Validation_Data_Master,0,True,,343,11,13,train,30,30,drop,42
Validation_Data_Master/UVD-2297,Validation_Data_Master/UVD-2297.txt,Validation_Data_Master,0,True,,343,11,13,train,30,30,drop,42
Validation_Data_Master/UVD-2298,Validation_Data_Master/UVD-2298.txt,Validation_Data_Master,0,True,,343,11,13,validation,30,30,drop,42
Validation_Data_Master/UVD-2299,Validation_Data_Master/UVD-2299.txt,Validation_Data_Master,0,True,,343,11,13,train,30,30,drop,42
Validation_Data_Master/UVD-2300,Validation_Data_Master/UVD-2300.txt,Validation_Data_Master,0,True,,343,11,13,train,30,30,drop,42
Validation_Data_Master/UVD-2301,Validation_Data_Master/UVD-2301.txt,Validation_Data_Master,0,True,,343,11,13,test,30,30,drop,42
Validation_Data_Master/UVD-2302,Validation_Data_Master/UVD-2302.txt,Validation_Data_Master,0,True,,220,7,10,train,30,30,drop,42
Validation_Data_Master/UVD-2303,Validation_Data_Master/UVD-2303.txt,Validation_Data_Master,0,True,,343,11,13,train,30,30,drop,42
Validation_Data_Master/UVD-2304,Validation_Data_Master/UVD-2304.txt,Validation_Data_Master,0,True,,343,11,13,test,30,30,drop,42
Validation_Data_Master/UVD-2305,Validation_Data_Master/UVD-2305.txt,Validation_Data_Master,0,True,,343,11,13,test,30,30,drop,42
Validation_Data_Master/UVD-2306,Validation_Data_Master/UVD-2306.txt,Validation_Data_Master,0,True,,343,11,13,train,30,30,drop,42
Validation_Data_Master/UVD-2307,Validation_Data_Master/UVD-2307.txt,Validation_Data_Master,0,True,,343,11,13,train,30,30,drop,42
Validation_Data_Master/UVD-2308,Validation_Data_Master/UVD-2308.txt,Validation_Data_Master,0,True,,343,11,13,train,30,30,drop,42
Validation_Data_Master/UVD-2309,Validation_Data_Master/UVD-2309.txt,Validation_Data_Master,0,True,,343,11,13,train,30,30,drop,42
Validation_Data_Master/UVD-2310,Validation_Data_Master/UVD-2310.txt,Validation_Data_Master,0,True,,343,11,13,train,30,30,drop,42
Validation_Data_Master/UVD-2311,Validation_Data_Master/UVD-2311.txt,Validation_Data_Master,0,True,,343,11,13,test,30,30,drop,42
Validation_Data_Master/UVD-2312,Validation_Data_Master/UVD-2312.txt,Validation_Data_Master,0,True,,346,11,16,train,30,30,drop,42
Validation_Data_Master/UVD-2313,Validation_Data_Master/UVD-2313.txt,Validation_Data_Master,0,True,,290,9,20,train,30,30,drop,42
Validation_Data_Master/UVD-2314,Validation_Data_Master/UVD-2314.txt,Validation_Data_Master,0,True,,343,11,13,train,30,30,drop,42
Validation_Data_Master/UVD-2315,Validation_Data_Master/UVD-2315.txt,Validation_Data_Master,0,True,,343,11,13,validation,30,30,drop,42
Validation_Data_Master/UVD-2316,Validation_Data_Master/UVD-2316.txt,Validation_Data_Master,0,True,,343,11,13,train,30,30,drop,42
Validation_Data_Master/UVD-2317,Validation_Data_Master/UVD-2317.txt,Validation_Data_Master,0,True,,343,11,13,train,30,30,drop,42
Validation_Data_Master/UVD-2318,Validation_Data_Master/UVD-2318.txt,Validation_Data_Master,0,True,,343,11,13,test,30,30,drop,42
Validation_Data_Master/UVD-2319,Validation_Data_Master/UVD-2319.txt,Validation_Data_Master,0,True,,343,11,13,train,30,30,drop,42
Validation_Data_Master/UVD-2320,Validation_Data_Master/UVD-2320.txt,Validation_Data_Master,0,True,,343,11,13,test,30,30,drop,42
Validation_Data_Master/UVD-2321,Validation_Data_Master/UVD-2321.txt,Validation_Data_Master,0,True,,343,11,13,validation,30,30,drop,42
Validation_Data_Master/UVD-2322,Validation_Data_Master/UVD-2322.txt,Validation_Data_Master,0,True,,343,11,13,train,30,30,drop,42
Validation_Data_Master/UVD-2323,Validation_Data_Master/UVD-2323.txt,Validation_Data_Master,0,True,,343,11,13,train,30,30,drop,42
Validation_Data_Master/UVD-2324,Validation_Data_Master/UVD-2324.txt,Validation_Data_Master,0,True,,1305,43,15,train,30,30,drop,42
Validation_Data_Master/UVD-2325,Validation_Data_Master/UVD-2325.txt,Validation_Data_Master,0,True,,343,11,13,train,30,30,drop,42
Validation_Data_Master/UVD-2326,Validation_Data_Master/UVD-2326.txt,Validation_Data_Master,0,True,,343,11,13,test,30,30,drop,42
Validation_Data_Master/UVD-2327,Validation_Data_Master/UVD-2327.txt,Validation_Data_Master,0,True,,343,11,13,train,30,30,drop,42
Validation_Data_Master/UVD-2328,Validation_Data_Master/UVD-2328.txt,Validation_Data_Master,0,True,,343,11,13,train,30,30,drop,42
Validation_Data_Master/UVD-2329,Validation_Data_Master/UVD-2329.txt,Validation_Data_Master,0,True,,343,11,13,train,30,30,drop,42
Validation_Data_Master/UVD-2330,Validation_Data_Master/UVD-2330.txt,Validation_Data_Master,0,True,,343,11,13,test,30,30,drop,42
Validation_Data_Master/UVD-2331,Validation_Data_Master/UVD-2331.txt,Validation_Data_Master,0,True,,343,11,13,validation,30,30,drop,42
Validation_Data_Master/UVD-2332,Validation_Data_Master/UVD-2332.txt,Validation_Data_Master,0,True,,343,11,13,test,30,30,drop,42
Validation_Data_Master/UVD-2333,Validation_Data_Master/UVD-2333.txt,Validation_Data_Master,0,True,,343,11,13,validation,30,30,drop,42
Validation_Data_Master/UVD-2334,Validation_Data_Master/UVD-2334.txt,Validation_Data_Master,0,True,,343,11,13,train,30,30,drop,42
Validation_Data_Master/UVD-2335,Validation_Data_Master/UVD-2335.txt,Validation_Data_Master,0,True,,2409,80,9,train,30,30,drop,42
Validation_Data_Master/UVD-2336,Validation_Data_Master/UVD-2336.txt,Validation_Data_Master,0,True,,343,11,13,train,30,30,drop,42
Validation_Data_Master/UVD-2337,Validation_Data_Master/UVD-2337.txt,Validation_Data_Master,0,True,,343,11,13,train,30,30,drop,42
Validation_Data_Master/UVD-2338,Validation_Data_Master/UVD-2338.txt,Validation_Data_Master,0,True,,343,11,13,test,30,30,drop,42
Validation_Data_Master/UVD-2339,Validation_Data_Master/UVD-2339.txt,Validation_Data_Master,0,True,,343,11,13,train,30,30,drop,42
Validation_Data_Master/UVD-2340,Validation_Data_Master/UVD-2340.txt,Validation_Data_Master,0,True,,343,11,13,train,30,30,drop,42
Validation_Data_Master/UVD-2341,Validation_Data_Master/UVD-2341.txt,Validation_Data_Master,0,True,,343,11,13,train,30,30,drop,42
Validation_Data_Master/UVD-2342,Validation_Data_Master/UVD-2342.txt,Validation_Data_Master,0,True,,343,11,13,train,30,30,drop,42
Validation_Data_Master/UVD-2343,Validation_Data_Master/UVD-2343.txt,Validation_Data_Master,0,True,,343,11,13,train,30,30,drop,42
Validation_Data_Master/UVD-2344,Validation_Data_Master/UVD-2344.txt,Validation_Data_Master,0,True,,343,11,13,train,30,30,drop,42
Validation_Data_Master/UVD-2345,Validation_Data_Master/UVD-2345.txt,Validation_Data_Master,0,True,,343,11,13,train,30,30,drop,42
Validation_Data_Master/UVD-2346,Validation_Data_Master/UVD-2346.txt,Validation_Data_Master,0,True,,343,11,13,train,30,30,drop,42
Validation_Data_Master/UVD-2347,Validation_Data_Master/UVD-2347.txt,Validation_Data_Master,0,True,,110,3,20,train,30,30,drop,42
Validation_Data_Master/UVD-2348,Validation_Data_Master/UVD-2348.txt,Validation_Data_Master,0,True,,343,11,13,validation,30,30,drop,42
Validation_Data_Master/UVD-2349,Validation_Data_Master/UVD-2349.txt,Validation_Data_Master,0,True,,343,11,13,validation,30,30,drop,42
Validation_Data_Master/UVD-2350,Validation_Data_Master/UVD-2350.txt,Validation_Data_Master,0,True,,343,11,13,train,30,30,drop,42
Validation_Data_Master/UVD-2351,Validation_Data_Master/UVD-2351.txt,Validation_Data_Master,0,True,,343,11,13,test,30,30,drop,42
Validation_Data_Master/UVD-2352,Validation_Data_Master/UVD-2352.txt,Validation_Data_Master,0,True,,343,11,13,train,30,30,drop,42
Validation_Data_Master/UVD-2353,Validation_Data_Master/UVD-2353.txt,Validation_Data_Master,0,True,,343,11,13,train,30,30,drop,42
Validation_Data_Master/UVD-2354,Validation_Data_Master/UVD-2354.txt,Validation_Data_Master,0,True,,343,11,13,train,30,30,drop,42
Validation_Data_Master/UVD-2355,Validation_Data_Master/UVD-2355.txt,Validation_Data_Master,0,True,,343,11,13,train,30,30,drop,42
Validation_Data_Master/UVD-2356,Validation_Data_Master/UVD-2356.txt,Validation_Data_Master,0,True,,379,12,19,validation,30,30,drop,42
Validation_Data_Master/UVD-2357,Validation_Data_Master/UVD-2357.txt,Validation_Data_Master,0,True,,343,11,13,train,30,30,drop,42
Validation_Data_Master/UVD-2358,Validation_Data_Master/UVD-2358.txt,Validation_Data_Master,0,True,,343,11,13,train,30,30,drop,42
Validation_Data_Master/UVD-2359,Validation_Data_Master/UVD-2359.txt,Validation_Data_Master,0,True,,343,11,13,test,30,30,drop,42
Validation_Data_Master/UVD-2360,Validation_Data_Master/UVD-2360.txt,Validation_Data_Master,0,True,,343,11,13,train,30,30,drop,42
Validation_Data_Master/UVD-2361,Validation_Data_Master/UVD-2361.txt,Validation_Data_Master,0,True,,343,11,13,validation,30,30,drop,42
Validation_Data_Master/UVD-2362,Validation_Data_Master/UVD-2362.txt,Validation_Data_Master,0,True,,343,11,13,test,30,30,drop,42
Validation_Data_Master/UVD-2363,Validation_Data_Master/UVD-2363.txt,Validation_Data_Master,0,True,,343,11,13,train,30,30,drop,42
Validation_Data_Master/UVD-2364,Validation_Data_Master/UVD-2364.txt,Validation_Data_Master,0,True,,343,11,13,train,30,30,drop,42
Validation_Data_Master/UVD-2365,Validation_Data_Master/UVD-2365.txt,Validation_Data_Master,0,True,,343,11,13,test,30,30,drop,42
Validation_Data_Master/UVD-2366,Validation_Data_Master/UVD-2366.txt,Validation_Data_Master,0,True,,343,11,13,train,30,30,drop,42
Validation_Data_Master/UVD-2367,Validation_Data_Master/UVD-2367.txt,Validation_Data_Master,0,True,,343,11,13,train,30,30,drop,42
Validation_Data_Master/UVD-2368,Validation_Data_Master/UVD-2368.txt,Validation_Data_Master,0,True,,343,11,13,validation,30,30,drop,42
Validation_Data_Master/UVD-2369,Validation_Data_Master/UVD-2369.txt,Validation_Data_Master,0,True,,684,22,24,train,30,30,drop,42
Validation_Data_Master/UVD-2370,Validation_Data_Master/UVD-2370.txt,Validation_Data_Master,0,True,,343,11,13,test,30,30,drop,42
Validation_Data_Master/UVD-2371,Validation_Data_Master/UVD-2371.txt,Validation_Data_Master,0,True,,343,11,13,test,30,30,drop,42
Validation_Data_Master/UVD-2372,Validation_Data_Master/UVD-2372.txt,Validation_Data_Master,0,True,,343,11,13,train,30,30,drop,42
Validation_Data_Master/UVD-2373,Validation_Data_Master/UVD-2373.txt,Validation_Data_Master,0,True,,343,11,13,train,30,30,drop,42
Validation_Data_Master/UVD-2374,Validation_Data_Master/UVD-2374.txt,Validation_Data_Master,0,True,,343,11,13,train,30,30,drop,42
Validation_Data_Master/UVD-2375,Validation_Data_Master/UVD-2375.txt,Validation_Data_Master,0,True,,343,11,13,train,30,30,drop,42
Validation_Data_Master/UVD-2376,Validation_Data_Master/UVD-2376.txt,Validation_Data_Master,0,True,,343,11,13,train,30,30,drop,42
Validation_Data_Master/UVD-2377,Validation_Data_Master/UVD-2377.txt,Validation_Data_Master,0,True,,343,11,13,train,30,30,drop,42
Validation_Data_Master/UVD-2378,Validation_Data_Master/UVD-2378.txt,Validation_Data_Master,0,True,,458,15,8,test,30,30,drop,42
Validation_Data_Master/UVD-2379,Validation_Data_Master/UVD-2379.txt,Validation_Data_Master,0,True,,343,11,13,train,30,30,drop,42
Validation_Data_Master/UVD-2380,Validation_Data_Master/UVD-2380.txt,Validation_Data_Master,0,True,,119,3,29,train,30,30,drop,42
Validation_Data_Master/UVD-2381,Validation_Data_Master/UVD-2381.txt,Validation_Data_Master,0,True,,1134,37,24,train,30,30,drop,42
Validation_Data_Master/UVD-2382,Validation_Data_Master/UVD-2382.txt,Validation_Data_Master,0,True,,343,11,13,validation,30,30,drop,42
Validation_Data_Master/UVD-2383,Validation_Data_Master/UVD-2383.txt,Validation_Data_Master,0,True,,496,16,16,validation,30,30,drop,42
Validation_Data_Master/UVD-2384,Validation_Data_Master/UVD-2384.txt,Validation_Data_Master,0,True,,343,11,13,train,30,30,drop,42
Validation_Data_Master/UVD-2385,Validation_Data_Master/UVD-2385.txt,Validation_Data_Master,0,True,,93,3,3,train,30,30,drop,42
Validation_Data_Master/UVD-2386,Validation_Data_Master/UVD-2386.txt,Validation_Data_Master,0,True,,343,11,13,train,30,30,drop,42
Validation_Data_Master/UVD-2387,Validation_Data_Master/UVD-2387.txt,Validation_Data_Master,0,True,,369,12,9,train,30,30,drop,42
Validation_Data_Master/UVD-2388,Validation_Data_Master/UVD-2388.txt,Validation_Data_Master,0,True,,343,11,13,test,30,30,drop,42
Validation_Data_Master/UVD-2389,Validation_Data_Master/UVD-2389.txt,Validation_Data_Master,0,True,,343,11,13,train,30,30,drop,42
Validation_Data_Master/UVD-2390,Validation_Data_Master/UVD-2390.txt,Validation_Data_Master,0,True,,343,11,13,train,30,30,drop,42
Validation_Data_Master/UVD-2391,Validation_Data_Master/UVD-2391.txt,Validation_Data_Master,0,True,,360,12,0,test,30,30,drop,42
Validation_Data_Master/UVD-2392,Validation_Data_Master/UVD-2392.txt,Validation_Data_Master,0,True,,246,8,6,train,30,30,drop,42
Validation_Data_Master/UVD-2393,Validation_Data_Master/UVD-2393.txt,Validation_Data_Master,0,True,,249,8,9,train,30,30,drop,42
Validation_Data_Master/UVD-2394,Validation_Data_Master/UVD-2394.txt,Validation_Data_Master,0,True,,343,11,13,train,30,30,drop,42
Validation_Data_Master/UVD-2395,Validation_Data_Master/UVD-2395.txt,Validation_Data_Master,0,True,,93,3,3,train,30,30,drop,42
Validation_Data_Master/UVD-2396,Validation_Data_Master/UVD-2396.txt,Validation_Data_Master,0,True,,343,11,13,train,30,30,drop,42
Validation_Data_Master/UVD-2397,Validation_Data_Master/UVD-2397.txt,Validation_Data_Master,0,True,,357,11,27,train,30,30,drop,42
Validation_Data_Master/UVD-2398,Validation_Data_Master/UVD-2398.txt,Validation_Data_Master,0,True,,343,11,13,train,30,30,drop,42
Validation_Data_Master/UVD-2399,Validation_Data_Master/UVD-2399.txt,Validation_Data_Master,0,True,,343,11,13,train,30,30,drop,42
Validation_Data_Master/UVD-2400,Validation_Data_Master/UVD-2400.txt,Validation_Data_Master,0,True,,103,3,13,train,30,30,drop,42
Validation_Data_Master/UVD-2401,Validation_Data_Master/UVD-2401.txt,Validation_Data_Master,0,True,,343,11,13,train,30,30,drop,42
Validation_Data_Master/UVD-2402,Validation_Data_Master/UVD-2402.txt,Validation_Data_Master,0,True,,299,9,29,train,30,30,drop,42
Validation_Data_Master/UVD-2403,Validation_Data_Master/UVD-2403.txt,Validation_Data_Master,0,True,,123,4,3,train,30,30,drop,42
Validation_Data_Master/UVD-2404,Validation_Data_Master/UVD-2404.txt,Validation_Data_Master,0,True,,343,11,13,train,30,30,drop,42
Validation_Data_Master/UVD-2405,Validation_Data_Master/UVD-2405.txt,Validation_Data_Master,0,True,,343,11,13,train,30,30,drop,42
Validation_Data_Master/UVD-2406,Validation_Data_Master/UVD-2406.txt,Validation_Data_Master,0,True,,146,4,26,train,30,30,drop,42
Validation_Data_Master/UVD-2407,Validation_Data_Master/UVD-2407.txt,Validation_Data_Master,0,True,,343,11,13,train,30,30,drop,42
Validation_Data_Master/UVD-2408,Validation_Data_Master/UVD-2408.txt,Validation_Data_Master,0,True,,138,4,18,train,30,30,drop,42
Validation_Data_Master/UVD-2409,Validation_Data_Master/UVD-2409.txt,Validation_Data_Master,0,True,,343,11,13,validation,30,30,drop,42
Validation_Data_Master/UVD-2410,Validation_Data_Master/UVD-2410.txt,Validation_Data_Master,0,True,,343,11,13,train,30,30,drop,42
Validation_Data_Master/UVD-2411,Validation_Data_Master/UVD-2411.txt,Validation_Data_Master,0,True,,142,4,22,test,30,30,drop,42
Validation_Data_Master/UVD-2412,Validation_Data_Master/UVD-2412.txt,Validation_Data_Master,0,True,,343,11,13,train,30,30,drop,42
Validation_Data_Master/UVD-2413,Validation_Data_Master/UVD-2413.txt,Validation_Data_Master,0,True,,110,3,20,train,30,30,drop,42
Validation_Data_Master/UVD-2414,Validation_Data_Master/UVD-2414.txt,Validation_Data_Master,0,True,,343,11,13,validation,30,30,drop,42
Validation_Data_Master/UVD-2415,Validation_Data_Master/UVD-2415.txt,Validation_Data_Master,0,True,,752,25,2,validation,30,30,drop,42
Validation_Data_Master/UVD-2416,Validation_Data_Master/UVD-2416.txt,Validation_Data_Master,0,True,,343,11,13,train,30,30,drop,42
Validation_Data_Master/UVD-2417,Validation_Data_Master/UVD-2417.txt,Validation_Data_Master,0,True,,343,11,13,train,30,30,drop,42
Validation_Data_Master/UVD-2418,Validation_Data_Master/UVD-2418.txt,Validation_Data_Master,0,True,,343,11,13,validation,30,30,drop,42
Validation_Data_Master/UVD-2419,Validation_Data_Master/UVD-2419.txt,Validation_Data_Master,0,True,,343,11,13,validation,30,30,drop,42
Validation_Data_Master/UVD-2420,Validation_Data_Master/UVD-2420.txt,Validation_Data_Master,0,True,,343,11,13,validation,30,30,drop,42
Validation_Data_Master/UVD-2421,Validation_Data_Master/UVD-2421.txt,Validation_Data_Master,0,True,,890,29,20,train,30,30,drop,42
Validation_Data_Master/UVD-2422,Validation_Data_Master/UVD-2422.txt,Validation_Data_Master,0,True,,165,5,15,train,30,30,drop,42
Validation_Data_Master/UVD-2423,Validation_Data_Master/UVD-2423.txt,Validation_Data_Master,0,True,,1567,52,7,train,30,30,drop,42
Validation_Data_Master/UVD-2424,Validation_Data_Master/UVD-2424.txt,Validation_Data_Master,0,True,,1305,43,15,test,30,30,drop,42
Validation_Data_Master/UVD-2425,Validation_Data_Master/UVD-2425.txt,Validation_Data_Master,0,True,,1567,52,7,train,30,30,drop,42
Validation_Data_Master/UVD-2426,Validation_Data_Master/UVD-2426.txt,Validation_Data_Master,0,True,,334,11,4,test,30,30,drop,42
Validation_Data_Master/UVD-2427,Validation_Data_Master/UVD-2427.txt,Validation_Data_Master,0,True,,334,11,4,train,30,30,drop,42
Validation_Data_Master/UVD-2428,Validation_Data_Master/UVD-2428.txt,Validation_Data_Master,0,True,,277,9,7,train,30,30,drop,42
Validation_Data_Master/UVD-2429,Validation_Data_Master/UVD-2429.txt,Validation_Data_Master,0,True,,334,11,4,test,30,30,drop,42
Validation_Data_Master/UVD-2430,Validation_Data_Master/UVD-2430.txt,Validation_Data_Master,0,True,,735,24,15,validation,30,30,drop,42
Validation_Data_Master/UVD-2431,Validation_Data_Master/UVD-2431.txt,Validation_Data_Master,0,True,,82,2,22,train,30,30,drop,42
Validation_Data_Master/UVD-2432,Validation_Data_Master/UVD-2432.txt,Validation_Data_Master,0,True,,1443,48,3,train,30,30,drop,42
Validation_Data_Master/UVD-2433,Validation_Data_Master/UVD-2433.txt,Validation_Data_Master,0,True,,249,8,9,train,30,30,drop,42
Validation_Data_Master/UVD-2434,Validation_Data_Master/UVD-2434.txt,Validation_Data_Master,0,True,,167,5,17,train,30,30,drop,42
Validation_Data_Master/UVD-2435,Validation_Data_Master/UVD-2435.txt,Validation_Data_Master,0,True,,95,3,5,validation,30,30,drop,42
Validation_Data_Master/UVD-2436,Validation_Data_Master/UVD-2436.txt,Validation_Data_Master,0,True,,142,4,22,train,30,30,drop,42
Validation_Data_Master/UVD-2437,Validation_Data_Master/UVD-2437.txt,Validation_Data_Master,0,True,,251,8,11,validation,30,30,drop,42
Validation_Data_Master/UVD-2438,Validation_Data_Master/UVD-2438.txt,Validation_Data_Master,0,True,,809,26,29,train,30,30,drop,42
Validation_Data_Master/UVD-2439,Validation_Data_Master/UVD-2439.txt,Validation_Data_Master,0,True,,531,17,21,test,30,30,drop,42
Validation_Data_Master/UVD-2440,Validation_Data_Master/UVD-2440.txt,Validation_Data_Master,0,True,,2838,94,18,train,30,30,drop,42
Validation_Data_Master/UVD-2441,Validation_Data_Master/UVD-2441.txt,Validation_Data_Master,0,True,,1558,51,28,train,30,30,drop,42
Validation_Data_Master/UVD-2442,Validation_Data_Master/UVD-2442.txt,Validation_Data_Master,0,True,,1633,54,13,train,30,30,drop,42
Validation_Data_Master/UVD-2443,Validation_Data_Master/UVD-2443.txt,Validation_Data_Master,0,True,,230,7,20,train,30,30,drop,42
Validation_Data_Master/UVD-2444,Validation_Data_Master/UVD-2444.txt,Validation_Data_Master,0,True,,1504,50,4,train,30,30,drop,42
Validation_Data_Master/UVD-2445,Validation_Data_Master/UVD-2445.txt,Validation_Data_Master,0,True,,2868,95,18,validation,30,30,drop,42
Validation_Data_Master/UVD-2446,Validation_Data_Master/UVD-2446.txt,Validation_Data_Master,0,True,,2444,81,14,validation,30,30,drop,42
Validation_Data_Master/UVD-2447,Validation_Data_Master/UVD-2447.txt,Validation_Data_Master,0,True,,117,3,27,train,30,30,drop,42
Validation_Data_Master/UVD-2448,Validation_Data_Master/UVD-2448.txt,Validation_Data_Master,0,True,,551,18,11,test,30,30,drop,42
Validation_Data_Master/UVD-2449,Validation_Data_Master/UVD-2449.txt,Validation_Data_Master,0,True,,1293,43,3,train,30,30,drop,42
Validation_Data_Master/UVD-2450,Validation_Data_Master/UVD-2450.txt,Validation_Data_Master,0,True,,223,7,13,train,30,30,drop,42
Validation_Data_Master/UVD-2451,Validation_Data_Master/UVD-2451.txt,Validation_Data_Master,0,True,,377,12,17,train,30,30,drop,42
Validation_Data_Master/UVD-2452,Validation_Data_Master/UVD-2452.txt,Validation_Data_Master,0,True,,3039,101,9,train,30,30,drop,42
Validation_Data_Master/UVD-2453,Validation_Data_Master/UVD-2453.txt,Validation_Data_Master,0,True,,708,23,18,train,30,30,drop,42
Validation_Data_Master/UVD-2454,Validation_Data_Master/UVD-2454.txt,Validation_Data_Master,0,True,,1834,61,4,test,30,30,drop,42
Validation_Data_Master/UVD-2455,Validation_Data_Master/UVD-2455.txt,Validation_Data_Master,0,True,,369,12,9,test,30,30,drop,42
Validation_Data_Master/UVD-2456,Validation_Data_Master/UVD-2456.txt,Validation_Data_Master,0,True,,850,28,10,train,30,30,drop,42
Validation_Data_Master/UVD-2457,Validation_Data_Master/UVD-2457.txt,Validation_Data_Master,0,True,,243,8,3,train,30,30,drop,42
Validation_Data_Master/UVD-2458,Validation_Data_Master/UVD-2458.txt,Validation_Data_Master,0,True,,110,3,20,train,30,30,drop,42
Validation_Data_Master/UVD-2459,Validation_Data_Master/UVD-2459.txt,Validation_Data_Master,0,True,,230,7,20,test,30,30,drop,42
Validation_Data_Master/UVD-2460,Validation_Data_Master/UVD-2460.txt,Validation_Data_Master,0,True,,228,7,18,train,30,30,drop,42
Validation_Data_Master/UVD-2461,Validation_Data_Master/UVD-2461.txt,Validation_Data_Master,0,True,,118,3,28,train,30,30,drop,42
Validation_Data_Master/UVD-2462,Validation_Data_Master/UVD-2462.txt,Validation_Data_Master,0,True,,528,17,18,test,30,30,drop,42
Validation_Data_Master/UVD-2463,Validation_Data_Master/UVD-2463.txt,Validation_Data_Master,0,True,,227,7,17,train,30,30,drop,42
Validation_Data_Master/UVD-2464,Validation_Data_Master/UVD-2464.txt,Validation_Data_Master,0,True,,217,7,7,train,30,30,drop,42
Validation_Data_Master/UVD-2465,Validation_Data_Master/UVD-2465.txt,Validation_Data_Master,0,True,,1043,34,23,train,30,30,drop,42
Validation_Data_Master/UVD-2466,Validation_Data_Master/UVD-2466.txt,Validation_Data_Master,0,True,,508,16,28,train,30,30,drop,42
Validation_Data_Master/UVD-2467,Validation_Data_Master/UVD-2467.txt,Validation_Data_Master,0,True,,1844,61,14,train,30,30,drop,42
Validation_Data_Master/UVD-2468,Validation_Data_Master/UVD-2468.txt,Validation_Data_Master,0,True,,202,6,22,train,30,30,drop,42
Validation_Data_Master/UVD-2469,Validation_Data_Master/UVD-2469.txt,Validation_Data_Master,0,True,,437,14,17,test,30,30,drop,42
Validation_Data_Master/UVD-2470,Validation_Data_Master/UVD-2470.txt,Validation_Data_Master,0,True,,112,3,22,train,30,30,drop,42
Validation_Data_Master/UVD-2471,Validation_Data_Master/UVD-2471.txt,Validation_Data_Master,0,True,,206,6,26,train,30,30,drop,42
Validation_Data_Master/UVD-2472,Validation_Data_Master/UVD-2472.txt,Validation_Data_Master,0,True,,142,4,22,train,30,30,drop,42
Validation_Data_Master/UVD-2473,Validation_Data_Master/UVD-2473.txt,Validation_Data_Master,0,True,,452,15,2,validation,30,30,drop,42
Validation_Data_Master/UVD-2474,Validation_Data_Master/UVD-2474.txt,Validation_Data_Master,0,True,,520,17,10,validation,30,30,drop,42
Validation_Data_Master/UVD-2475,Validation_Data_Master/UVD-2475.txt,Validation_Data_Master,0,True,,115,3,25,test,30,30,drop,42
Validation_Data_Master/UVD-2476,Validation_Data_Master/UVD-2476.txt,Validation_Data_Master,0,True,,322,10,22,train,30,30,drop,42
Validation_Data_Master/UVD-2477,Validation_Data_Master/UVD-2477.txt,Validation_Data_Master,0,True,,141,4,21,test,30,30,drop,42
Validation_Data_Master/UVD-2478,Validation_Data_Master/UVD-2478.txt,Validation_Data_Master,0,True,,202,6,22,validation,30,30,drop,42
Validation_Data_Master/UVD-2479,Validation_Data_Master/UVD-2479.txt,Validation_Data_Master,0,True,,374,12,14,test,30,30,drop,42
Validation_Data_Master/UVD-2480,Validation_Data_Master/UVD-2480.txt,Validation_Data_Master,0,True,,110,3,20,validation,30,30,drop,42
Validation_Data_Master/UVD-2481,Validation_Data_Master/UVD-2481.txt,Validation_Data_Master,0,True,,389,12,29,train,30,30,drop,42
Validation_Data_Master/UVD-2482,Validation_Data_Master/UVD-2482.txt,Validation_Data_Master,0,True,,697,23,7,validation,30,30,drop,42
Validation_Data_Master/UVD-2483,Validation_Data_Master/UVD-2483.txt,Validation_Data_Master,0,True,,285,9,15,train,30,30,drop,42
Validation_Data_Master/UVD-2484,Validation_Data_Master/UVD-2484.txt,Validation_Data_Master,0,True,,451,15,1,train,30,30,drop,42
Validation_Data_Master/UVD-2485,Validation_Data_Master/UVD-2485.txt,Validation_Data_Master,0,True,,1176,39,6,test,30,30,drop,42
Validation_Data_Master/UVD-2486,Validation_Data_Master/UVD-2486.txt,Validation_Data_Master,0,True,,517,17,7,train,30,30,drop,42
Validation_Data_Master/UVD-2487,Validation_Data_Master/UVD-2487.txt,Validation_Data_Master,0,True,,399,13,9,validation,30,30,drop,42
Validation_Data_Master/UVD-2488,Validation_Data_Master/UVD-2488.txt,Validation_Data_Master,0,True,,1621,54,1,train,30,30,drop,42
Validation_Data_Master/UVD-2489,Validation_Data_Master/UVD-2489.txt,Validation_Data_Master,0,True,,1805,60,5,train,30,30,drop,42
Validation_Data_Master/UVD-2490,Validation_Data_Master/UVD-2490.txt,Validation_Data_Master,0,True,,166,5,16,train,30,30,drop,42
Validation_Data_Master/UVD-2491,Validation_Data_Master/UVD-2491.txt,Validation_Data_Master,0,True,,211,7,1,train,30,30,drop,42
Validation_Data_Master/UVD-2492,Validation_Data_Master/UVD-2492.txt,Validation_Data_Master,0,True,,1756,58,16,train,30,30,drop,42
Validation_Data_Master/UVD-2493,Validation_Data_Master/UVD-2493.txt,Validation_Data_Master,0,True,,461,15,11,train,30,30,drop,42
Validation_Data_Master/UVD-2494,Validation_Data_Master/UVD-2494.txt,Validation_Data_Master,0,True,,1131,37,21,train,30,30,drop,42
Validation_Data_Master/UVD-2495,Validation_Data_Master/UVD-2495.txt,Validation_Data_Master,0,True,,1648,54,28,train,30,30,drop,42
Validation_Data_Master/UVD-2496,Validation_Data_Master/UVD-2496.txt,Validation_Data_Master,0,True,,523,17,13,train,30,30,drop,42
Validation_Data_Master/UVD-2497,Validation_Data_Master/UVD-2497.txt,Validation_Data_Master,0,True,,1128,37,18,test,30,30,drop,42
Validation_Data_Master/UVD-2498,Validation_Data_Master/UVD-2498.txt,Validation_Data_Master,0,True,,1615,53,25,train,30,30,drop,42
Validation_Data_Master/UVD-2499,Validation_Data_Master/UVD-2499.txt,Validation_Data_Master,0,True,,1016,33,26,train,30,30,drop,42
Validation_Data_Master/UVD-2500,Validation_Data_Master/UVD-2500.txt,Validation_Data_Master,0,True,,120,4,0,validation,30,30,drop,42
Validation_Data_Master/UVD-2501,Validation_Data_Master/UVD-2501.txt,Validation_Data_Master,0,True,,1414,47,4,train,30,30,drop,42
Validation_Data_Master/UVD-2502,Validation_Data_Master/UVD-2502.txt,Validation_Data_Master,0,True,,192,6,12,train,30,30,drop,42
Validation_Data_Master/UVD-2503,Validation_Data_Master/UVD-2503.txt,Validation_Data_Master,0,True,,149,4,29,validation,30,30,drop,42
Validation_Data_Master/UVD-2504,Validation_Data_Master/UVD-2504.txt,Validation_Data_Master,0,True,,483,16,3,validation,30,30,drop,42
Validation_Data_Master/UVD-2505,Validation_Data_Master/UVD-2505.txt,Validation_Data_Master,0,True,,363,12,3,test,30,30,drop,42
Validation_Data_Master/UVD-2506,Validation_Data_Master/UVD-2506.txt,Validation_Data_Master,0,True,,237,7,27,validation,30,30,drop,42
Validation_Data_Master/UVD-2507,Validation_Data_Master/UVD-2507.txt,Validation_Data_Master,0,True,,369,12,9,train,30,30,drop,42
Validation_Data_Master/UVD-2508,Validation_Data_Master/UVD-2508.txt,Validation_Data_Master,0,True,,570,19,0,train,30,30,drop,42
Validation_Data_Master/UVD-2509,Validation_Data_Master/UVD-2509.txt,Validation_Data_Master,0,True,,601,20,1,train,30,30,drop,42
Validation_Data_Master/UVD-2510,Validation_Data_Master/UVD-2510.txt,Validation_Data_Master,0,True,,144,4,24,validation,30,30,drop,42
Validation_Data_Master/UVD-2511,Validation_Data_Master/UVD-2511.txt,Validation_Data_Master,0,True,,247,8,7,train,30,30,drop,42
Validation_Data_Master/UVD-2512,Validation_Data_Master/UVD-2512.txt,Validation_Data_Master,0,True,,132,4,12,test,30,30,drop,42
Validation_Data_Master/UVD-2513,Validation_Data_Master/UVD-2513.txt,Validation_Data_Master,0,True,,452,15,2,train,30,30,drop,42
Validation_Data_Master/UVD-2514,Validation_Data_Master/UVD-2514.txt,Validation_Data_Master,0,True,,389,12,29,validation,30,30,drop,42
Validation_Data_Master/UVD-2515,Validation_Data_Master/UVD-2515.txt,Validation_Data_Master,0,True,,769,25,19,train,30,30,drop,42
Validation_Data_Master/UVD-2516,Validation_Data_Master/UVD-2516.txt,Validation_Data_Master,0,True,,636,21,6,validation,30,30,drop,42
Validation_Data_Master/UVD-2517,Validation_Data_Master/UVD-2517.txt,Validation_Data_Master,0,True,,484,16,4,train,30,30,drop,42
Validation_Data_Master/UVD-2518,Validation_Data_Master/UVD-2518.txt,Validation_Data_Master,0,True,,432,14,12,train,30,30,drop,42
Validation_Data_Master/UVD-2519,Validation_Data_Master/UVD-2519.txt,Validation_Data_Master,0,True,,169,5,19,train,30,30,drop,42
Validation_Data_Master/UVD-2520,Validation_Data_Master/UVD-2520.txt,Validation_Data_Master,0,True,,149,4,29,train,30,30,drop,42
Validation_Data_Master/UVD-2521,Validation_Data_Master/UVD-2521.txt,Validation_Data_Master,0,True,,198,6,18,test,30,30,drop,42
Validation_Data_Master/UVD-2522,Validation_Data_Master/UVD-2522.txt,Validation_Data_Master,0,True,,253,8,13,train,30,30,drop,42
Validation_Data_Master/UVD-2523,Validation_Data_Master/UVD-2523.txt,Validation_Data_Master,0,True,,105,3,15,validation,30,30,drop,42
Validation_Data_Master/UVD-2524,Validation_Data_Master/UVD-2524.txt,Validation_Data_Master,0,True,,1305,43,15,train,30,30,drop,42
Validation_Data_Master/UVD-2525,Validation_Data_Master/UVD-2525.txt,Validation_Data_Master,0,True,,138,4,18,train,30,30,drop,42
Validation_Data_Master/UVD-2526,Validation_Data_Master/UVD-2526.txt,Validation_Data_Master,0,True,,534,17,24,train,30,30,drop,42
Validation_Data_Master/UVD-2527,Validation_Data_Master/UVD-2527.txt,Validation_Data_Master,0,True,,242,8,2,validation,30,30,drop,42
Validation_Data_Master/UVD-2528,Validation_Data_Master/UVD-2528.txt,Validation_Data_Master,0,True,,467,15,17,train,30,30,drop,42
Validation_Data_Master/UVD-2529,Validation_Data_Master/UVD-2529.txt,Validation_Data_Master,0,True,,91,3,1,test,30,30,drop,42
Validation_Data_Master/UVD-2530,Validation_Data_Master/UVD-2530.txt,Validation_Data_Master,0,True,,98,3,8,train,30,30,drop,42
Validation_Data_Master/UVD-2531,Validation_Data_Master/UVD-2531.txt,Validation_Data_Master,0,True,,192,6,12,train,30,30,drop,42
Validation_Data_Master/UVD-2532,Validation_Data_Master/UVD-2532.txt,Validation_Data_Master,0,True,,138,4,18,train,30,30,drop,42
Validation_Data_Master/UVD-2533,Validation_Data_Master/UVD-2533.txt,Validation_Data_Master,0,True,,212,7,2,validation,30,30,drop,42
Validation_Data_Master/UVD-2534,Validation_Data_Master/UVD-2534.txt,Validation_Data_Master,0,True,,216,7,6,validation,30,30,drop,42
Validation_Data_Master/UVD-2535,Validation_Data_Master/UVD-2535.txt,Validation_Data_Master,0,True,,211,7,1,train,30,30,drop,42
Validation_Data_Master/UVD-2536,Validation_Data_Master/UVD-2536.txt,Validation_Data_Master,0,True,,169,5,19,train,30,30,drop,42
Validation_Data_Master/UVD-2537,Validation_Data_Master/UVD-2537.txt,Validation_Data_Master,0,True,,197,6,17,train,30,30,drop,42
Validation_Data_Master/UVD-2538,Validation_Data_Master/UVD-2538.txt,Validation_Data_Master,0,True,,174,5,24,train,30,30,drop,42
Validation_Data_Master/UVD-2539,Validation_Data_Master/UVD-2539.txt,Validation_Data_Master,0,True,,173,5,23,test,30,30,drop,42
Validation_Data_Master/UVD-2540,Validation_Data_Master/UVD-2540.txt,Validation_Data_Master,0,True,,195,6,15,validation,30,30,drop,42
Validation_Data_Master/UVD-2541,Validation_Data_Master/UVD-2541.txt,Validation_Data_Master,0,True,,158,5,8,train,30,30,drop,42
Validation_Data_Master/UVD-2542,Validation_Data_Master/UVD-2542.txt,Validation_Data_Master,0,True,,171,5,21,validation,30,30,drop,42
Validation_Data_Master/UVD-2543,Validation_Data_Master/UVD-2543.txt,Validation_Data_Master,0,True,,317,10,17,train,30,30,drop,42
Validation_Data_Master/UVD-2544,Validation_Data_Master/UVD-2544.txt,Validation_Data_Master,0,True,,1305,43,15,validation,30,30,drop,42
Validation_Data_Master/UVD-2545,Validation_Data_Master/UVD-2545.txt,Validation_Data_Master,0,True,,168,5,18,train,30,30,drop,42
Validation_Data_Master/UVD-2546,Validation_Data_Master/UVD-2546.txt,Validation_Data_Master,0,True,,104,3,14,train,30,30,drop,42
Validation_Data_Master/UVD-2547,Validation_Data_Master/UVD-2547.txt,Validation_Data_Master,0,True,,1545,51,15,train,30,30,drop,42
Validation_Data_Master/UVD-2548,Validation_Data_Master/UVD-2548.txt,Validation_Data_Master,0,True,,1005,33,15,train,30,30,drop,42
Validation_Data_Master/UVD-2549,Validation_Data_Master/UVD-2549.txt,Validation_Data_Master,0,True,,1187,39,17,test,30,30,drop,42
Validation_Data_Master/UVD-2550,Validation_Data_Master/UVD-2550.txt,Validation_Data_Master,0,True,,1475,49,5,train,30,30,drop,42
Validation_Data_Master/UVD-2551,Validation_Data_Master/UVD-2551.txt,Validation_Data_Master,0,True,,919,30,19,train,30,30,drop,42
Validation_Data_Master/UVD-2552,Validation_Data_Master/UVD-2552.txt,Validation_Data_Master,0,True,,1221,40,21,train,30,30,drop,42
Validation_Data_Master/UVD-2553,Validation_Data_Master/UVD-2553.txt,Validation_Data_Master,0,True,,137,4,17,train,30,30,drop,42
Validation_Data_Master/UVD-2554,Validation_Data_Master/UVD-2554.txt,Validation_Data_Master,0,True,,1582,52,22,test,30,30,drop,42
Validation_Data_Master/UVD-2555,Validation_Data_Master/UVD-2555.txt,Validation_Data_Master,0,True,,184,6,4,test,30,30,drop,42
Validation_Data_Master/UVD-2556,Validation_Data_Master/UVD-2556.txt,Validation_Data_Master,0,True,,170,5,20,validation,30,30,drop,42
Validation_Data_Master/UVD-2557,Validation_Data_Master/UVD-2557.txt,Validation_Data_Master,0,True,,3768,125,18,validation,30,30,drop,42
Validation_Data_Master/UVD-2558,Validation_Data_Master/UVD-2558.txt,Validation_Data_Master,0,True,,102,3,12,train,30,30,drop,42
Validation_Data_Master/UVD-2559,Validation_Data_Master/UVD-2559.txt,Validation_Data_Master,0,True,,726,24,6,train,30,30,drop,42
Validation_Data_Master/UVD-2560,Validation_Data_Master/UVD-2560.txt,Validation_Data_Master,0,True,,187,6,7,train,30,30,drop,42
Validation_Data_Master/UVD-2561,Validation_Data_Master/UVD-2561.txt,Validation_Data_Master,0,True,,330,11,0,train,30,30,drop,42
Validation_Data_Master/UVD-2562,Validation_Data_Master/UVD-2562.txt,Validation_Data_Master,0,True,,176,5,26,train,30,30,drop,42
Validation_Data_Master/UVD-2563,Validation_Data_Master/UVD-2563.txt,Validation_Data_Master,0,True,,223,7,13,train,30,30,drop,42
Validation_Data_Master/UVD-2564,Validation_Data_Master/UVD-2564.txt,Validation_Data_Master,0,True,,1567,52,7,train,30,30,drop,42
Validation_Data_Master/UVD-2565,Validation_Data_Master/UVD-2565.txt,Validation_Data_Master,0,True,,324,10,24,train,30,30,drop,42
Validation_Data_Master/UVD-2566,Validation_Data_Master/UVD-2566.txt,Validation_Data_Master,0,True,,292,9,22,train,30,30,drop,42
Validation_Data_Master/UVD-2567,Validation_Data_Master/UVD-2567.txt,Validation_Data_Master,0,True,,977,32,17,validation,30,30,drop,42
Validation_Data_Master/UVD-2568,Validation_Data_Master/UVD-2568.txt,Validation_Data_Master,0,True,,1010,33,20,test,30,30,drop,42
Validation_Data_Master/UVD-2569,Validation_Data_Master/UVD-2569.txt,Validation_Data_Master,0,True,,99,3,9,train,30,30,drop,42
Validation_Data_Master/UVD-2570,Validation_Data_Master/UVD-2570.txt,Validation_Data_Master,0,True,,3133,104,13,train,30,30,drop,42
Validation_Data_Master/UVD-2571,Validation_Data_Master/UVD-2571.txt,Validation_Data_Master,0,True,,1034,34,14,train,30,30,drop,42
Validation_Data_Master/UVD-2572,Validation_Data_Master/UVD-2572.txt,Validation_Data_Master,0,True,,393,13,3,test,30,30,drop,42
Validation_Data_Master/UVD-2573,Validation_Data_Master/UVD-2573.txt,Validation_Data_Master,0,True,,1305,43,15,test,30,30,drop,42
Validation_Data_Master/UVD-2574,Validation_Data_Master/UVD-2574.txt,Validation_Data_Master,0,True,,369,12,9,train,30,30,drop,42
Validation_Data_Master/UVD-2575,Validation_Data_Master/UVD-2575.txt,Validation_Data_Master,0,True,,1095,36,15,validation,30,30,drop,42
Validation_Data_Master/UVD-2576,Validation_Data_Master/UVD-2576.txt,Validation_Data_Master,0,True,,524,17,14,train,30,30,drop,42
Validation_Data_Master/UVD-2577,Validation_Data_Master/UVD-2577.txt,Validation_Data_Master,0,True,,88,2,28,validation,30,30,drop,42
Validation_Data_Master/UVD-2578,Validation_Data_Master/UVD-2578.txt,Validation_Data_Master,0,True,,133,4,13,train,30,30,drop,42
Validation_Data_Master/UVD-2579,Validation_Data_Master/UVD-2579.txt,Validation_Data_Master,0,True,,1305,43,15,test,30,30,drop,42
Validation_Data_Master/UVD-2580,Validation_Data_Master/UVD-2580.txt,Validation_Data_Master,0,True,,1130,37,20,test,30,30,drop,42
Validation_Data_Master/UVD-2581,Validation_Data_Master/UVD-2581.txt,Validation_Data_Master,0,True,,391,13,1,validation,30,30,drop,42
Validation_Data_Master/UVD-2582,Validation_Data_Master/UVD-2582.txt,Validation_Data_Master,0,True,,1307,43,17,train,30,30,drop,42
Validation_Data_Master/UVD-2583,Validation_Data_Master/UVD-2583.txt,Validation_Data_Master,0,True,,206,6,26,train,30,30,drop,42
Validation_Data_Master/UVD-2584,Validation_Data_Master/UVD-2584.txt,Validation_Data_Master,0,True,,107,3,17,train,30,30,drop,42
Validation_Data_Master/UVD-2585,Validation_Data_Master/UVD-2585.txt,Validation_Data_Master,0,True,,447,14,27,train,30,30,drop,42
Validation_Data_Master/UVD-2586,Validation_Data_Master/UVD-2586.txt,Validation_Data_Master,0,True,,369,12,9,validation,30,30,drop,42
Validation_Data_Master/UVD-2587,Validation_Data_Master/UVD-2587.txt,Validation_Data_Master,0,True,,369,12,9,validation,30,30,drop,42
Validation_Data_Master/UVD-2588,Validation_Data_Master/UVD-2588.txt,Validation_Data_Master,0,True,,246,8,6,train,30,30,drop,42
Validation_Data_Master/UVD-2589,Validation_Data_Master/UVD-2589.txt,Validation_Data_Master,0,True,,109,3,19,test,30,30,drop,42
Validation_Data_Master/UVD-2590,Validation_Data_Master/UVD-2590.txt,Validation_Data_Master,0,True,,230,7,20,train,30,30,drop,42
Validation_Data_Master/UVD-2591,Validation_Data_Master/UVD-2591.txt,Validation_Data_Master,0,True,,2424,80,24,train,30,30,drop,42
Validation_Data_Master/UVD-2592,Validation_Data_Master/UVD-2592.txt,Validation_Data_Master,0,True,,206,6,26,train,30,30,drop,42
Validation_Data_Master/UVD-2593,Validation_Data_Master/UVD-2593.txt,Validation_Data_Master,0,True,,130,4,10,train,30,30,drop,42
Validation_Data_Master/UVD-2594,Validation_Data_Master/UVD-2594.txt,Validation_Data_Master,0,True,,189,6,9,train,30,30,drop,42
Validation_Data_Master/UVD-2595,Validation_Data_Master/UVD-2595.txt,Validation_Data_Master,0,True,,206,6,26,test,30,30,drop,42
Validation_Data_Master/UVD-2596,Validation_Data_Master/UVD-2596.txt,Validation_Data_Master,0,True,,458,15,8,train,30,30,drop,42
Validation_Data_Master/UVD-2597,Validation_Data_Master/UVD-2597.txt,Validation_Data_Master,0,True,,242,8,2,train,30,30,drop,42
Validation_Data_Master/UVD-2598,Validation_Data_Master/UVD-2598.txt,Validation_Data_Master,0,True,,481,16,1,train,30,30,drop,42
Validation_Data_Master/UVD-2599,Validation_Data_Master/UVD-2599.txt,Validation_Data_Master,0,True,,231,7,21,train,30,30,drop,42
Validation_Data_Master/UVD-2600,Validation_Data_Master/UVD-2600.txt,Validation_Data_Master,0,True,,189,6,9,train,30,30,drop,42
Validation_Data_Master/UVD-2601,Validation_Data_Master/UVD-2601.txt,Validation_Data_Master,0,True,,189,6,9,train,30,30,drop,42
Validation_Data_Master/UVD-2602,Validation_Data_Master/UVD-2602.txt,Validation_Data_Master,0,True,,107,3,17,validation,30,30,drop,42
Validation_Data_Master/UVD-2603,Validation_Data_Master/UVD-2603.txt,Validation_Data_Master,0,True,,220,7,10,train,30,30,drop,42
Validation_Data_Master/UVD-2604,Validation_Data_Master/UVD-2604.txt,Validation_Data_Master,0,True,,206,6,26,train,30,30,drop,42
Validation_Data_Master/UVD-2605,Validation_Data_Master/UVD-2605.txt,Validation_Data_Master,0,True,,1305,43,15,test,30,30,drop,42
Validation_Data_Master/UVD-2606,Validation_Data_Master/UVD-2606.txt,Validation_Data_Master,0,True,,462,15,12,validation,30,30,drop,42
Validation_Data_Master/UVD-2607,Validation_Data_Master/UVD-2607.txt,Validation_Data_Master,0,True,,355,11,25,train,30,30,drop,42
Validation_Data_Master/UVD-2608,Validation_Data_Master/UVD-2608.txt,Validation_Data_Master,0,True,,1305,43,15,test,30,30,drop,42
Validation_Data_Master/UVD-2609,Validation_Data_Master/UVD-2609.txt,Validation_Data_Master,0,True,,211,7,1,validation,30,30,drop,42
Validation_Data_Master/UVD-2610,Validation_Data_Master/UVD-2610.txt,Validation_Data_Master,0,True,,409,13,19,train,30,30,drop,42
Validation_Data_Master/UVD-2611,Validation_Data_Master/UVD-2611.txt,Validation_Data_Master,0,True,,1305,43,15,train,30,30,drop,42
Validation_Data_Master/UVD-2612,Validation_Data_Master/UVD-2612.txt,Validation_Data_Master,0,True,,211,7,1,train,30,30,drop,42
Validation_Data_Master/UVD-2613,Validation_Data_Master/UVD-2613.txt,Validation_Data_Master,0,True,,107,3,17,train,30,30,drop,42
Validation_Data_Master/UVD-2614,Validation_Data_Master/UVD-2614.txt,Validation_Data_Master,0,True,,677,22,17,test,30,30,drop,42
Validation_Data_Master/UVD-2615,Validation_Data_Master/UVD-2615.txt,Validation_Data_Master,0,True,,1255,41,25,train,30,30,drop,42
Validation_Data_Master/UVD-2616,Validation_Data_Master/UVD-2616.txt,Validation_Data_Master,0,True,,165,5,15,train,30,30,drop,42
Validation_Data_Master/UVD-2617,Validation_Data_Master/UVD-2617.txt,Validation_Data_Master,0,True,,148,4,28,train,30,30,drop,42
Validation_Data_Master/UVD-2618,Validation_Data_Master/UVD-2618.txt,Validation_Data_Master,0,True,,130,4,10,train,30,30,drop,42
Validation_Data_Master/UVD-2619,Validation_Data_Master/UVD-2619.txt,Validation_Data_Master,0,True,,2206,73,16,train,30,30,drop,42
Validation_Data_Master/UVD-2620,Validation_Data_Master/UVD-2620.txt,Validation_Data_Master,0,True,,1301,43,11,train,30,30,drop,42
Validation_Data_Master/UVD-2621,Validation_Data_Master/UVD-2621.txt,Validation_Data_Master,0,True,,149,4,29,test,30,30,drop,42
Validation_Data_Master/UVD-2622,Validation_Data_Master/UVD-2622.txt,Validation_Data_Master,0,True,,149,4,29,train,30,30,drop,42
Validation_Data_Master/UVD-2623,Validation_Data_Master/UVD-2623.txt,Validation_Data_Master,0,True,,247,8,7,train,30,30,drop,42
Validation_Data_Master/UVD-2624,Validation_Data_Master/UVD-2624.txt,Validation_Data_Master,0,True,,107,3,17,train,30,30,drop,42
Validation_Data_Master/UVD-2625,Validation_Data_Master/UVD-2625.txt,Validation_Data_Master,0,True,,149,4,29,train,30,30,drop,42
Validation_Data_Master/UVD-2626,Validation_Data_Master/UVD-2626.txt,Validation_Data_Master,0,True,,477,15,27,train,30,30,drop,42
Validation_Data_Master/UVD-2627,Validation_Data_Master/UVD-2627.txt,Validation_Data_Master,0,True,,149,4,29,train,30,30,drop,42
Validation_Data_Master/UVD-2628,Validation_Data_Master/UVD-2628.txt,Validation_Data_Master,0,True,,1307,43,17,train,30,30,drop,42
Validation_Data_Master/UVD-2629,Validation_Data_Master/UVD-2629.txt,Validation_Data_Master,0,True,,150,5,0,train,30,30,drop,42
Validation_Data_Master/UVD-2630,Validation_Data_Master/UVD-2630.txt,Validation_Data_Master,0,True,,155,5,5,test,30,30,drop,42
Validation_Data_Master/UVD-2631,Validation_Data_Master/UVD-2631.txt,Validation_Data_Master,0,True,,206,6,26,train,30,30,drop,42
Validation_Data_Master/UVD-2632,Validation_Data_Master/UVD-2632.txt,Validation_Data_Master,0,True,,149,4,29,train,30,30,drop,42
Validation_Data_Master/UVD-2633,Validation_Data_Master/UVD-2633.txt,Validation_Data_Master,0,True,,459,15,9,train,30,30,drop,42
Validation_Data_Master/UVD-2634,Validation_Data_Master/UVD-2634.txt,Validation_Data_Master,0,True,,149,4,29,train,30,30,drop,42
Validation_Data_Master/UVD-2635,Validation_Data_Master/UVD-2635.txt,Validation_Data_Master,0,True,,107,3,17,train,30,30,drop,42
Validation_Data_Master/UVD-2636,Validation_Data_Master/UVD-2636.txt,Validation_Data_Master,0,True,,149,4,29,train,30,30,drop,42
Validation_Data_Master/UVD-2637,Validation_Data_Master/UVD-2637.txt,Validation_Data_Master,0,True,,149,4,29,validation,30,30,drop,42
Validation_Data_Master/UVD-2638,Validation_Data_Master/UVD-2638.txt,Validation_Data_Master,0,True,,149,4,29,validation,30,30,drop,42
Validation_Data_Master/UVD-2639,Validation_Data_Master/UVD-2639.txt,Validation_Data_Master,0,True,,149,4,29,train,30,30,drop,42
Validation_Data_Master/UVD-2640,Validation_Data_Master/UVD-2640.txt,Validation_Data_Master,0,True,,657,21,27,train,30,30,drop,42
Validation_Data_Master/UVD-2641,Validation_Data_Master/UVD-2641.txt,Validation_Data_Master,0,True,,155,5,5,validation,30,30,drop,42
Validation_Data_Master/UVD-2642,Validation_Data_Master/UVD-2642.txt,Validation_Data_Master,0,True,,377,12,17,train,30,30,drop,42
Validation_Data_Master/UVD-2643,Validation_Data_Master/UVD-2643.txt,Validation_Data_Master,0,True,,242,8,2,train,30,30,drop,42
Validation_Data_Master/UVD-2644,Validation_Data_Master/UVD-2644.txt,Validation_Data_Master,0,True,,158,5,8,validation,30,30,drop,42
Validation_Data_Master/UVD-2645,Validation_Data_Master/UVD-2645.txt,Validation_Data_Master,0,True,,290,9,20,train,30,30,drop,42
Validation_Data_Master/UVD-2646,Validation_Data_Master/UVD-2646.txt,Validation_Data_Master,0,True,,104,3,14,train,30,30,drop,42
Validation_Data_Master/UVD-2647,Validation_Data_Master/UVD-2647.txt,Validation_Data_Master,0,True,,946,31,16,train,30,30,drop,42
Validation_Data_Master/UVD-2648,Validation_Data_Master/UVD-2648.txt,Validation_Data_Master,0,True,,242,8,2,test,30,30,drop,42
Validation_Data_Master/UVD-2649,Validation_Data_Master/UVD-2649.txt,Validation_Data_Master,0,True,,242,8,2,validation,30,30,drop,42
Validation_Data_Master/UVD-2650,Validation_Data_Master/UVD-2650.txt,Validation_Data_Master,0,True,,262,8,22,train,30,30,drop,42
Validation_Data_Master/UVD-2651,Validation_Data_Master/UVD-2651.txt,Validation_Data_Master,0,True,,242,8,2,test,30,30,drop,42
Validation_Data_Master/UVD-2652,Validation_Data_Master/UVD-2652.txt,Validation_Data_Master,0,True,,96,3,6,train,30,30,drop,42
Validation_Data_Master/UVD-2653,Validation_Data_Master/UVD-2653.txt,Validation_Data_Master,0,True,,255,8,15,validation,30,30,drop,42
Validation_Data_Master/UVD-2654,Validation_Data_Master/UVD-2654.txt,Validation_Data_Master,0,True,,252,8,12,test,30,30,drop,42
Validation_Data_Master/UVD-2655,Validation_Data_Master/UVD-2655.txt,Validation_Data_Master,0,True,,377,12,17,train,30,30,drop,42
Validation_Data_Master/UVD-2656,Validation_Data_Master/UVD-2656.txt,Validation_Data_Master,0,True,,371,12,11,test,30,30,drop,42
Validation_Data_Master/UVD-2657,Validation_Data_Master/UVD-2657.txt,Validation_Data_Master,0,True,,285,9,15,train,30,30,drop,42
Validation_Data_Master/UVD-2658,Validation_Data_Master/UVD-2658.txt,Validation_Data_Master,0,True,,242,8,2,train,30,30,drop,42
Validation_Data_Master/UVD-2659,Validation_Data_Master/UVD-2659.txt,Validation_Data_Master,0,True,,1305,43,15,validation,30,30,drop,42
Validation_Data_Master/UVD-2660,Validation_Data_Master/UVD-2660.txt,Validation_Data_Master,0,True,,1305,43,15,train,30,30,drop,42
Validation_Data_Master/UVD-2661,Validation_Data_Master/UVD-2661.txt,Validation_Data_Master,0,True,,211,7,1,validation,30,30,drop,42
Validation_Data_Master/UVD-2662,Validation_Data_Master/UVD-2662.txt,Validation_Data_Master,0,True,,2217,73,27,train,30,30,drop,42
Validation_Data_Master/UVD-2663,Validation_Data_Master/UVD-2663.txt,Validation_Data_Master,0,True,,211,7,1,train,30,30,drop,42
Validation_Data_Master/UVD-2664,Validation_Data_Master/UVD-2664.txt,Validation_Data_Master,0,True,,1293,43,3,train,30,30,drop,42
Validation_Data_Master/UVD-2665,Validation_Data_Master/UVD-2665.txt,Validation_Data_Master,0,True,,369,12,9,train,30,30,drop,42
Validation_Data_Master/UVD-2666,Validation_Data_Master/UVD-2666.txt,Validation_Data_Master,0,True,,243,8,3,train,30,30,drop,42
Validation_Data_Master/UVD-2667,Validation_Data_Master/UVD-2667.txt,Validation_Data_Master,0,True,,230,7,20,train,30,30,drop,42
Validation_Data_Master/UVD-2668,Validation_Data_Master/UVD-2668.txt,Validation_Data_Master,0,True,,2200,73,10,validation,30,30,drop,42
Validation_Data_Master/UVD-2669,Validation_Data_Master/UVD-2669.txt,Validation_Data_Master,0,True,,1263,42,3,train,30,30,drop,42
Validation_Data_Master/UVD-2670,Validation_Data_Master/UVD-2670.txt,Validation_Data_Master,0,True,,3122,104,2,train,30,30,drop,42
Validation_Data_Master/UVD-2671,Validation_Data_Master/UVD-2671.txt,Validation_Data_Master,0,True,,216,7,6,test,30,30,drop,42
Validation_Data_Master/UVD-2672,Validation_Data_Master/UVD-2672.txt,Validation_Data_Master,0,True,,459,15,9,train,30,30,drop,42
Validation_Data_Master/UVD-2673,Validation_Data_Master/UVD-2673.txt,Validation_Data_Master,0,True,,214,7,4,train,30,30,drop,42
Validation_Data_Master/UVD-2674,Validation_Data_Master/UVD-2674.txt,Validation_Data_Master,0,True,,473,15,23,train,30,30,drop,42
Validation_Data_Master/UVD-2675,Validation_Data_Master/UVD-2675.txt,Validation_Data_Master,0,True,,699,23,9,train,30,30,drop,42
Validation_Data_Master/UVD-2676,Validation_Data_Master/UVD-2676.txt,Validation_Data_Master,0,True,,3666,122,6,test,30,30,drop,42
Validation_Data_Master/UVD-2677,Validation_Data_Master/UVD-2677.txt,Validation_Data_Master,0,True,,254,8,14,train,30,30,drop,42
Validation_Data_Master/UVD-2678,Validation_Data_Master/UVD-2678.txt,Validation_Data_Master,0,True,,725,24,5,train,30,30,drop,42
Validation_Data_Master/UVD-2679,Validation_Data_Master/UVD-2679.txt,Validation_Data_Master,0,True,,251,8,11,train,30,30,drop,42
Validation_Data_Master/UVD-2680,Validation_Data_Master/UVD-2680.txt,Validation_Data_Master,0,True,,343,11,13,train,30,30,drop,42
Validation_Data_Master/UVD-2681,Validation_Data_Master/UVD-2681.txt,Validation_Data_Master,0,True,,93,3,3,validation,30,30,drop,42
Validation_Data_Master/UVD-2682,Validation_Data_Master/UVD-2682.txt,Validation_Data_Master,0,True,,1870,62,10,train,30,30,drop,42
Validation_Data_Master/UVD-2683,Validation_Data_Master/UVD-2683.txt,Validation_Data_Master,0,True,,141,4,21,validation,30,30,drop,42
Validation_Data_Master/UVD-2684,Validation_Data_Master/UVD-2684.txt,Validation_Data_Master,0,True,,697,23,7,train,30,30,drop,42
Validation_Data_Master/UVD-2685,Validation_Data_Master/UVD-2685.txt,Validation_Data_Master,0,True,,697,23,7,train,30,30,drop,42
Validation_Data_Master/UVD-2686,Validation_Data_Master/UVD-2686.txt,Validation_Data_Master,0,True,,696,23,6,train,30,30,drop,42
Validation_Data_Master/UVD-2687,Validation_Data_Master/UVD-2687.txt,Validation_Data_Master,0,True,,2769,92,9,train,30,30,drop,42
Validation_Data_Master/UVD-2688,Validation_Data_Master/UVD-2688.txt,Validation_Data_Master,0,True,,697,23,7,train,30,30,drop,42
Validation_Data_Master/UVD-2689,Validation_Data_Master/UVD-2689.txt,Validation_Data_Master,0,True,,697,23,7,train,30,30,drop,42
Validation_Data_Master/UVD-2690,Validation_Data_Master/UVD-2690.txt,Validation_Data_Master,0,True,,697,23,7,train,30,30,drop,42
Validation_Data_Master/UVD-2691,Validation_Data_Master/UVD-2691.txt,Validation_Data_Master,0,True,,1704,56,24,train,30,30,drop,42
Validation_Data_Master/UVD-2692,Validation_Data_Master/UVD-2692.txt,Validation_Data_Master,0,True,,515,17,5,train,30,30,drop,42
Validation_Data_Master/UVD-2693,Validation_Data_Master/UVD-2693.txt,Validation_Data_Master,0,True,,207,6,27,train,30,30,drop,42
Validation_Data_Master/UVD-2694,Validation_Data_Master/UVD-2694.txt,Validation_Data_Master,0,True,,3087,102,27,train,30,30,drop,42
Validation_Data_Master/UVD-2695,Validation_Data_Master/UVD-2695.txt,Validation_Data_Master,0,True,,1126,37,16,train,30,30,drop,42
Validation_Data_Master/UVD-2696,Validation_Data_Master/UVD-2696.txt,Validation_Data_Master,0,True,,151,5,1,train,30,30,drop,42
Validation_Data_Master/UVD-2697,Validation_Data_Master/UVD-2697.txt,Validation_Data_Master,0,True,,120,4,0,train,30,30,drop,42
Validation_Data_Master/UVD-2698,Validation_Data_Master/UVD-2698.txt,Validation_Data_Master,0,True,,107,3,17,train,30,30,drop,42
Validation_Data_Master/UVD-2699,Validation_Data_Master/UVD-2699.txt,Validation_Data_Master,0,True,,107,3,17,train,30,30,drop,42
Validation_Data_Master/UVD-2700,Validation_Data_Master/UVD-2700.txt,Validation_Data_Master,0,True,,213,7,3,train,30,30,drop,42
Validation_Data_Master/UVD-2701,Validation_Data_Master/UVD-2701.txt,Validation_Data_Master,0,True,,279,9,9,train,30,30,drop,42
Validation_Data_Master/UVD-2702,Validation_Data_Master/UVD-2702.txt,Validation_Data_Master,0,True,,343,11,13,test,30,30,drop,42
Validation_Data_Master/UVD-2703,Validation_Data_Master/UVD-2703.txt,Validation_Data_Master,0,True,,194,6,14,train,30,30,drop,42
Validation_Data_Master/UVD-2704,Validation_Data_Master/UVD-2704.txt,Validation_Data_Master,0,True,,93,3,3,validation,30,30,drop,42
Validation_Data_Master/UVD-2705,Validation_Data_Master/UVD-2705.txt,Validation_Data_Master,0,True,,374,12,14,train,30,30,drop,42
Validation_Data_Master/UVD-2706,Validation_Data_Master/UVD-2706.txt,Validation_Data_Master,0,True,,202,6,22,train,30,30,drop,42
Validation_Data_Master/UVD-2707,Validation_Data_Master/UVD-2707.txt,Validation_Data_Master,0,True,,767,25,17,validation,30,30,drop,42
Validation_Data_Master/UVD-2708,Validation_Data_Master/UVD-2708.txt,Validation_Data_Master,0,True,,378,12,18,train,30,30,drop,42
Validation_Data_Master/UVD-2709,Validation_Data_Master/UVD-2709.txt,Validation_Data_Master,0,True,,340,11,10,test,30,30,drop,42
Validation_Data_Master/UVD-2710,Validation_Data_Master/UVD-2710.txt,Validation_Data_Master,0,True,,188,6,8,train,30,30,drop,42
Validation_Data_Master/UVD-2711,Validation_Data_Master/UVD-2711.txt,Validation_Data_Master,0,True,,807,26,27,train,30,30,drop,42
Validation_Data_Master/UVD-2712,Validation_Data_Master/UVD-2712.txt,Validation_Data_Master,0,True,,145,4,25,validation,30,30,drop,42
Validation_Data_Master/UVD-2713,Validation_Data_Master/UVD-2713.txt,Validation_Data_Master,0,True,,126,4,6,train,30,30,drop,42
Validation_Data_Master/UVD-2714,Validation_Data_Master/UVD-2714.txt,Validation_Data_Master,0,True,,1106,36,26,train,30,30,drop,42
Validation_Data_Master/UVD-2715,Validation_Data_Master/UVD-2715.txt,Validation_Data_Master,0,True,,210,7,0,test,30,30,drop,42
Validation_Data_Master/UVD-2716,Validation_Data_Master/UVD-2716.txt,Validation_Data_Master,0,True,,210,7,0,validation,30,30,drop,42
Validation_Data_Master/UVD-2717,Validation_Data_Master/UVD-2717.txt,Validation_Data_Master,0,True,,122,4,2,train,30,30,drop,42
Validation_Data_Master/UVD-2718,Validation_Data_Master/UVD-2718.txt,Validation_Data_Master,0,True,,116,3,26,test,30,30,drop,42
Validation_Data_Master/UVD-2719,Validation_Data_Master/UVD-2719.txt,Validation_Data_Master,0,True,,179,5,29,train,30,30,drop,42
Validation_Data_Master/UVD-2720,Validation_Data_Master/UVD-2720.txt,Validation_Data_Master,0,True,,226,7,16,validation,30,30,drop,42
Validation_Data_Master/UVD-2721,Validation_Data_Master/UVD-2721.txt,Validation_Data_Master,0,True,,1694,56,14,train,30,30,drop,42
Validation_Data_Master/UVD-2722,Validation_Data_Master/UVD-2722.txt,Validation_Data_Master,0,True,,193,6,13,train,30,30,drop,42
Validation_Data_Master/UVD-2723,Validation_Data_Master/UVD-2723.txt,Validation_Data_Master,0,True,,137,4,17,train,30,30,drop,42
Validation_Data_Master/UVD-2724,Validation_Data_Master/UVD-2724.txt,Validation_Data_Master,0,True,,135,4,15,train,30,30,drop,42
Validation_Data_Master/UVD-2725,Validation_Data_Master/UVD-2725.txt,Validation_Data_Master,0,True,,94,3,4,train,30,30,drop,42
Validation_Data_Master/UVD-2726,Validation_Data_Master/UVD-2726.txt,Validation_Data_Master,0,True,,151,5,1,train,30,30,drop,42
Validation_Data_Master/UVD-2727,Validation_Data_Master/UVD-2727.txt,Validation_Data_Master,0,True,,242,8,2,train,30,30,drop,42
Validation_Data_Master/UVD-2728,Validation_Data_Master/UVD-2728.txt,Validation_Data_Master,0,True,,274,9,4,train,30,30,drop,42
Validation_Data_Master/UVD-2729,Validation_Data_Master/UVD-2729.txt,Validation_Data_Master,0,True,,110,3,20,validation,30,30,drop,42
Validation_Data_Master/UVD-2730,Validation_Data_Master/UVD-2730.txt,Validation_Data_Master,0,True,,329,10,29,train,30,30,drop,42
Validation_Data_Master/UVD-2731,Validation_Data_Master/UVD-2731.txt,Validation_Data_Master,0,True,,151,5,1,train,30,30,drop,42
Validation_Data_Master/UVD-2732,Validation_Data_Master/UVD-2732.txt,Validation_Data_Master,0,True,,110,3,20,validation,30,30,drop,42
Validation_Data_Master/UVD-2733,Validation_Data_Master/UVD-2733.txt,Validation_Data_Master,0,True,,173,5,23,validation,30,30,drop,42
Validation_Data_Master/UVD-2734,Validation_Data_Master/UVD-2734.txt,Validation_Data_Master,0,True,,110,3,20,train,30,30,drop,42
Validation_Data_Master/UVD-2735,Validation_Data_Master/UVD-2735.txt,Validation_Data_Master,0,True,,126,4,6,train,30,30,drop,42
Validation_Data_Master/UVD-2736,Validation_Data_Master/UVD-2736.txt,Validation_Data_Master,0,True,,110,3,20,test,30,30,drop,42
Validation_Data_Master/UVD-2737,Validation_Data_Master/UVD-2737.txt,Validation_Data_Master,0,True,,312,10,12,test,30,30,drop,42
Validation_Data_Master/UVD-2738,Validation_Data_Master/UVD-2738.txt,Validation_Data_Master,0,True,,338,11,8,train,30,30,drop,42
Validation_Data_Master/UVD-2739,Validation_Data_Master/UVD-2739.txt,Validation_Data_Master,0,True,,94,3,4,train,30,30,drop,42
Validation_Data_Master/UVD-2740,Validation_Data_Master/UVD-2740.txt,Validation_Data_Master,0,True,,125,4,5,train,30,30,drop,42
Validation_Data_Master/UVD-2741,Validation_Data_Master/UVD-2741.txt,Validation_Data_Master,0,True,,87,2,27,train,30,30,drop,42
Validation_Data_Master/UVD-2742,Validation_Data_Master/UVD-2742.txt,Validation_Data_Master,0,True,,110,3,20,train,30,30,drop,42
Validation_Data_Master/UVD-2743,Validation_Data_Master/UVD-2743.txt,Validation_Data_Master,0,True,,102,3,12,validation,30,30,drop,42
Validation_Data_Master/UVD-2744,Validation_Data_Master/UVD-2744.txt,Validation_Data_Master,0,True,,133,4,13,train,30,30,drop,42
Validation_Data_Master/UVD-2745,Validation_Data_Master/UVD-2745.txt,Validation_Data_Master,0,True,,138,4,18,train,30,30,drop,42
Validation_Data_Master/UVD-2746,Validation_Data_Master/UVD-2746.txt,Validation_Data_Master,0,True,,343,11,13,train,30,30,drop,42
Validation_Data_Master/UVD-2747,Validation_Data_Master/UVD-2747.txt,Validation_Data_Master,0,True,,302,10,2,validation,30,30,drop,42
Validation_Data_Master/UVD-2748,Validation_Data_Master/UVD-2748.txt,Validation_Data_Master,0,True,,109,3,19,train,30,30,drop,42
Validation_Data_Master/UVD-2749,Validation_Data_Master/UVD-2749.txt,Validation_Data_Master,0,True,,146,4,26,train,30,30,drop,42
Validation_Data_Master/UVD-2750,Validation_Data_Master/UVD-2750.txt,Validation_Data_Master,0,True,,148,4,28,train,30,30,drop,42
Validation_Data_Master/UVD-2751,Validation_Data_Master/UVD-2751.txt,Validation_Data_Master,0,True,,163,5,13,train,30,30,drop,42
Validation_Data_Master/UVD-2752,Validation_Data_Master/UVD-2752.txt,Validation_Data_Master,0,True,,107,3,17,train,30,30,drop,42
Validation_Data_Master/UVD-2753,Validation_Data_Master/UVD-2753.txt,Validation_Data_Master,0,True,,86,2,26,train,30,30,drop,42
Validation_Data_Master/UVD-2754,Validation_Data_Master/UVD-2754.txt,Validation_Data_Master,0,True,,592,19,22,test,30,30,drop,42
Validation_Data_Master/UVD-2755,Validation_Data_Master/UVD-2755.txt,Validation_Data_Master,0,True,,94,3,4,train,30,30,drop,42
Validation_Data_Master/UVD-2756,Validation_Data_Master/UVD-2756.txt,Validation_Data_Master,0,True,,140,4,20,train,30,30,drop,42
Validation_Data_Master/UVD-2757,Validation_Data_Master/UVD-2757.txt,Validation_Data_Master,0,True,,1273,42,13,train,30,30,drop,42
Validation_Data_Master/UVD-2758,Validation_Data_Master/UVD-2758.txt,Validation_Data_Master,0,True,,2364,78,24,train,30,30,drop,42
Validation_Data_Master/UVD-2759,Validation_Data_Master/UVD-2759.txt,Validation_Data_Master,0,True,,110,3,20,train,30,30,drop,42
Validation_Data_Master/UVD-2760,Validation_Data_Master/UVD-2760.txt,Validation_Data_Master,0,True,,144,4,24,train,30,30,drop,42
Validation_Data_Master/UVD-2761,Validation_Data_Master/UVD-2761.txt,Validation_Data_Master,0,True,,549,18,9,train,30,30,drop,42
Validation_Data_Master/UVD-2762,Validation_Data_Master/UVD-2762.txt,Validation_Data_Master,0,True,,173,5,23,validation,30,30,drop,42
Validation_Data_Master/UVD-2763,Validation_Data_Master/UVD-2763.txt,Validation_Data_Master,0,True,,149,4,29,train,30,30,drop,42
Validation_Data_Master/UVD-2764,Validation_Data_Master/UVD-2764.txt,Validation_Data_Master,0,True,,128,4,8,train,30,30,drop,42
Validation_Data_Master/UVD-2765,Validation_Data_Master/UVD-2765.txt,Validation_Data_Master,0,True,,183,6,3,train,30,30,drop,42
Validation_Data_Master/UVD-2766,Validation_Data_Master/UVD-2766.txt,Validation_Data_Master,0,True,,376,12,16,test,30,30,drop,42
Validation_Data_Master/UVD-2767,Validation_Data_Master/UVD-2767.txt,Validation_Data_Master,0,True,,316,10,16,train,30,30,drop,42
Validation_Data_Master/UVD-2768,Validation_Data_Master/UVD-2768.txt,Validation_Data_Master,0,True,,343,11,13,train,30,30,drop,42
Validation_Data_Master/UVD-2769,Validation_Data_Master/UVD-2769.txt,Validation_Data_Master,0,True,,109,3,19,train,30,30,drop,42
Validation_Data_Master/UVD-2770,Validation_Data_Master/UVD-2770.txt,Validation_Data_Master,0,True,,928,30,28,train,30,30,drop,42
Validation_Data_Master/UVD-2771,Validation_Data_Master/UVD-2771.txt,Validation_Data_Master,0,True,,108,3,18,train,30,30,drop,42
Validation_Data_Master/UVD-2772,Validation_Data_Master/UVD-2772.txt,Validation_Data_Master,0,True,,242,8,2,train,30,30,drop,42
Validation_Data_Master/UVD-2773,Validation_Data_Master/UVD-2773.txt,Validation_Data_Master,0,True,,209,6,29,train,30,30,drop,42
Validation_Data_Master/UVD-2774,Validation_Data_Master/UVD-2774.txt,Validation_Data_Master,0,True,,185,6,5,train,30,30,drop,42
Validation_Data_Master/UVD-2775,Validation_Data_Master/UVD-2775.txt,Validation_Data_Master,0,True,,1318,43,28,validation,30,30,drop,42
Validation_Data_Master/UVD-2776,Validation_Data_Master/UVD-2776.txt,Validation_Data_Master,0,True,,418,13,28,train,30,30,drop,42
Validation_Data_Master/UVD-2777,Validation_Data_Master/UVD-2777.txt,Validation_Data_Master,0,True,,119,3,29,train,30,30,drop,42
Validation_Data_Master/UVD-2778,Validation_Data_Master/UVD-2778.txt,Validation_Data_Master,0,True,,123,4,3,train,30,30,drop,42
Validation_Data_Master/UVD-2779,Validation_Data_Master/UVD-2779.txt,Validation_Data_Master,0,True,,2438,81,8,train,30,30,drop,42
Validation_Data_Master/UVD-2780,Validation_Data_Master/UVD-2780.txt,Validation_Data_Master,0,True,,107,3,17,train,30,30,drop,42
Validation_Data_Master/UVD-2781,Validation_Data_Master/UVD-2781.txt,Validation_Data_Master,0,True,,1745,58,5,test,30,30,drop,42
Validation_Data_Master/UVD-2782,Validation_Data_Master/UVD-2782.txt,Validation_Data_Master,0,True,,2239,74,19,train,30,30,drop,42
Validation_Data_Master/UVD-2783,Validation_Data_Master/UVD-2783.txt,Validation_Data_Master,0,True,,125,4,5,train,30,30,drop,42
Validation_Data_Master/UVD-2784,Validation_Data_Master/UVD-2784.txt,Validation_Data_Master,0,True,,202,6,22,train,30,30,drop,42
Validation_Data_Master/UVD-2785,Validation_Data_Master/UVD-2785.txt,Validation_Data_Master,0,True,,1325,44,5,train,30,30,drop,42
Validation_Data_Master/UVD-2786,Validation_Data_Master/UVD-2786.txt,Validation_Data_Master,0,True,,77,2,17,train,30,30,drop,42
Validation_Data_Master/UVD-2787,Validation_Data_Master/UVD-2787.txt,Validation_Data_Master,0,True,,1227,40,27,train,30,30,drop,42
Validation_Data_Master/UVD-2788,Validation_Data_Master/UVD-2788.txt,Validation_Data_Master,0,True,,296,9,26,train,30,30,drop,42
Validation_Data_Master/UVD-2789,Validation_Data_Master/UVD-2789.txt,Validation_Data_Master,0,True,,739,24,19,train,30,30,drop,42
Validation_Data_Master/UVD-2790,Validation_Data_Master/UVD-2790.txt,Validation_Data_Master,0,True,,338,11,8,train,30,30,drop,42
Validation_Data_Master/UVD-2791,Validation_Data_Master/UVD-2791.txt,Validation_Data_Master,0,True,,883,29,13,train,30,30,drop,42
Validation_Data_Master/UVD-2792,Validation_Data_Master/UVD-2792.txt,Validation_Data_Master,0,True,,90,3,0,train,30,30,drop,42
Validation_Data_Master/UVD-2793,Validation_Data_Master/UVD-2793.txt,Validation_Data_Master,0,True,,758,25,8,train,30,30,drop,42
Validation_Data_Master/UVD-2794,Validation_Data_Master/UVD-2794.txt,Validation_Data_Master,0,True,,122,4,2,train,30,30,drop,42
Validation_Data_Master/UVD-2795,Validation_Data_Master/UVD-2795.txt,Validation_Data_Master,0,True,,293,9,23,train,30,30,drop,42
Validation_Data_Master/UVD-2796,Validation_Data_Master/UVD-2796.txt,Validation_Data_Master,0,True,,423,14,3,validation,30,30,drop,42
Validation_Data_Master/UVD-2797,Validation_Data_Master/UVD-2797.txt,Validation_Data_Master,0,True,,464,15,14,train,30,30,drop,42
Validation_Data_Master/UVD-2798,Validation_Data_Master/UVD-2798.txt,Validation_Data_Master,0,True,,358,11,28,validation,30,30,drop,42
Validation_Data_Master/UVD-2799,Validation_Data_Master/UVD-2799.txt,Validation_Data_Master,0,True,,340,11,10,test,30,30,drop,42
Validation_Data_Master/UVD-2800,Validation_Data_Master/UVD-2800.txt,Validation_Data_Master,0,True,,305,10,5,train,30,30,drop,42
Validation_Data_Master/UVD-2801,Validation_Data_Master/UVD-2801.txt,Validation_Data_Master,0,True,,404,13,14,train,30,30,drop,42
Validation_Data_Master/UVD-2802,Validation_Data_Master/UVD-2802.txt,Validation_Data_Master,0,True,,108,3,18,train,30,30,drop,42
Validation_Data_Master/UVD-2803,Validation_Data_Master/UVD-2803.txt,Validation_Data_Master,0,True,,178,5,28,test,30,30,drop,42
Validation_Data_Master/UVD-2804,Validation_Data_Master/UVD-2804.txt,Validation_Data_Master,0,True,,129,4,9,validation,30,30,drop,42
Validation_Data_Master/UVD-2805,Validation_Data_Master/UVD-2805.txt,Validation_Data_Master,0,True,,183,6,3,validation,30,30,drop,42
Validation_Data_Master/UVD-2806,Validation_Data_Master/UVD-2806.txt,Validation_Data_Master,0,True,,184,6,4,train,30,30,drop,42
Validation_Data_Master/UVD-2807,Validation_Data_Master/UVD-2807.txt,Validation_Data_Master,0,True,,105,3,15,train,30,30,drop,42
Validation_Data_Master/UVD-2808,Validation_Data_Master/UVD-2808.txt,Validation_Data_Master,0,True,,155,5,5,train,30,30,drop,42
Validation_Data_Master/UVD-2809,Validation_Data_Master/UVD-2809.txt,Validation_Data_Master,0,True,,108,3,18,train,30,30,drop,42
Validation_Data_Master/UVD-2810,Validation_Data_Master/UVD-2810.txt,Validation_Data_Master,0,True,,1783,59,13,train,30,30,drop,42
Validation_Data_Master/UVD-2811,Validation_Data_Master/UVD-2811.txt,Validation_Data_Master,0,True,,197,6,17,train,30,30,drop,42
Validation_Data_Master/UVD-2812,Validation_Data_Master/UVD-2812.txt,Validation_Data_Master,0,True,,2045,68,5,test,30,30,drop,42
Validation_Data_Master/UVD-2813,Validation_Data_Master/UVD-2813.txt,Validation_Data_Master,0,True,,108,3,18,train,30,30,drop,42
Validation_Data_Master/UVD-2814,Validation_Data_Master/UVD-2814.txt,Validation_Data_Master,0,True,,2452,81,22,train,30,30,drop,42
Validation_Data_Master/UVD-2815,Validation_Data_Master/UVD-2815.txt,Validation_Data_Master,0,True,,602,20,2,train,30,30,drop,42
Validation_Data_Master/UVD-2816,Validation_Data_Master/UVD-2816.txt,Validation_Data_Master,0,True,,474,15,24,validation,30,30,drop,42
Validation_Data_Master/UVD-2817,Validation_Data_Master/UVD-2817.txt,Validation_Data_Master,0,True,,80,2,20,train,30,30,drop,42
Validation_Data_Master/UVD-2818,Validation_Data_Master/UVD-2818.txt,Validation_Data_Master,0,True,,698,23,8,train,30,30,drop,42
Validation_Data_Master/UVD-2819,Validation_Data_Master/UVD-2819.txt,Validation_Data_Master,0,True,,159,5,9,train,30,30,drop,42
Validation_Data_Master/UVD-2820,Validation_Data_Master/UVD-2820.txt,Validation_Data_Master,0,True,,90,3,0,train,30,30,drop,42
Validation_Data_Master/UVD-2821,Validation_Data_Master/UVD-2821.txt,Validation_Data_Master,0,True,,1014,33,24,train,30,30,drop,42
Validation_Data_Master/UVD-2822,Validation_Data_Master/UVD-2822.txt,Validation_Data_Master,0,True,,414,13,24,test,30,30,drop,42
Validation_Data_Master/UVD-2823,Validation_Data_Master/UVD-2823.txt,Validation_Data_Master,0,True,,86,2,26,train,30,30,drop,42
Validation_Data_Master/UVD-2824,Validation_Data_Master/UVD-2824.txt,Validation_Data_Master,0,True,,276,9,6,train,30,30,drop,42
Validation_Data_Master/UVD-2825,Validation_Data_Master/UVD-2825.txt,Validation_Data_Master,0,True,,85,2,25,train,30,30,drop,42
Validation_Data_Master/UVD-2826,Validation_Data_Master/UVD-2826.txt,Validation_Data_Master,0,True,,111,3,21,train,30,30,drop,42
Validation_Data_Master/UVD-2827,Validation_Data_Master/UVD-2827.txt,Validation_Data_Master,0,True,,665,22,5,train,30,30,drop,42
Validation_Data_Master/UVD-2828,Validation_Data_Master/UVD-2828.txt,Validation_Data_Master,0,True,,91,3,1,train,30,30,drop,42
Validation_Data_Master/UVD-2829,Validation_Data_Master/UVD-2829.txt,Validation_Data_Master,0,True,,94,3,4,test,30,30,drop,42
Validation_Data_Master/UVD-2830,Validation_Data_Master/UVD-2830.txt,Validation_Data_Master,0,True,,633,21,3,validation,30,30,drop,42
Validation_Data_Master/UVD-2831,Validation_Data_Master/UVD-2831.txt,Validation_Data_Master,0,True,,415,13,25,train,30,30,drop,42
Validation_Data_Master/UVD-2832,Validation_Data_Master/UVD-2832.txt,Validation_Data_Master,0,True,,547,18,7,train,30,30,drop,42
Validation_Data_Master/UVD-2833,Validation_Data_Master/UVD-2833.txt,Validation_Data_Master,0,True,,691,23,1,train,30,30,drop,42
Validation_Data_Master/UVD-2834,Validation_Data_Master/UVD-2834.txt,Validation_Data_Master,0,True,,681,22,21,train,30,30,drop,42
Validation_Data_Master/UVD-2835,Validation_Data_Master/UVD-2835.txt,Validation_Data_Master,0,True,,110,3,20,train,30,30,drop,42
Validation_Data_Master/UVD-2836,Validation_Data_Master/UVD-2836.txt,Validation_Data_Master,0,True,,379,12,19,train,30,30,drop,42
Validation_Data_Master/UVD-2837,Validation_Data_Master/UVD-2837.txt,Validation_Data_Master,0,True,,113,3,23,validation,30,30,drop,42
Validation_Data_Master/UVD-2838,Validation_Data_Master/UVD-2838.txt,Validation_Data_Master,0,True,,505,16,25,train,30,30,drop,42
Validation_Data_Master/UVD-2839,Validation_Data_Master/UVD-2839.txt,Validation_Data_Master,0,True,,329,10,29,test,30,30,drop,42
Validation_Data_Master/UVD-2840,Validation_Data_Master/UVD-2840.txt,Validation_Data_Master,0,True,,1250,41,20,test,30,30,drop,42
Validation_Data_Master/UVD-2841,Validation_Data_Master/UVD-2841.txt,Validation_Data_Master,0,True,,138,4,18,train,30,30,drop,42
Validation_Data_Master/UVD-2842,Validation_Data_Master/UVD-2842.txt,Validation_Data_Master,0,True,,116,3,26,train,30,30,drop,42
Validation_Data_Master/UVD-2843,Validation_Data_Master/UVD-2843.txt,Validation_Data_Master,0,True,,2503,83,13,train,30,30,drop,42
Validation_Data_Master/UVD-2844,Validation_Data_Master/UVD-2844.txt,Validation_Data_Master,0,True,,106,3,16,validation,30,30,drop,42
Validation_Data_Master/UVD-2845,Validation_Data_Master/UVD-2845.txt,Validation_Data_Master,0,True,,2640,88,0,validation,30,30,drop,42
Validation_Data_Master/UVD-2846,Validation_Data_Master/UVD-2846.txt,Validation_Data_Master,0,True,,110,3,20,test,30,30,drop,42
Validation_Data_Master/UVD-2847,Validation_Data_Master/UVD-2847.txt,Validation_Data_Master,0,True,,543,18,3,validation,30,30,drop,42
Validation_Data_Master/UVD-2848,Validation_Data_Master/UVD-2848.txt,Validation_Data_Master,0,True,,171,5,21,train,30,30,drop,42
Validation_Data_Master/UVD-2849,Validation_Data_Master/UVD-2849.txt,Validation_Data_Master,0,True,,380,12,20,train,30,30,drop,42
Validation_Data_Master/UVD-2850,Validation_Data_Master/UVD-2850.txt,Validation_Data_Master,0,True,,101,3,11,train,30,30,drop,42
Validation_Data_Master/UVD-2851,Validation_Data_Master/UVD-2851.txt,Validation_Data_Master,0,True,,2026,67,16,train,30,30,drop,42
Validation_Data_Master/UVD-2852,Validation_Data_Master/UVD-2852.txt,Validation_Data_Master,0,True,,258,8,18,validation,30,30,drop,42
Validation_Data_Master/UVD-2853,Validation_Data_Master/UVD-2853.txt,Validation_Data_Master,0,True,,1127,37,17,train,30,30,drop,42
Validation_Data_Master/UVD-2854,Validation_Data_Master/UVD-2854.txt,Validation_Data_Master,0,True,,560,18,20,train,30,30,drop,42
Validation_Data_Master/UVD-2855,Validation_Data_Master/UVD-2855.txt,Validation_Data_Master,0,True,,379,12,19,train,30,30,drop,42
Validation_Data_Master/UVD-2856,Validation_Data_Master/UVD-2856.txt,Validation_Data_Master,0,True,,227,7,17,validation,30,30,drop,42
Validation_Data_Master/UVD-2857,Validation_Data_Master/UVD-2857.txt,Validation_Data_Master,0,True,,183,6,3,test,30,30,drop,42
Validation_Data_Master/UVD-2858,Validation_Data_Master/UVD-2858.txt,Validation_Data_Master,0,True,,787,26,7,train,30,30,drop,42
Validation_Data_Master/UVD-2859,Validation_Data_Master/UVD-2859.txt,Validation_Data_Master,0,True,,204,6,24,train,30,30,drop,42
Validation_Data_Master/UVD-2860,Validation_Data_Master/UVD-2860.txt,Validation_Data_Master,0,True,,453,15,3,train,30,30,drop,42
Validation_Data_Master/UVD-2861,Validation_Data_Master/UVD-2861.txt,Validation_Data_Master,0,True,,1596,53,6,validation,30,30,drop,42
Validation_Data_Master/UVD-2862,Validation_Data_Master/UVD-2862.txt,Validation_Data_Master,0,True,,669,22,9,train,30,30,drop,42
Validation_Data_Master/UVD-2863,Validation_Data_Master/UVD-2863.txt,Validation_Data_Master,0,True,,217,7,7,train,30,30,drop,42
Validation_Data_Master/UVD-2864,Validation_Data_Master/UVD-2864.txt,Validation_Data_Master,0,True,,1480,49,10,test,30,30,drop,42
Validation_Data_Master/UVD-2865,Validation_Data_Master/UVD-2865.txt,Validation_Data_Master,0,True,,1613,53,23,validation,30,30,drop,42
Validation_Data_Master/UVD-2866,Validation_Data_Master/UVD-2866.txt,Validation_Data_Master,0,True,,3349,111,19,train,30,30,drop,42
Validation_Data_Master/UVD-2867,Validation_Data_Master/UVD-2867.txt,Validation_Data_Master,0,True,,270,9,0,train,30,30,drop,42
Validation_Data_Master/UVD-2868,Validation_Data_Master/UVD-2868.txt,Validation_Data_Master,0,True,,110,3,20,test,30,30,drop,42
Validation_Data_Master/UVD-2869,Validation_Data_Master/UVD-2869.txt,Validation_Data_Master,0,True,,1376,45,26,train,30,30,drop,42
Validation_Data_Master/UVD-2870,Validation_Data_Master/UVD-2870.txt,Validation_Data_Master,0,True,,646,21,16,train,30,30,drop,42
Validation_Data_Master/UVD-2871,Validation_Data_Master/UVD-2871.txt,Validation_Data_Master,0,True,,299,9,29,test,30,30,drop,42
Validation_Data_Master/UVD-2872,Validation_Data_Master/UVD-2872.txt,Validation_Data_Master,0,True,,692,23,2,train,30,30,drop,42
Validation_Data_Master/UVD-2873,Validation_Data_Master/UVD-2873.txt,Validation_Data_Master,0,True,,1081,36,1,train,30,30,drop,42
Validation_Data_Master/UVD-2874,Validation_Data_Master/UVD-2874.txt,Validation_Data_Master,0,True,,140,4,20,train,30,30,drop,42
Validation_Data_Master/UVD-2875,Validation_Data_Master/UVD-2875.txt,Validation_Data_Master,0,True,,215,7,5,train,30,30,drop,42
Validation_Data_Master/UVD-2876,Validation_Data_Master/UVD-2876.txt,Validation_Data_Master,0,True,,229,7,19,validation,30,30,drop,42
Validation_Data_Master/UVD-2877,Validation_Data_Master/UVD-2877.txt,Validation_Data_Master,0,True,,871,29,1,train,30,30,drop,42
Validation_Data_Master/UVD-2878,Validation_Data_Master/UVD-2878.txt,Validation_Data_Master,0,True,,101,3,11,train,30,30,drop,42
Validation_Data_Master/UVD-2879,Validation_Data_Master/UVD-2879.txt,Validation_Data_Master,0,True,,110,3,20,train,30,30,drop,42
Validation_Data_Master/UVD-2880,Validation_Data_Master/UVD-2880.txt,Validation_Data_Master,0,True,,119,3,29,validation,30,30,drop,42
Validation_Data_Master/UVD-2881,Validation_Data_Master/UVD-2881.txt,Validation_Data_Master,0,True,,269,8,29,train,30,30,drop,42
Validation_Data_Master/UVD-2882,Validation_Data_Master/UVD-2882.txt,Validation_Data_Master,0,True,,293,9,23,train,30,30,drop,42
Validation_Data_Master/UVD-2883,Validation_Data_Master/UVD-2883.txt,Validation_Data_Master,0,True,,776,25,26,test,30,30,drop,42
Validation_Data_Master/UVD-2884,Validation_Data_Master/UVD-2884.txt,Validation_Data_Master,0,True,,342,11,12,test,30,30,drop,42
Validation_Data_Master/UVD-2885,Validation_Data_Master/UVD-2885.txt,Validation_Data_Master,0,True,,113,3,23,train,30,30,drop,42
Validation_Data_Master/UVD-2886,Validation_Data_Master/UVD-2886.txt,Validation_Data_Master,0,True,,95,3,5,validation,30,30,drop,42
Validation_Data_Master/UVD-2887,Validation_Data_Master/UVD-2887.txt,Validation_Data_Master,0,True,,216,7,6,validation,30,30,drop,42
Validation_Data_Master/UVD-2888,Validation_Data_Master/UVD-2888.txt,Validation_Data_Master,0,True,,421,14,1,validation,30,30,drop,42
Validation_Data_Master/UVD-2889,Validation_Data_Master/UVD-2889.txt,Validation_Data_Master,0,True,,153,5,3,train,30,30,drop,42
Validation_Data_Master/UVD-2890,Validation_Data_Master/UVD-2890.txt,Validation_Data_Master,0,True,,3150,105,0,train,30,30,drop,42
Validation_Data_Master/UVD-2891,Validation_Data_Master/UVD-2891.txt,Validation_Data_Master,0,True,,124,4,4,test,30,30,drop,42
Validation_Data_Master/UVD-2892,Validation_Data_Master/UVD-2892.txt,Validation_Data_Master,0,True,,1403,46,23,train,30,30,drop,42
Validation_Data_Master/UVD-2893,Validation_Data_Master/UVD-2893.txt,Validation_Data_Master,0,True,,151,5,1,train,30,30,drop,42
Validation_Data_Master/UVD-2894,Validation_Data_Master/UVD-2894.txt,Validation_Data_Master,0,True,,874,29,4,test,30,30,drop,42
Validation_Data_Master/UVD-2895,Validation_Data_Master/UVD-2895.txt,Validation_Data_Master,0,True,,1905,63,15,validation,30,30,drop,42
Validation_Data_Master/UVD-2896,Validation_Data_Master/UVD-2896.txt,Validation_Data_Master,0,True,,376,12,16,train,30,30,drop,42
Validation_Data_Master/UVD-2897,Validation_Data_Master/UVD-2897.txt,Validation_Data_Master,0,True,,77,2,17,train,30,30,drop,42
Validation_Data_Master/UVD-2898,Validation_Data_Master/UVD-2898.txt,Validation_Data_Master,0,True,,1412,47,2,validation,30,30,drop,42
Validation_Data_Master/UVD-2899,Validation_Data_Master/UVD-2899.txt,Validation_Data_Master,0,True,,899,29,29,validation,30,30,drop,42
Validation_Data_Master/UVD-2900,Validation_Data_Master/UVD-2900.txt,Validation_Data_Master,0,True,,161,5,11,train,30,30,drop,42
Validation_Data_Master/UVD-2901,Validation_Data_Master/UVD-2901.txt,Validation_Data_Master,0,True,,110,3,20,train,30,30,drop,42
Validation_Data_Master/UVD-2902,Validation_Data_Master/UVD-2902.txt,Validation_Data_Master,0,True,,343,11,13,train,30,30,drop,42
Validation_Data_Master/UVD-2903,Validation_Data_Master/UVD-2903.txt,Validation_Data_Master,0,True,,107,3,17,train,30,30,drop,42
Validation_Data_Master/UVD-2904,Validation_Data_Master/UVD-2904.txt,Validation_Data_Master,0,True,,110,3,20,train,30,30,drop,42
Validation_Data_Master/UVD-2905,Validation_Data_Master/UVD-2905.txt,Validation_Data_Master,0,True,,115,3,25,train,30,30,drop,42
Validation_Data_Master/UVD-2906,Validation_Data_Master/UVD-2906.txt,Validation_Data_Master,0,True,,110,3,20,train,30,30,drop,42
Validation_Data_Master/UVD-2907,Validation_Data_Master/UVD-2907.txt,Validation_Data_Master,0,True,,310,10,10,train,30,30,drop,42
Validation_Data_Master/UVD-2908,Validation_Data_Master/UVD-2908.txt,Validation_Data_Master,0,True,,302,10,2,validation,30,30,drop,42
Validation_Data_Master/UVD-2909,Validation_Data_Master/UVD-2909.txt,Validation_Data_Master,0,True,,126,4,6,train,30,30,drop,42
Validation_Data_Master/UVD-2910,Validation_Data_Master/UVD-2910.txt,Validation_Data_Master,0,True,,198,6,18,train,30,30,drop,42
Validation_Data_Master/UVD-2911,Validation_Data_Master/UVD-2911.txt,Validation_Data_Master,0,True,,416,13,26,test,30,30,drop,42
Validation_Data_Master/UVD-2912,Validation_Data_Master/UVD-2912.txt,Validation_Data_Master,0,True,,93,3,3,validation,30,30,drop,42
Validation_Data_Master/UVD-2913,Validation_Data_Master/UVD-2913.txt,Validation_Data_Master,0,True,,117,3,27,train,30,30,drop,42
Validation_Data_Master/UVD-2914,Validation_Data_Master/UVD-2914.txt,Validation_Data_Master,0,True,,113,3,23,train,30,30,drop,42
Validation_Data_Master/UVD-2915,Validation_Data_Master/UVD-2915.txt,Validation_Data_Master,0,True,,616,20,16,train,30,30,drop,42
Validation_Data_Master/UVD-2916,Validation_Data_Master/UVD-2916.txt,Validation_Data_Master,0,True,,103,3,13,train,30,30,drop,42
Validation_Data_Master/UVD-2917,Validation_Data_Master/UVD-2917.txt,Validation_Data_Master,0,True,,93,3,3,train,30,30,drop,42
Validation_Data_Master/UVD-2918,Validation_Data_Master/UVD-2918.txt,Validation_Data_Master,0,True,,318,10,18,train,30,30,drop,42
Validation_Data_Master/UVD-2919,Validation_Data_Master/UVD-2919.txt,Validation_Data_Master,0,True,,99,3,9,train,30,30,drop,42
Validation_Data_Master/UVD-2920,Validation_Data_Master/UVD-2920.txt,Validation_Data_Master,0,True,,105,3,15,train,30,30,drop,42
Validation_Data_Master/UVD-2921,Validation_Data_Master/UVD-2921.txt,Validation_Data_Master,0,True,,191,6,11,train,30,30,drop,42
Validation_Data_Master/UVD-2922,Validation_Data_Master/UVD-2922.txt,Validation_Data_Master,0,True,,124,4,4,validation,30,30,drop,42
Validation_Data_Master/UVD-2923,Validation_Data_Master/UVD-2923.txt,Validation_Data_Master,0,True,,192,6,12,train,30,30,drop,42
Validation_Data_Master/UVD-2924,Validation_Data_Master/UVD-2924.txt,Validation_Data_Master,0,True,,343,11,13,train,30,30,drop,42
Validation_Data_Master/UVD-2925,Validation_Data_Master/UVD-2925.txt,Validation_Data_Master,0,True,,339,11,9,train,30,30,drop,42
Validation_Data_Master/UVD-2926,Validation_Data_Master/UVD-2926.txt,Validation_Data_Master,0,True,,194,6,14,validation,30,30,drop,42
Validation_Data_Master/UVD-2927,Validation_Data_Master/UVD-2927.txt,Validation_Data_Master,0,True,,242,8,2,train,30,30,drop,42
Validation_Data_Master/UVD-2928,Validation_Data_Master/UVD-2928.txt,Validation_Data_Master,0,True,,160,5,10,train,30,30,drop,42
Validation_Data_Master/UVD-2929,Validation_Data_Master/UVD-2929.txt,Validation_Data_Master,0,True,,181,6,1,train,30,30,drop,42
Validation_Data_Master/UVD-2930,Validation_Data_Master/UVD-2930.txt,Validation_Data_Master,0,True,,91,3,1,validation,30,30,drop,42
Validation_Data_Master/UVD-2931,Validation_Data_Master/UVD-2931.txt,Validation_Data_Master,0,True,,166,5,16,train,30,30,drop,42
Validation_Data_Master/UVD-2932,Validation_Data_Master/UVD-2932.txt,Validation_Data_Master,0,True,,117,3,27,train,30,30,drop,42
Validation_Data_Master/UVD-2933,Validation_Data_Master/UVD-2933.txt,Validation_Data_Master,0,True,,339,11,9,train,30,30,drop,42
Validation_Data_Master/UVD-2934,Validation_Data_Master/UVD-2934.txt,Validation_Data_Master,0,True,,356,11,26,validation,30,30,drop,42
Validation_Data_Master/UVD-2935,Validation_Data_Master/UVD-2935.txt,Validation_Data_Master,0,True,,100,3,10,validation,30,30,drop,42
Validation_Data_Master/UVD-2936,Validation_Data_Master/UVD-2936.txt,Validation_Data_Master,0,True,,85,2,25,train,30,30,drop,42
Validation_Data_Master/UVD-2937,Validation_Data_Master/UVD-2937.txt,Validation_Data_Master,0,True,,362,12,2,train,30,30,drop,42
Validation_Data_Master/UVD-2938,Validation_Data_Master/UVD-2938.txt,Validation_Data_Master,0,True,,625,20,25,test,30,30,drop,42
Validation_Data_Master/UVD-2939,Validation_Data_Master/UVD-2939.txt,Validation_Data_Master,0,True,,98,3,8,test,30,30,drop,42
Validation_Data_Master/UVD-2940,Validation_Data_Master/UVD-2940.txt,Validation_Data_Master,0,True,,138,4,18,train,30,30,drop,42
Validation_Data_Master/UVD-2941,Validation_Data_Master/UVD-2941.txt,Validation_Data_Master,0,True,,317,10,17,validation,30,30,drop,42
Validation_Data_Master/UVD-2942,Validation_Data_Master/UVD-2942.txt,Validation_Data_Master,0,True,,1305,43,15,train,30,30,drop,42
Validation_Data_Master/UVD-2943,Validation_Data_Master/UVD-2943.txt,Validation_Data_Master,0,True,,137,4,17,train,30,30,drop,42
Validation_Data_Master/UVD-2944,Validation_Data_Master/UVD-2944.txt,Validation_Data_Master,0,True,,940,31,10,train,30,30,drop,42
Validation_Data_Master/UVD-2945,Validation_Data_Master/UVD-2945.txt,Validation_Data_Master,0,True,,391,13,1,validation,30,30,drop,42
Validation_Data_Master/UVD-2946,Validation_Data_Master/UVD-2946.txt,Validation_Data_Master,0,True,,107,3,17,train,30,30,drop,42
Validation_Data_Master/UVD-2947,Validation_Data_Master/UVD-2947.txt,Validation_Data_Master,0,True,,1305,43,15,train,30,30,drop,42
Validation_Data_Master/UVD-2948,Validation_Data_Master/UVD-2948.txt,Validation_Data_Master,0,True,,369,12,9,train,30,30,drop,42
Validation_Data_Master/UVD-2949,Validation_Data_Master/UVD-2949.txt,Validation_Data_Master,0,True,,1095,36,15,train,30,30,drop,42
Validation_Data_Master/UVD-2950,Validation_Data_Master/UVD-2950.txt,Validation_Data_Master,0,True,,388,12,28,train,30,30,drop,42
Validation_Data_Master/UVD-2951,Validation_Data_Master/UVD-2951.txt,Validation_Data_Master,0,True,,1305,43,15,train,30,30,drop,42
Validation_Data_Master/UVD-2952,Validation_Data_Master/UVD-2952.txt,Validation_Data_Master,0,True,,1305,43,15,train,30,30,drop,42
Validation_Data_Master/UVD-2953,Validation_Data_Master/UVD-2953.txt,Validation_Data_Master,0,True,,343,11,13,train,30,30,drop,42
Validation_Data_Master/UVD-2954,Validation_Data_Master/UVD-2954.txt,Validation_Data_Master,0,True,,369,12,9,train,30,30,drop,42
Validation_Data_Master/UVD-2955,Validation_Data_Master/UVD-2955.txt,Validation_Data_Master,0,True,,369,12,9,validation,30,30,drop,42
Validation_Data_Master/UVD-2956,Validation_Data_Master/UVD-2956.txt,Validation_Data_Master,0,True,,246,8,6,train,30,30,drop,42
Validation_Data_Master/UVD-2957,Validation_Data_Master/UVD-2957.txt,Validation_Data_Master,0,True,,343,11,13,train,30,30,drop,42
Validation_Data_Master/UVD-2958,Validation_Data_Master/UVD-2958.txt,Validation_Data_Master,0,True,,109,3,19,test,30,30,drop,42
Validation_Data_Master/UVD-2959,Validation_Data_Master/UVD-2959.txt,Validation_Data_Master,0,True,,230,7,20,train,30,30,drop,42
Validation_Data_Master/UVD-2960,Validation_Data_Master/UVD-2960.txt,Validation_Data_Master,0,True,,130,4,10,train,30,30,drop,42
Validation_Data_Master/UVD-2961,Validation_Data_Master/UVD-2961.txt,Validation_Data_Master,0,True,,189,6,9,train,30,30,drop,42
Validation_Data_Master/UVD-2962,Validation_Data_Master/UVD-2962.txt,Validation_Data_Master,0,True,,242,8,2,test,30,30,drop,42
Validation_Data_Master/UVD-2963,Validation_Data_Master/UVD-2963.txt,Validation_Data_Master,0,True,,231,7,21,train,30,30,drop,42
Validation_Data_Master/UVD-2964,Validation_Data_Master/UVD-2964.txt,Validation_Data_Master,0,True,,110,3,20,train,30,30,drop,42
Validation_Data_Master/UVD-2965,Validation_Data_Master/UVD-2965.txt,Validation_Data_Master,0,True,,190,6,10,train,30,30,drop,42
Validation_Data_Master/UVD-2966,Validation_Data_Master/UVD-2966.txt,Validation_Data_Master,0,True,,343,11,13,test,30,30,drop,42
Validation_Data_Master/UVD-2967,Validation_Data_Master/UVD-2967.txt,Validation_Data_Master,0,True,,110,3,20,train,30,30,drop,42
Validation_Data_Master/UVD-2968,Validation_Data_Master/UVD-2968.txt,Validation_Data_Master,0,True,,308,10,8,validation,30,30,drop,42
Validation_Data_Master/UVD-2969,Validation_Data_Master/UVD-2969.txt,Validation_Data_Master,0,True,,203,6,23,train,30,30,drop,42
Validation_Data_Master/UVD-2970,Validation_Data_Master/UVD-2970.txt,Validation_Data_Master,0,True,,220,7,10,test,30,30,drop,42
Validation_Data_Master/UVD-2971,Validation_Data_Master/UVD-2971.txt,Validation_Data_Master,0,True,,290,9,20,validation,30,30,drop,42
Validation_Data_Master/UVD-2972,Validation_Data_Master/UVD-2972.txt,Validation_Data_Master,0,True,,343,11,13,validation,30,30,drop,42
Validation_Data_Master/UVD-2973,Validation_Data_Master/UVD-2973.txt,Validation_Data_Master,0,True,,119,3,29,train,30,30,drop,42
Validation_Data_Master/UVD-2974,Validation_Data_Master/UVD-2974.txt,Validation_Data_Master,0,True,,1305,43,15,train,30,30,drop,42
Validation_Data_Master/UVD-2975,Validation_Data_Master/UVD-2975.txt,Validation_Data_Master,0,True,,110,3,20,train,30,30,drop,42
Validation_Data_Master/UVD-2976,Validation_Data_Master/UVD-2976.txt,Validation_Data_Master,0,True,,214,7,4,train,30,30,drop,42
Validation_Data_Master/UVD-2977,Validation_Data_Master/UVD-2977.txt,Validation_Data_Master,0,True,,687,22,27,train,30,30,drop,42
Validation_Data_Master/UVD-2978,Validation_Data_Master/UVD-2978.txt,Validation_Data_Master,0,True,,370,12,10,train,30,30,drop,42
Validation_Data_Master/UVD-2979,Validation_Data_Master/UVD-2979.txt,Validation_Data_Master,0,True,,343,11,13,test,30,30,drop,42
Validation_Data_Master/UVD-2980,Validation_Data_Master/UVD-2980.txt,Validation_Data_Master,0,True,,1306,43,16,train,30,30,drop,42
Validation_Data_Master/UVD-2981,Validation_Data_Master/UVD-2981.txt,Validation_Data_Master,0,True,,112,3,22,train,30,30,drop,42
Validation_Data_Master/UVD-2982,Validation_Data_Master/UVD-2982.txt,Validation_Data_Master,0,True,,111,3,21,train,30,30,drop,42
Validation_Data_Master/UVD-2983,Validation_Data_Master/UVD-2983.txt,Validation_Data_Master,0,True,,111,3,21,train,30,30,drop,42
Validation_Data_Master/UVD-2984,Validation_Data_Master/UVD-2984.txt,Validation_Data_Master,0,True,,276,9,6,train,30,30,drop,42
Validation_Data_Master/UVD-2985,Validation_Data_Master/UVD-2985.txt,Validation_Data_Master,0,True,,110,3,20,train,30,30,drop,42
Validation_Data_Master/UVD-2986,Validation_Data_Master/UVD-2986.txt,Validation_Data_Master,0,True,,110,3,20,train,30,30,drop,42
Validation_Data_Master/UVD-2987,Validation_Data_Master/UVD-2987.txt,Validation_Data_Master,0,True,,437,14,17,train,30,30,drop,42
Validation_Data_Master/UVD-2988,Validation_Data_Master/UVD-2988.txt,Validation_Data_Master,0,True,,211,7,1,test,30,30,drop,42
Validation_Data_Master/UVD-2989,Validation_Data_Master/UVD-2989.txt,Validation_Data_Master,0,True,,99,3,9,train,30,30,drop,42
Validation_Data_Master/UVD-2990,Validation_Data_Master/UVD-2990.txt,Validation_Data_Master,0,True,,343,11,13,validation,30,30,drop,42
Validation_Data_Master/UVD-2991,Validation_Data_Master/UVD-2991.txt,Validation_Data_Master,0,True,,447,14,27,train,30,30,drop,42
Validation_Data_Master/UVD-2992,Validation_Data_Master/UVD-2992.txt,Validation_Data_Master,0,True,,110,3,20,train,30,30,drop,42
Validation_Data_Master/UVD-2993,Validation_Data_Master/UVD-2993.txt,Validation_Data_Master,0,True,,1305,43,15,train,30,30,drop,42
Validation_Data_Master/UVD-2994,Validation_Data_Master/UVD-2994.txt,Validation_Data_Master,0,True,,192,6,12,train,30,30,drop,42
Validation_Data_Master/UVD-2995,Validation_Data_Master/UVD-2995.txt,Validation_Data_Master,0,True,,104,3,14,train,30,30,drop,42
Validation_Data_Master/UVD-2996,Validation_Data_Master/UVD-2996.txt,Validation_Data_Master,0,True,,102,3,12,train,30,30,drop,42
Validation_Data_Master/UVD-2997,Validation_Data_Master/UVD-2997.txt,Validation_Data_Master,0,True,,99,3,9,train,30,30,drop,42
Validation_Data_Master/UVD-2998,Validation_Data_Master/UVD-2998.txt,Validation_Data_Master,0,True,,107,3,17,train,30,30,drop,42
Validation_Data_Master/UVD-2999,Validation_Data_Master/UVD-2999.txt,Validation_Data_Master,0,True,,107,3,17,train,30,30,drop,42
Validation_Data_Master/UVD-3000,Validation_Data_Master/UVD-3000.txt,Validation_Data_Master,0,True,,211,7,1,train,30,30,drop,42
Validation_Data_Master/UVD-3001,Validation_Data_Master/UVD-3001.txt,Validation_Data_Master,0,True,,2407,80,7,test,30,30,drop,42
Validation_Data_Master/UVD-3002,Validation_Data_Master/UVD-3002.txt,Validation_Data_Master,0,True,,110,3,20,train,30,30,drop,42
Validation_Data_Master/UVD-3003,Validation_Data_Master/UVD-3003.txt,Validation_Data_Master,0,True,,107,3,17,train,30,30,drop,42
Validation_Data_Master/UVD-3004,Validation_Data_Master/UVD-3004.txt,Validation_Data_Master,0,True,,107,3,17,train,30,30,drop,42
Validation_Data_Master/UVD-3005,Validation_Data_Master/UVD-3005.txt,Validation_Data_Master,0,True,,1124,37,14,train,30,30,drop,42
Validation_Data_Master/UVD-3006,Validation_Data_Master/UVD-3006.txt,Validation_Data_Master,0,True,,1263,42,3,train,30,30,drop,42
Validation_Data_Master/UVD-3007,Validation_Data_Master/UVD-3007.txt,Validation_Data_Master,0,True,,2641,88,1,train,30,30,drop,42
Validation_Data_Master/UVD-3008,Validation_Data_Master/UVD-3008.txt,Validation_Data_Master,0,True,,343,11,13,test,30,30,drop,42
Validation_Data_Master/UVD-3009,Validation_Data_Master/UVD-3009.txt,Validation_Data_Master,0,True,,343,11,13,train,30,30,drop,42
Validation_Data_Master/UVD-3010,Validation_Data_Master/UVD-3010.txt,Validation_Data_Master,0,True,,680,22,20,test,30,30,drop,42
Validation_Data_Master/UVD-3011,Validation_Data_Master/UVD-3011.txt,Validation_Data_Master,0,True,,343,11,13,train,30,30,drop,42
Validation_Data_Master/UVD-3012,Validation_Data_Master/UVD-3012.txt,Validation_Data_Master,0,True,,104,3,14,train,30,30,drop,42
Validation_Data_Master/UVD-3013,Validation_Data_Master/UVD-3013.txt,Validation_Data_Master,0,True,,346,11,16,validation,30,30,drop,42
Validation_Data_Master/UVD-3014,Validation_Data_Master/UVD-3014.txt,Validation_Data_Master,0,True,,311,10,11,train,30,30,drop,42
Validation_Data_Master/UVD-3015,Validation_Data_Master/UVD-3015.txt,Validation_Data_Master,0,True,,343,11,13,train,30,30,drop,42
Validation_Data_Master/UVD-3016,Validation_Data_Master/UVD-3016.txt,Validation_Data_Master,0,True,,1699,56,19,validation,30,30,drop,42
Validation_Data_Master/UVD-3017,Validation_Data_Master/UVD-3017.txt,Validation_Data_Master,0,True,,126,4,6,train,30,30,drop,42
Validation_Data_Master/UVD-3018,Validation_Data_Master/UVD-3018.txt,Validation_Data_Master,0,True,,138,4,18,validation,30,30,drop,42
Validation_Data_Master/UVD-3019,Validation_Data_Master/UVD-3019.txt,Validation_Data_Master,0,True,,107,3,17,train,30,30,drop,42
Validation_Data_Master/UVD-3020,Validation_Data_Master/UVD-3020.txt,Validation_Data_Master,0,True,,126,4,6,train,30,30,drop,42
Validation_Data_Master/UVD-3021,Validation_Data_Master/UVD-3021.txt,Validation_Data_Master,0,True,,883,29,13,validation,30,30,drop,42
Validation_Data_Master/UVD-3022,Validation_Data_Master/UVD-3022.txt,Validation_Data_Master,0,True,,108,3,18,validation,30,30,drop,42
Validation_Data_Master/UVD-3023,Validation_Data_Master/UVD-3023.txt,Validation_Data_Master,0,True,,108,3,18,train,30,30,drop,42
Validation_Data_Master/UVD-3024,Validation_Data_Master/UVD-3024.txt,Validation_Data_Master,0,True,,131,4,11,test,30,30,drop,42
Validation_Data_Master/UVD-3025,Validation_Data_Master/UVD-3025.txt,Validation_Data_Master,0,True,,276,9,6,validation,30,30,drop,42
Validation_Data_Master/UVD-3026,Validation_Data_Master/UVD-3026.txt,Validation_Data_Master,0,True,,110,3,20,train,30,30,drop,42
Validation_Data_Master/UVD-3027,Validation_Data_Master/UVD-3027.txt,Validation_Data_Master,0,True,,110,3,20,train,30,30,drop,42
Validation_Data_Master/UVD-3028,Validation_Data_Master/UVD-3028.txt,Validation_Data_Master,0,True,,183,6,3,train,30,30,drop,42
Validation_Data_Master/UVD-3029,Validation_Data_Master/UVD-3029.txt,Validation_Data_Master,0,True,,110,3,20,train,30,30,drop,42
Validation_Data_Master/UVD-3030,Validation_Data_Master/UVD-3030.txt,Validation_Data_Master,0,True,,110,3,20,test,30,30,drop,42
Validation_Data_Master/UVD-3031,Validation_Data_Master/UVD-3031.txt,Validation_Data_Master,0,True,,124,4,4,train,30,30,drop,42
Validation_Data_Master/UVD-3032,Validation_Data_Master/UVD-3032.txt,Validation_Data_Master,0,True,,117,3,27,train,30,30,drop,42
Validation_Data_Master/UVD-3033,Validation_Data_Master/UVD-3033.txt,Validation_Data_Master,0,True,,100,3,10,validation,30,30,drop,42
Validation_Data_Master/UVD-3034,Validation_Data_Master/UVD-3034.txt,Validation_Data_Master,0,True,,343,11,13,train,30,30,drop,42
Validation_Data_Master/UVD-3035,Validation_Data_Master/UVD-3035.txt,Validation_Data_Master,0,True,,133,4,13,validation,30,30,drop,42
Validation_Data_Master/UVD-3036,Validation_Data_Master/UVD-3036.txt,Validation_Data_Master,0,True,,107,3,17,train,30,30,drop,42
Validation_Data_Master/UVD-3037,Validation_Data_Master/UVD-3037.txt,Validation_Data_Master,0,True,,308,10,8,train,30,30,drop,42
Validation_Data_Master/UVD-3038,Validation_Data_Master/UVD-3038.txt,Validation_Data_Master,0,True,,343,11,13,train,30,30,drop,42
Validation_Data_Master/UVD-3039,Validation_Data_Master/UVD-3039.txt,Validation_Data_Master,0,True,,343,11,13,train,30,30,drop,42
Validation_Data_Master/UVD-3040,Validation_Data_Master/UVD-3040.txt,Validation_Data_Master,0,True,,110,3,20,validation,30,30,drop,42
Validation_Data_Master/UVD-3041,Validation_Data_Master/UVD-3041.txt,Validation_Data_Master,0,True,,346,11,16,validation,30,30,drop,42
Validation_Data_Master/UVD-3042,Validation_Data_Master/UVD-3042.txt,Validation_Data_Master,0,True,,343,11,13,train,30,30,drop,42
Validation_Data_Master/UVD-3043,Validation_Data_Master/UVD-3043.txt,Validation_Data_Master,0,True,,131,4,11,train,30,30,drop,42
Validation_Data_Master/UVD-3044,Validation_Data_Master/UVD-3044.txt,Validation_Data_Master,0,True,,133,4,13,train,30,30,drop,42
Validation_Data_Master/UVD-3045,Validation_Data_Master/UVD-3045.txt,Validation_Data_Master,0,True,,343,11,13,train,30,30,drop,42
Validation_Data_Master/UVD-3046,Validation_Data_Master/UVD-3046.txt,Validation_Data_Master,0,True,,343,11,13,test,30,30,drop,42
Validation_Data_Master/UVD-3047,Validation_Data_Master/UVD-3047.txt,Validation_Data_Master,0,True,,110,3,20,train,30,30,drop,42
Validation_Data_Master/UVD-3048,Validation_Data_Master/UVD-3048.txt,Validation_Data_Master,0,True,,343,11,13,train,30,30,drop,42
Validation_Data_Master/UVD-3049,Validation_Data_Master/UVD-3049.txt,Validation_Data_Master,0,True,,110,3,20,train,30,30,drop,42
Validation_Data_Master/UVD-3050,Validation_Data_Master/UVD-3050.txt,Validation_Data_Master,0,True,,343,11,13,train,30,30,drop,42
Validation_Data_Master/UVD-3051,Validation_Data_Master/UVD-3051.txt,Validation_Data_Master,0,True,,311,10,11,test,30,30,drop,42
Validation_Data_Master/UVD-3052,Validation_Data_Master/UVD-3052.txt,Validation_Data_Master,0,True,,343,11,13,train,30,30,drop,42
Validation_Data_Master/UVD-3053,Validation_Data_Master/UVD-3053.txt,Validation_Data_Master,0,True,,110,3,20,train,30,30,drop,42
Validation_Data_Master/UVD-3054,Validation_Data_Master/UVD-3054.txt,Validation_Data_Master,0,True,,105,3,15,train,30,30,drop,42
Validation_Data_Master/UVD-3055,Validation_Data_Master/UVD-3055.txt,Validation_Data_Master,0,True,,343,11,13,train,30,30,drop,42
Validation_Data_Master/UVD-3056,Validation_Data_Master/UVD-3056.txt,Validation_Data_Master,0,True,,180,6,0,train,30,30,drop,42
Validation_Data_Master/UVD-3057,Validation_Data_Master/UVD-3057.txt,Validation_Data_Master,0,True,,110,3,20,train,30,30,drop,42
Validation_Data_Master/UVD-3058,Validation_Data_Master/UVD-3058.txt,Validation_Data_Master,0,True,,1426,47,16,train,30,30,drop,42
Validation_Data_Master/UVD-3059,Validation_Data_Master/UVD-3059.txt,Validation_Data_Master,0,True,,343,11,13,train,30,30,drop,42
Validation_Data_Master/UVD-3060,Validation_Data_Master/UVD-3060.txt,Validation_Data_Master,0,True,,343,11,13,validation,30,30,drop,42
Validation_Data_Master/UVD-3061,Validation_Data_Master/UVD-3061.txt,Validation_Data_Master,0,True,,343,11,13,train,30,30,drop,42
Validation_Data_Master/UVD-3062,Validation_Data_Master/UVD-3062.txt,Validation_Data_Master,0,True,,343,11,13,train,30,30,drop,42
Validation_Data_Master/UVD-3063,Validation_Data_Master/UVD-3063.txt,Validation_Data_Master,0,True,,343,11,13,validation,30,30,drop,42
Validation_Data_Master/UVD-3064,Validation_Data_Master/UVD-3064.txt,Validation_Data_Master,0,True,,343,11,13,validation,30,30,drop,42
Validation_Data_Master/UVD-3065,Validation_Data_Master/UVD-3065.txt,Validation_Data_Master,0,True,,343,11,13,validation,30,30,drop,42
Validation_Data_Master/UVD-3066,Validation_Data_Master/UVD-3066.txt,Validation_Data_Master,0,True,,343,11,13,train,30,30,drop,42
Validation_Data_Master/UVD-3067,Validation_Data_Master/UVD-3067.txt,Validation_Data_Master,0,True,,797,26,17,test,30,30,drop,42
Validation_Data_Master/UVD-3068,Validation_Data_Master/UVD-3068.txt,Validation_Data_Master,0,True,,343,11,13,train,30,30,drop,42
Validation_Data_Master/UVD-3069,Validation_Data_Master/UVD-3069.txt,Validation_Data_Master,0,True,,110,3,20,train,30,30,drop,42
Validation_Data_Master/UVD-3070,Validation_Data_Master/UVD-3070.txt,Validation_Data_Master,0,True,,1300,43,10,train,30,30,drop,42
Validation_Data_Master/UVD-3071,Validation_Data_Master/UVD-3071.txt,Validation_Data_Master,0,True,,343,11,13,train,30,30,drop,42
Validation_Data_Master/UVD-3072,Validation_Data_Master/UVD-3072.txt,Validation_Data_Master,0,True,,110,3,20,train,30,30,drop,42
Validation_Data_Master/UVD-3073,Validation_Data_Master/UVD-3073.txt,Validation_Data_Master,0,True,,608,20,8,test,30,30,drop,42
Validation_Data_Master/UVD-3074,Validation_Data_Master/UVD-3074.txt,Validation_Data_Master,0,True,,343,11,13,test,30,30,drop,42
Validation_Data_Master/UVD-3075,Validation_Data_Master/UVD-3075.txt,Validation_Data_Master,0,True,,343,11,13,validation,30,30,drop,42
Validation_Data_Master/UVD-3076,Validation_Data_Master/UVD-3076.txt,Validation_Data_Master,0,True,,122,4,2,train,30,30,drop,42
Validation_Data_Master/UVD-3077,Validation_Data_Master/UVD-3077.txt,Validation_Data_Master,0,True,,343,11,13,train,30,30,drop,42
Validation_Data_Master/UVD-3078,Validation_Data_Master/UVD-3078.txt,Validation_Data_Master,0,True,,2214,73,24,train,30,30,drop,42
Validation_Data_Master/UVD-3079,Validation_Data_Master/UVD-3079.txt,Validation_Data_Master,0,True,,110,3,20,validation,30,30,drop,42
Validation_Data_Master/UVD-3080,Validation_Data_Master/UVD-3080.txt,Validation_Data_Master,0,True,,665,22,5,train,30,30,drop,42
Validation_Data_Master/UVD-3081,Validation_Data_Master/UVD-3081.txt,Validation_Data_Master,0,True,,343,11,13,validation,30,30,drop,42
Validation_Data_Master/UVD-3082,Validation_Data_Master/UVD-3082.txt,Validation_Data_Master,0,True,,138,4,18,train,30,30,drop,42
Validation_Data_Master/UVD-3083,Validation_Data_Master/UVD-3083.txt,Validation_Data_Master,0,True,,343,11,13,test,30,30,drop,42
Validation_Data_Master/UVD-3084,Validation_Data_Master/UVD-3084.txt,Validation_Data_Master,0,True,,228,7,18,train,30,30,drop,42
Validation_Data_Master/UVD-3085,Validation_Data_Master/UVD-3085.txt,Validation_Data_Master,0,True,,155,5,5,train,30,30,drop,42
Validation_Data_Master/UVD-3086,Validation_Data_Master/UVD-3086.txt,Validation_Data_Master,0,True,,343,11,13,train,30,30,drop,42
Validation_Data_Master/UVD-3087,Validation_Data_Master/UVD-3087.txt,Validation_Data_Master,0,True,,377,12,17,train,30,30,drop,42
Validation_Data_Master/UVD-3088,Validation_Data_Master/UVD-3088.txt,Validation_Data_Master,0,True,,242,8,2,train,30,30,drop,42
Validation_Data_Master/UVD-3089,Validation_Data_Master/UVD-3089.txt,Validation_Data_Master,0,True,,158,5,8,train,30,30,drop,42
Validation_Data_Master/UVD-3090,Validation_Data_Master/UVD-3090.txt,Validation_Data_Master,0,True,,343,11,13,test,30,30,drop,42
Validation_Data_Master/UVD-3091,Validation_Data_Master/UVD-3091.txt,Validation_Data_Master,0,True,,323,10,23,train,30,30,drop,42
Validation_Data_Master/UVD-3092,Validation_Data_Master/UVD-3092.txt,Validation_Data_Master,0,True,,946,31,16,train,30,30,drop,42
Validation_Data_Master/UVD-3093,Validation_Data_Master/UVD-3093.txt,Validation_Data_Master,0,True,,242,8,2,train,30,30,drop,42
Validation_Data_Master/UVD-3094,Validation_Data_Master/UVD-3094.txt,Validation_Data_Master,0,True,,242,8,2,train,30,30,drop,42
Validation_Data_Master/UVD-3095,Validation_Data_Master/UVD-3095.txt,Validation_Data_Master,0,True,,95,3,5,test,30,30,drop,42
Validation_Data_Master/UVD-3096,Validation_Data_Master/UVD-3096.txt,Validation_Data_Master,0,True,,262,8,22,train,30,30,drop,42
Validation_Data_Master/UVD-3097,Validation_Data_Master/UVD-3097.txt,Validation_Data_Master,0,True,,103,3,13,train,30,30,drop,42
Validation_Data_Master/UVD-3098,Validation_Data_Master/UVD-3098.txt,Validation_Data_Master,0,True,,242,8,2,train,30,30,drop,42
Validation_Data_Master/UVD-3099,Validation_Data_Master/UVD-3099.txt,Validation_Data_Master,0,True,,255,8,15,train,30,30,drop,42
Validation_Data_Master/UVD-3100,Validation_Data_Master/UVD-3100.txt,Validation_Data_Master,0,True,,246,8,6,validation,30,30,drop,42
Validation_Data_Master/UVD-3101,Validation_Data_Master/UVD-3101.txt,Validation_Data_Master,0,True,,217,7,7,train,30,30,drop,42
Validation_Data_Master/UVD-3102,Validation_Data_Master/UVD-3102.txt,Validation_Data_Master,0,True,,343,11,13,train,30,30,drop,42
Validation_Data_Master/UVD-3103,Validation_Data_Master/UVD-3103.txt,Validation_Data_Master,0,True,,377,12,17,test,30,30,drop,42
Validation_Data_Master/UVD-3104,Validation_Data_Master/UVD-3104.txt,Validation_Data_Master,0,True,,371,12,11,train,30,30,drop,42
Validation_Data_Master/UVD-3105,Validation_Data_Master/UVD-3105.txt,Validation_Data_Master,0,True,,242,8,2,train,30,30,drop,42
Validation_Data_Master/UVD-3106,Validation_Data_Master/UVD-3106.txt,Validation_Data_Master,0,True,,181,6,1,test,30,30,drop,42
Validation_Data_Master/UVD-3107,Validation_Data_Master/UVD-3107.txt,Validation_Data_Master,0,True,,93,3,3,test,30,30,drop,42
Validation_Data_Master/UVD-3108,Validation_Data_Master/UVD-3108.txt,Validation_Data_Master,0,True,,343,11,13,train,30,30,drop,42
Validation_Data_Master/UVD-3109,Validation_Data_Master/UVD-3109.txt,Validation_Data_Master,0,True,,2361,78,21,train,30,30,drop,42
Validation_Data_Master/UVD-3110,Validation_Data_Master/UVD-3110.txt,Validation_Data_Master,0,True,,368,12,8,train,30,30,drop,42
Validation_Data_Master/UVD-3111,Validation_Data_Master/UVD-3111.txt,Validation_Data_Master,0,True,,343,11,13,test,30,30,drop,42
Validation_Data_Master/UVD-3112,Validation_Data_Master/UVD-3112.txt,Validation_Data_Master,0,True,,2463,82,3,validation,30,30,drop,42
Validation_Data_Master/UVD-3113,Validation_Data_Master/UVD-3113.txt,Validation_Data_Master,0,True,,110,3,20,train,30,30,drop,42
Validation_Data_Master/UVD-3114,Validation_Data_Master/UVD-3114.txt,Validation_Data_Master,0,True,,1305,43,15,train,30,30,drop,42
Validation_Data_Master/UVD-3115,Validation_Data_Master/UVD-3115.txt,Validation_Data_Master,0,True,,1305,43,15,train,30,30,drop,42
Validation_Data_Master/UVD-3116,Validation_Data_Master/UVD-3116.txt,Validation_Data_Master,0,True,,330,11,0,train,30,30,drop,42
Validation_Data_Master/UVD-3117,Validation_Data_Master/UVD-3117.txt,Validation_Data_Master,0,True,,343,11,13,train,30,30,drop,42
Validation_Data_Master/UVD-3118,Validation_Data_Master/UVD-3118.txt,Validation_Data_Master,0,True,,751,25,1,train,30,30,drop,42
Validation_Data_Master/UVD-3119,Validation_Data_Master/UVD-3119.txt,Validation_Data_Master,0,True,,343,11,13,train,30,30,drop,42
Validation_Data_Master/UVD-3120,Validation_Data_Master/UVD-3120.txt,Validation_Data_Master,0,True,,2309,76,29,train,30,30,drop,42
Validation_Data_Master/UVD-3121,Validation_Data_Master/UVD-3121.txt,Validation_Data_Master,0,True,,343,11,13,validation,30,30,drop,42
Validation_Data_Master/UVD-3122,Validation_Data_Master/UVD-3122.txt,Validation_Data_Master,0,True,,2278,75,28,train,30,30,drop,42
Validation_Data_Master/UVD-3123,Validation_Data_Master/UVD-3123.txt,Validation_Data_Master,0,True,,2794,93,4,train,30,30,drop,42
Validation_Data_Master/UVD-3124,Validation_Data_Master/UVD-3124.txt,Validation_Data_Master,0,True,,343,11,13,train,30,30,drop,42
Validation_Data_Master/UVD-3125,Validation_Data_Master/UVD-3125.txt,Validation_Data_Master,0,True,,343,11,13,test,30,30,drop,42
Validation_Data_Master/UVD-3126,Validation_Data_Master/UVD-3126.txt,Validation_Data_Master,0,True,,343,11,13,train,30,30,drop,42
Validation_Data_Master/UVD-3127,Validation_Data_Master/UVD-3127.txt,Validation_Data_Master,0,True,,343,11,13,validation,30,30,drop,42
Validation_Data_Master/UVD-3128,Validation_Data_Master/UVD-3128.txt,Validation_Data_Master,0,True,,926,30,26,validation,30,30,drop,42
Validation_Data_Master/UVD-3129,Validation_Data_Master/UVD-3129.txt,Validation_Data_Master,0,True,,343,11,13,train,30,30,drop,42
Validation_Data_Master/UVD-3130,Validation_Data_Master/UVD-3130.txt,Validation_Data_Master,0,True,,211,7,1,train,30,30,drop,42
Validation_Data_Master/UVD-3131,Validation_Data_Master/UVD-3131.txt,Validation_Data_Master,0,True,,211,7,1,test,30,30,drop,42
Validation_Data_Master/UVD-3132,Validation_Data_Master/UVD-3132.txt,Validation_Data_Master,0,True,,2272,75,22,test,30,30,drop,42
Validation_Data_Master/UVD-3133,Validation_Data_Master/UVD-3133.txt,Validation_Data_Master,0,True,,343,11,13,train,30,30,drop,42
Validation_Data_Master/UVD-3134,Validation_Data_Master/UVD-3134.txt,Validation_Data_Master,0,True,,343,11,13,train,30,30,drop,42
Validation_Data_Master/UVD-3135,Validation_Data_Master/UVD-3135.txt,Validation_Data_Master,0,True,,105,3,15,test,30,30,drop,42
Validation_Data_Master/UVD-3136,Validation_Data_Master/UVD-3136.txt,Validation_Data_Master,0,True,,157,5,7,validation,30,30,drop,42
Validation_Data_Master/UVD-3137,Validation_Data_Master/UVD-3137.txt,Validation_Data_Master,0,True,,343,11,13,validation,30,30,drop,42
Validation_Data_Master/UVD-3138,Validation_Data_Master/UVD-3138.txt,Validation_Data_Master,0,True,,343,11,13,train,30,30,drop,42
Validation_Data_Master/UVD-3139,Validation_Data_Master/UVD-3139.txt,Validation_Data_Master,0,True,,350,11,20,train,30,30,drop,42
Validation_Data_Master/UVD-3140,Validation_Data_Master/UVD-3140.txt,Validation_Data_Master,0,True,,404,13,14,test,30,30,drop,42
Validation_Data_Master/UVD-3141,Validation_Data_Master/UVD-3141.txt,Validation_Data_Master,0,True,,343,11,13,train,30,30,drop,42
Validation_Data_Master/UVD-3142,Validation_Data_Master/UVD-3142.txt,Validation_Data_Master,0,True,,343,11,13,train,30,30,drop,42
Validation_Data_Master/UVD-3143,Validation_Data_Master/UVD-3143.txt,Validation_Data_Master,0,True,,115,3,25,train,30,30,drop,42
Validation_Data_Master/UVD-3144,Validation_Data_Master/UVD-3144.txt,Validation_Data_Master,0,True,,685,22,25,train,30,30,drop,42
Validation_Data_Master/UVD-3145,Validation_Data_Master/UVD-3145.txt,Validation_Data_Master,0,True,,343,11,13,train,30,30,drop,42
Validation_Data_Master/UVD-3146,Validation_Data_Master/UVD-3146.txt,Validation_Data_Master,0,True,,180,6,0,validation,30,30,drop,42
Validation_Data_Master/UVD-3147,Validation_Data_Master/UVD-3147.txt,Validation_Data_Master,0,True,,122,4,2,train,30,30,drop,42
Validation_Data_Master/UVD-3148,Validation_Data_Master/UVD-3148.txt,Validation_Data_Master,0,True,,343,11,13,validation,30,30,drop,42
Validation_Data_Master/UVD-3149,Validation_Data_Master/UVD-3149.txt,Validation_Data_Master,0,True,,1280,42,20,train,30,30,drop,42
Validation_Data_Master/UVD-3150,Validation_Data_Master/UVD-3150.txt,Validation_Data_Master,0,True,,343,11,13,train,30,30,drop,42
Validation_Data_Master/UVD-3151,Validation_Data_Master/UVD-3151.txt,Validation_Data_Master,0,True,,184,6,4,train,30,30,drop,42
Validation_Data_Master/UVD-3152,Validation_Data_Master/UVD-3152.txt,Validation_Data_Master,0,True,,299,9,29,train,30,30,drop,42
Validation_Data_Master/UVD-3153,Validation_Data_Master/UVD-3153.txt,Validation_Data_Master,0,True,,346,11,16,train,30,30,drop,42
Validation_Data_Master/UVD-3154,Validation_Data_Master/UVD-3154.txt,Validation_Data_Master,0,True,,343,11,13,train,30,30,drop,42
Validation_Data_Master/UVD-3155,Validation_Data_Master/UVD-3155.txt,Validation_Data_Master,0,True,,343,11,13,train,30,30,drop,42
Validation_Data_Master/UVD-3156,Validation_Data_Master/UVD-3156.txt,Validation_Data_Master,0,True,,101,3,11,train,30,30,drop,42
Validation_Data_Master/UVD-3157,Validation_Data_Master/UVD-3157.txt,Validation_Data_Master,0,True,,343,11,13,validation,30,30,drop,42
Validation_Data_Master/UVD-3158,Validation_Data_Master/UVD-3158.txt,Validation_Data_Master,0,True,,351,11,21,test,30,30,drop,42
Validation_Data_Master/UVD-3159,Validation_Data_Master/UVD-3159.txt,Validation_Data_Master,0,True,,94,3,4,train,30,30,drop,42
Validation_Data_Master/UVD-3160,Validation_Data_Master/UVD-3160.txt,Validation_Data_Master,0,True,,343,11,13,validation,30,30,drop,42
Validation_Data_Master/UVD-3161,Validation_Data_Master/UVD-3161.txt,Validation_Data_Master,0,True,,559,18,19,train,30,30,drop,42
Validation_Data_Master/UVD-3162,Validation_Data_Master/UVD-3162.txt,Validation_Data_Master,0,True,,105,3,15,test,30,30,drop,42
Validation_Data_Master/UVD-3163,Validation_Data_Master/UVD-3163.txt,Validation_Data_Master,0,True,,343,11,13,train,30,30,drop,42
Validation_Data_Master/UVD-3164,Validation_Data_Master/UVD-3164.txt,Validation_Data_Master,0,True,,121,4,1,test,30,30,drop,42
Validation_Data_Master/UVD-3165,Validation_Data_Master/UVD-3165.txt,Validation_Data_Master,0,True,,94,3,4,test,30,30,drop,42
Validation_Data_Master/UVD-3166,Validation_Data_Master/UVD-3166.txt,Validation_Data_Master,0,True,,343,11,13,train,30,30,drop,42
Validation_Data_Master/UVD-3167,Validation_Data_Master/UVD-3167.txt,Validation_Data_Master,0,True,,287,9,17,validation,30,30,drop,42
Validation_Data_Master/UVD-3168,Validation_Data_Master/UVD-3168.txt,Validation_Data_Master,0,True,,1426,47,16,validation,30,30,drop,42
Validation_Data_Master/UVD-3169,Validation_Data_Master/UVD-3169.txt,Validation_Data_Master,0,True,,343,11,13,train,30,30,drop,42
Validation_Data_Master/UVD-3170,Validation_Data_Master/UVD-3170.txt,Validation_Data_Master,0,True,,1152,38,12,validation,30,30,drop,42
Validation_Data_Master/UVD-3171,Validation_Data_Master/UVD-3171.txt,Validation_Data_Master,0,True,,95,3,5,validation,30,30,drop,42
Validation_Data_Master/UVD-3172,Validation_Data_Master/UVD-3172.txt,Validation_Data_Master,0,True,,188,6,8,train,30,30,drop,42
Validation_Data_Master/UVD-3173,Validation_Data_Master/UVD-3173.txt,Validation_Data_Master,0,True,,234,7,24,train,30,30,drop,42
Validation_Data_Master/UVD-3174,Validation_Data_Master/UVD-3174.txt,Validation_Data_Master,0,True,,343,11,13,validation,30,30,drop,42
Validation_Data_Master/UVD-3175,Validation_Data_Master/UVD-3175.txt,Validation_Data_Master,0,True,,81,2,21,train,30,30,drop,42
Validation_Data_Master/UVD-3176,Validation_Data_Master/UVD-3176.txt,Validation_Data_Master,0,True,,343,11,13,train,30,30,drop,42
Validation_Data_Master/UVD-3177,Validation_Data_Master/UVD-3177.txt,Validation_Data_Master,0,True,,343,11,13,train,30,30,drop,42
Validation_Data_Master/UVD-3178,Validation_Data_Master/UVD-3178.txt,Validation_Data_Master,0,True,,1667,55,17,train,30,30,drop,42
Validation_Data_Master/UVD-3179,Validation_Data_Master/UVD-3179.txt,Validation_Data_Master,0,True,,343,11,13,test,30,30,drop,42
Validation_Data_Master/UVD-3180,Validation_Data_Master/UVD-3180.txt,Validation_Data_Master,0,True,,2418,80,18,train,30,30,drop,42
Validation_Data_Master/UVD-3181,Validation_Data_Master/UVD-3181.txt,Validation_Data_Master,0,True,,343,11,13,train,30,30,drop,42
Validation_Data_Master/UVD-3182,Validation_Data_Master/UVD-3182.txt,Validation_Data_Master,0,True,,343,11,13,train,30,30,drop,42
Validation_Data_Master/UVD-3183,Validation_Data_Master/UVD-3183.txt,Validation_Data_Master,0,True,,343,11,13,test,30,30,drop,42
Validation_Data_Master/UVD-3184,Validation_Data_Master/UVD-3184.txt,Validation_Data_Master,0,True,,343,11,13,train,30,30,drop,42
Validation_Data_Master/UVD-3185,Validation_Data_Master/UVD-3185.txt,Validation_Data_Master,0,True,,343,11,13,train,30,30,drop,42
Validation_Data_Master/UVD-3186,Validation_Data_Master/UVD-3186.txt,Validation_Data_Master,0,True,,343,11,13,test,30,30,drop,42
Validation_Data_Master/UVD-3187,Validation_Data_Master/UVD-3187.txt,Validation_Data_Master,0,True,,343,11,13,test,30,30,drop,42
Validation_Data_Master/UVD-3188,Validation_Data_Master/UVD-3188.txt,Validation_Data_Master,0,True,,1196,39,26,train,30,30,drop,42
Validation_Data_Master/UVD-3189,Validation_Data_Master/UVD-3189.txt,Validation_Data_Master,0,True,,714,23,24,test,30,30,drop,42
Validation_Data_Master/UVD-3190,Validation_Data_Master/UVD-3190.txt,Validation_Data_Master,0,True,,343,11,13,train,30,30,drop,42
Validation_Data_Master/UVD-3191,Validation_Data_Master/UVD-3191.txt,Validation_Data_Master,0,True,,343,11,13,train,30,30,drop,42
Validation_Data_Master/UVD-3192,Validation_Data_Master/UVD-3192.txt,Validation_Data_Master,0,True,,510,17,0,train,30,30,drop,42
Validation_Data_Master/UVD-3193,Validation_Data_Master/UVD-3193.txt,Validation_Data_Master,0,True,,343,11,13,train,30,30,drop,42
Validation_Data_Master/UVD-3194,Validation_Data_Master/UVD-3194.txt,Validation_Data_Master,0,True,,195,6,15,train,30,30,drop,42
Validation_Data_Master/UVD-3195,Validation_Data_Master/UVD-3195.txt,Validation_Data_Master,0,True,,805,26,25,train,30,30,drop,42
Validation_Data_Master/UVD-3196,Validation_Data_Master/UVD-3196.txt,Validation_Data_Master,0,True,,343,11,13,test,30,30,drop,42
Validation_Data_Master/UVD-3197,Validation_Data_Master/UVD-3197.txt,Validation_Data_Master,0,True,,694,23,4,test,30,30,drop,42
Validation_Data_Master/UVD-3198,Validation_Data_Master/UVD-3198.txt,Validation_Data_Master,0,True,,345,11,15,train,30,30,drop,42
Validation_Data_Master/UVD-3199,Validation_Data_Master/UVD-3199.txt,Validation_Data_Master,0,True,,1097,36,17,train,30,30,drop,42
Validation_Data_Master/UVD-3200,Validation_Data_Master/UVD-3200.txt,Validation_Data_Master,0,True,,435,14,15,train,30,30,drop,42
Validation_Data_Master/UVD-3201,Validation_Data_Master/UVD-3201.txt,Validation_Data_Master,0,True,,343,11,13,test,30,30,drop,42
Validation_Data_Master/UVD-3202,Validation_Data_Master/UVD-3202.txt,Validation_Data_Master,0,True,,180,6,0,train,30,30,drop,42
Validation_Data_Master/UVD-3203,Validation_Data_Master/UVD-3203.txt,Validation_Data_Master,0,True,,343,11,13,train,30,30,drop,42
Validation_Data_Master/UVD-3204,Validation_Data_Master/UVD-3204.txt,Validation_Data_Master,0,True,,694,23,4,test,30,30,drop,42
Validation_Data_Master/UVD-3205,Validation_Data_Master/UVD-3205.txt,Validation_Data_Master,0,True,,343,11,13,test,30,30,drop,42
Validation_Data_Master/UVD-3206,Validation_Data_Master/UVD-3206.txt,Validation_Data_Master,0,True,,179,5,29,train,30,30,drop,42
Validation_Data_Master/UVD-3207,Validation_Data_Master/UVD-3207.txt,Validation_Data_Master,0,True,,343,11,13,validation,30,30,drop,42
Validation_Data_Master/UVD-3208,Validation_Data_Master/UVD-3208.txt,Validation_Data_Master,0,True,,696,23,6,train,30,30,drop,42
Validation_Data_Master/UVD-3209,Validation_Data_Master/UVD-3209.txt,Validation_Data_Master,0,True,,345,11,15,validation,30,30,drop,42
Validation_Data_Master/UVD-3210,Validation_Data_Master/UVD-3210.txt,Validation_Data_Master,0,True,,343,11,13,train,30,30,drop,42
Validation_Data_Master/UVD-3211,Validation_Data_Master/UVD-3211.txt,Validation_Data_Master,0,True,,693,23,3,test,30,30,drop,42
Validation_Data_Master/UVD-3212,Validation_Data_Master/UVD-3212.txt,Validation_Data_Master,0,True,,343,11,13,train,30,30,drop,42
Validation_Data_Master/UVD-3213,Validation_Data_Master/UVD-3213.txt,Validation_Data_Master,0,True,,390,13,0,train,30,30,drop,42
Validation_Data_Master/UVD-3214,Validation_Data_Master/UVD-3214.txt,Validation_Data_Master,0,True,,343,11,13,validation,30,30,drop,42
Validation_Data_Master/UVD-3215,Validation_Data_Master/UVD-3215.txt,Validation_Data_Master,0,True,,693,23,3,train,30,30,drop,42
Validation_Data_Master/UVD-3216,Validation_Data_Master/UVD-3216.txt,Validation_Data_Master,0,True,,343,11,13,train,30,30,drop,42
Validation_Data_Master/UVD-3217,Validation_Data_Master/UVD-3217.txt,Validation_Data_Master,0,True,,618,20,18,validation,30,30,drop,42
Validation_Data_Master/UVD-3218,Validation_Data_Master/UVD-3218.txt,Validation_Data_Master,0,True,,343,11,13,train,30,30,drop,42
Validation_Data_Master/UVD-3219,Validation_Data_Master/UVD-3219.txt,Validation_Data_Master,0,True,,693,23,3,train,30,30,drop,42
Validation_Data_Master/UVD-3220,Validation_Data_Master/UVD-3220.txt,Validation_Data_Master,0,True,,343,11,13,validation,30,30,drop,42
Validation_Data_Master/UVD-3221,Validation_Data_Master/UVD-3221.txt,Validation_Data_Master,0,True,,3149,104,29,train,30,30,drop,42
Validation_Data_Master/UVD-3222,Validation_Data_Master/UVD-3222.txt,Validation_Data_Master,0,True,,343,11,13,train,30,30,drop,42
Validation_Data_Master/UVD-3223,Validation_Data_Master/UVD-3223.txt,Validation_Data_Master,0,True,,146,4,26,train,30,30,drop,42
Validation_Data_Master/UVD-3224,Validation_Data_Master/UVD-3224.txt,Validation_Data_Master,0,True,,138,4,18,validation,30,30,drop,42
Validation_Data_Master/UVD-3225,Validation_Data_Master/UVD-3225.txt,Validation_Data_Master,0,True,,694,23,4,train,30,30,drop,42
Validation_Data_Master/UVD-3226,Validation_Data_Master/UVD-3226.txt,Validation_Data_Master,0,True,,736,24,16,train,30,30,drop,42
Validation_Data_Master/UVD-3227,Validation_Data_Master/UVD-3227.txt,Validation_Data_Master,0,True,,421,14,1,test,30,30,drop,42
Validation_Data_Master/UVD-3228,Validation_Data_Master/UVD-3228.txt,Validation_Data_Master,0,True,,349,11,19,train,30,30,drop,42
Validation_Data_Master/UVD-3229,Validation_Data_Master/UVD-3229.txt,Validation_Data_Master,0,True,,693,23,3,train,30,30,drop,42
Validation_Data_Master/UVD-3230,Validation_Data_Master/UVD-3230.txt,Validation_Data_Master,0,True,,343,11,13,train,30,30,drop,42
Validation_Data_Master/UVD-3231,Validation_Data_Master/UVD-3231.txt,Validation_Data_Master,0,True,,172,5,22,test,30,30,drop,42
Validation_Data_Master/UVD-3232,Validation_Data_Master/UVD-3232.txt,Validation_Data_Master,0,True,,379,12,19,train,30,30,drop,42
Validation_Data_Master/UVD-3233,Validation_Data_Master/UVD-3233.txt,Validation_Data_Master,0,True,,115,3,25,test,30,30,drop,42
Validation_Data_Master/UVD-3234,Validation_Data_Master/UVD-3234.txt,Validation_Data_Master,0,True,,694,23,4,validation,30,30,drop,42
Validation_Data_Master/UVD-3235,Validation_Data_Master/UVD-3235.txt,Validation_Data_Master,0,True,,226,7,16,test,30,30,drop,42
Validation_Data_Master/UVD-3236,Validation_Data_Master/UVD-3236.txt,Validation_Data_Master,0,True,,343,11,13,train,30,30,drop,42
Validation_Data_Master/UVD-3237,Validation_Data_Master/UVD-3237.txt,Validation_Data_Master,0,True,,122,4,2,validation,30,30,drop,42
Validation_Data_Master/UVD-3238,Validation_Data_Master/UVD-3238.txt,Validation_Data_Master,0,True,,343,11,13,test,30,30,drop,42
Validation_Data_Master/UVD-3239,Validation_Data_Master/UVD-3239.txt,Validation_Data_Master,0,True,,109,3,19,train,30,30,drop,42
Validation_Data_Master/UVD-3240,Validation_Data_Master/UVD-3240.txt,Validation_Data_Master,0,True,,693,23,3,validation,30,30,drop,42
Validation_Data_Master/UVD-3241,Validation_Data_Master/UVD-3241.txt,Validation_Data_Master,0,True,,1280,42,20,train,30,30,drop,42
Validation_Data_Master/UVD-3242,Validation_Data_Master/UVD-3242.txt,Validation_Data_Master,0,True,,343,11,13,train,30,30,drop,42
Validation_Data_Master/UVD-3243,Validation_Data_Master/UVD-3243.txt,Validation_Data_Master,0,True,,343,11,13,train,30,30,drop,42
Validation_Data_Master/UVD-3244,Validation_Data_Master/UVD-3244.txt,Validation_Data_Master,0,True,,1381,46,1,train,30,30,drop,42
Validation_Data_Master/UVD-3245,Validation_Data_Master/UVD-3245.txt,Validation_Data_Master,0,True,,299,9,29,train,30,30,drop,42
Validation_Data_Master/UVD-3246,Validation_Data_Master/UVD-3246.txt,Validation_Data_Master,0,True,,95,3,5,train,30,30,drop,42
Validation_Data_Master/UVD-3247,Validation_Data_Master/UVD-3247.txt,Validation_Data_Master,0,True,,1327,44,7,train,30,30,drop,42
Validation_Data_Master/UVD-3248,Validation_Data_Master/UVD-3248.txt,Validation_Data_Master,0,True,,343,11,13,train,30,30,drop,42
Validation_Data_Master/UVD-3249,Validation_Data_Master/UVD-3249.txt,Validation_Data_Master,0,True,,100,3,10,train,30,30,drop,42
Validation_Data_Master/UVD-3250,Validation_Data_Master/UVD-3250.txt,Validation_Data_Master,0,True,,343,11,13,test,30,30,drop,42
Validation_Data_Master/UVD-3251,Validation_Data_Master/UVD-3251.txt,Validation_Data_Master,0,True,,94,3,4,train,30,30,drop,42
Validation_Data_Master/UVD-3252,Validation_Data_Master/UVD-3252.txt,Validation_Data_Master,0,True,,343,11,13,train,30,30,drop,42
Validation_Data_Master/UVD-3253,Validation_Data_Master/UVD-3253.txt,Validation_Data_Master,0,True,,343,11,13,validation,30,30,drop,42
Validation_Data_Master/UVD-3254,Validation_Data_Master/UVD-3254.txt,Validation_Data_Master,0,True,,343,11,13,validation,30,30,drop,42
Validation_Data_Master/UVD-3255,Validation_Data_Master/UVD-3255.txt,Validation_Data_Master,0,True,,343,11,13,test,30,30,drop,42
Validation_Data_Master/UVD-3256,Validation_Data_Master/UVD-3256.txt,Validation_Data_Master,0,True,,1552,51,22,train,30,30,drop,42
Validation_Data_Master/UVD-3257,Validation_Data_Master/UVD-3257.txt,Validation_Data_Master,0,True,,343,11,13,train,30,30,drop,42
Validation_Data_Master/UVD-3258,Validation_Data_Master/UVD-3258.txt,Validation_Data_Master,0,True,,134,4,14,train,30,30,drop,42
Validation_Data_Master/UVD-3259,Validation_Data_Master/UVD-3259.txt,Validation_Data_Master,0,True,,343,11,13,train,30,30,drop,42
Validation_Data_Master/UVD-3260,Validation_Data_Master/UVD-3260.txt,Validation_Data_Master,0,True,,343,11,13,train,30,30,drop,42
Validation_Data_Master/UVD-3261,Validation_Data_Master/UVD-3261.txt,Validation_Data_Master,0,True,,343,11,13,train,30,30,drop,42
Validation_Data_Master/UVD-3262,Validation_Data_Master/UVD-3262.txt,Validation_Data_Master,0,True,,343,11,13,test,30,30,drop,42
Validation_Data_Master/UVD-3263,Validation_Data_Master/UVD-3263.txt,Validation_Data_Master,0,True,,272,9,2,train,30,30,drop,42
Validation_Data_Master/UVD-3264,Validation_Data_Master/UVD-3264.txt,Validation_Data_Master,0,True,,692,23,2,validation,30,30,drop,42
Validation_Data_Master/UVD-3265,Validation_Data_Master/UVD-3265.txt,Validation_Data_Master,0,True,,343,11,13,train,30,30,drop,42
Validation_Data_Master/UVD-3266,Validation_Data_Master/UVD-3266.txt,Validation_Data_Master,0,True,,343,11,13,test,30,30,drop,42
Validation_Data_Master/UVD-3267,Validation_Data_Master/UVD-3267.txt,Validation_Data_Master,0,True,,695,23,5,train,30,30,drop,42
Validation_Data_Master/UVD-3268,Validation_Data_Master/UVD-3268.txt,Validation_Data_Master,0,True,,103,3,13,test,30,30,drop,42
Validation_Data_Master/UVD-3269,Validation_Data_Master/UVD-3269.txt,Validation_Data_Master,0,True,,343,11,13,validation,30,30,drop,42
Validation_Data_Master/UVD-3270,Validation_Data_Master/UVD-3270.txt,Validation_Data_Master,0,True,,343,11,13,train,30,30,drop,42
Validation_Data_Master/UVD-3271,Validation_Data_Master/UVD-3271.txt,Validation_Data_Master,0,True,,343,11,13,train,30,30,drop,42
Validation_Data_Master/UVD-3272,Validation_Data_Master/UVD-3272.txt,Validation_Data_Master,0,True,,343,11,13,train,30,30,drop,42
Validation_Data_Master/UVD-3273,Validation_Data_Master/UVD-3273.txt,Validation_Data_Master,0,True,,343,11,13,train,30,30,drop,42
Validation_Data_Master/UVD-3274,Validation_Data_Master/UVD-3274.txt,Validation_Data_Master,0,True,,343,11,13,validation,30,30,drop,42
Validation_Data_Master/UVD-3275,Validation_Data_Master/UVD-3275.txt,Validation_Data_Master,0,True,,343,11,13,train,30,30,drop,42
Validation_Data_Master/UVD-3276,Validation_Data_Master/UVD-3276.txt,Validation_Data_Master,0,True,,343,11,13,validation,30,30,drop,42
Validation_Data_Master/UVD-3277,Validation_Data_Master/UVD-3277.txt,Validation_Data_Master,0,True,,343,11,13,train,30,30,drop,42
Validation_Data_Master/UVD-3278,Validation_Data_Master/UVD-3278.txt,Validation_Data_Master,0,True,,343,11,13,train,30,30,drop,42
Validation_Data_Master/UVD-3279,Validation_Data_Master/UVD-3279.txt,Validation_Data_Master,0,True,,1338,44,18,train,30,30,drop,42
Validation_Data_Master/UVD-3280,Validation_Data_Master/UVD-3280.txt,Validation_Data_Master,0,True,,343,11,13,train,30,30,drop,42
Validation_Data_Master/UVD-3281,Validation_Data_Master/UVD-3281.txt,Validation_Data_Master,0,True,,343,11,13,train,30,30,drop,42
Validation_Data_Master/UVD-3282,Validation_Data_Master/UVD-3282.txt,Validation_Data_Master,0,True,,343,11,13,train,30,30,drop,42
Validation_Data_Master/UVD-3283,Validation_Data_Master/UVD-3283.txt,Validation_Data_Master,0,True,,343,11,13,train,30,30,drop,42
Validation_Data_Master/UVD-3284,Validation_Data_Master/UVD-3284.txt,Validation_Data_Master,0,True,,379,12,19,train,30,30,drop,42
Validation_Data_Master/UVD-3285,Validation_Data_Master/UVD-3285.txt,Validation_Data_Master,0,True,,343,11,13,train,30,30,drop,42
Validation_Data_Master/UVD-3286,Validation_Data_Master/UVD-3286.txt,Validation_Data_Master,0,True,,343,11,13,train,30,30,drop,42
Validation_Data_Master/UVD-3287,Validation_Data_Master/UVD-3287.txt,Validation_Data_Master,0,True,,343,11,13,train,30,30,drop,42
Validation_Data_Master/UVD-3288,Validation_Data_Master/UVD-3288.txt,Validation_Data_Master,0,True,,343,11,13,train,30,30,drop,42
Validation_Data_Master/UVD-3289,Validation_Data_Master/UVD-3289.txt,Validation_Data_Master,0,True,,343,11,13,train,30,30,drop,42
Validation_Data_Master/UVD-3290,Validation_Data_Master/UVD-3290.txt,Validation_Data_Master,0,True,,181,6,1,validation,30,30,drop,42
Validation_Data_Master/UVD-3291,Validation_Data_Master/UVD-3291.txt,Validation_Data_Master,0,True,,343,11,13,train,30,30,drop,42
Validation_Data_Master/UVD-3292,Validation_Data_Master/UVD-3292.txt,Validation_Data_Master,0,True,,343,11,13,train,30,30,drop,42
Validation_Data_Master/UVD-3293,Validation_Data_Master/UVD-3293.txt,Validation_Data_Master,0,True,,343,11,13,test,30,30,drop,42
Validation_Data_Master/UVD-3294,Validation_Data_Master/UVD-3294.txt,Validation_Data_Master,0,True,,343,11,13,train,30,30,drop,42
Validation_Data_Master/UVD-3295,Validation_Data_Master/UVD-3295.txt,Validation_Data_Master,0,True,,343,11,13,validation,30,30,drop,42
Validation_Data_Master/UVD-3296,Validation_Data_Master/UVD-3296.txt,Validation_Data_Master,0,True,,343,11,13,train,30,30,drop,42
Validation_Data_Master/UVD-3297,Validation_Data_Master/UVD-3297.txt,Validation_Data_Master,0,True,,343,11,13,train,30,30,drop,42
Validation_Data_Master/UVD-3298,Validation_Data_Master/UVD-3298.txt,Validation_Data_Master,0,True,,343,11,13,train,30,30,drop,42
Validation_Data_Master/UVD-3299,Validation_Data_Master/UVD-3299.txt,Validation_Data_Master,0,True,,343,11,13,validation,30,30,drop,42
Validation_Data_Master/UVD-3300,Validation_Data_Master/UVD-3300.txt,Validation_Data_Master,0,True,,343,11,13,train,30,30,drop,42
Validation_Data_Master/UVD-3301,Validation_Data_Master/UVD-3301.txt,Validation_Data_Master,0,True,,343,11,13,train,30,30,drop,42
Validation_Data_Master/UVD-3302,Validation_Data_Master/UVD-3302.txt,Validation_Data_Master,0,True,,343,11,13,train,30,30,drop,42
Validation_Data_Master/UVD-3303,Validation_Data_Master/UVD-3303.txt,Validation_Data_Master,0,True,,343,11,13,train,30,30,drop,42
Validation_Data_Master/UVD-3304,Validation_Data_Master/UVD-3304.txt,Validation_Data_Master,0,True,,343,11,13,train,30,30,drop,42
Validation_Data_Master/UVD-3305,Validation_Data_Master/UVD-3305.txt,Validation_Data_Master,0,True,,343,11,13,train,30,30,drop,42
Validation_Data_Master/UVD-3306,Validation_Data_Master/UVD-3306.txt,Validation_Data_Master,0,True,,343,11,13,train,30,30,drop,42
Validation_Data_Master/UVD-3307,Validation_Data_Master/UVD-3307.txt,Validation_Data_Master,0,True,,343,11,13,train,30,30,drop,42
Validation_Data_Master/UVD-3308,Validation_Data_Master/UVD-3308.txt,Validation_Data_Master,0,True,,343,11,13,train,30,30,drop,42
Validation_Data_Master/UVD-3309,Validation_Data_Master/UVD-3309.txt,Validation_Data_Master,0,True,,343,11,13,train,30,30,drop,42
Validation_Data_Master/UVD-3310,Validation_Data_Master/UVD-3310.txt,Validation_Data_Master,0,True,,343,11,13,train,30,30,drop,42
Validation_Data_Master/UVD-3311,Validation_Data_Master/UVD-3311.txt,Validation_Data_Master,0,True,,343,11,13,train,30,30,drop,42
Validation_Data_Master/UVD-3312,Validation_Data_Master/UVD-3312.txt,Validation_Data_Master,0,True,,93,3,3,validation,30,30,drop,42
Validation_Data_Master/UVD-3313,Validation_Data_Master/UVD-3313.txt,Validation_Data_Master,0,True,,343,11,13,train,30,30,drop,42
Validation_Data_Master/UVD-3314,Validation_Data_Master/UVD-3314.txt,Validation_Data_Master,0,True,,343,11,13,test,30,30,drop,42
Validation_Data_Master/UVD-3315,Validation_Data_Master/UVD-3315.txt,Validation_Data_Master,0,True,,343,11,13,train,30,30,drop,42
Validation_Data_Master/UVD-3316,Validation_Data_Master/UVD-3316.txt,Validation_Data_Master,0,True,,343,11,13,validation,30,30,drop,42
Validation_Data_Master/UVD-3317,Validation_Data_Master/UVD-3317.txt,Validation_Data_Master,0,True,,343,11,13,train,30,30,drop,42
Validation_Data_Master/UVD-3318,Validation_Data_Master/UVD-3318.txt,Validation_Data_Master,0,True,,343,11,13,train,30,30,drop,42
Validation_Data_Master/UVD-3319,Validation_Data_Master/UVD-3319.txt,Validation_Data_Master,0,True,,343,11,13,train,30,30,drop,42
Validation_Data_Master/UVD-3320,Validation_Data_Master/UVD-3320.txt,Validation_Data_Master,0,True,,343,11,13,test,30,30,drop,42
Validation_Data_Master/UVD-3321,Validation_Data_Master/UVD-3321.txt,Validation_Data_Master,0,True,,458,15,8,train,30,30,drop,42
Validation_Data_Master/UVD-3322,Validation_Data_Master/UVD-3322.txt,Validation_Data_Master,0,True,,343,11,13,train,30,30,drop,42
Validation_Data_Master/UVD-3323,Validation_Data_Master/UVD-3323.txt,Validation_Data_Master,0,True,,346,11,16,train,30,30,drop,42
Validation_Data_Master/UVD-3324,Validation_Data_Master/UVD-3324.txt,Validation_Data_Master,0,True,,1117,37,7,test,30,30,drop,42
Validation_Data_Master/UVD-3325,Validation_Data_Master/UVD-3325.txt,Validation_Data_Master,0,True,,343,11,13,train,30,30,drop,42
Validation_Data_Master/UVD-3326,Validation_Data_Master/UVD-3326.txt,Validation_Data_Master,0,True,,343,11,13,validation,30,30,drop,42
Validation_Data_Master/UVD-3327,Validation_Data_Master/UVD-3327.txt,Validation_Data_Master,0,True,,479,15,29,train,30,30,drop,42
Validation_Data_Master/UVD-3328,Validation_Data_Master/UVD-3328.txt,Validation_Data_Master,0,True,,343,11,13,train,30,30,drop,42
Validation_Data_Master/UVD-3329,Validation_Data_Master/UVD-3329.txt,Validation_Data_Master,0,True,,93,3,3,train,30,30,drop,42
Validation_Data_Master/UVD-3330,Validation_Data_Master/UVD-3330.txt,Validation_Data_Master,0,True,,343,11,13,train,30,30,drop,42
Validation_Data_Master/UVD-3331,Validation_Data_Master/UVD-3331.txt,Validation_Data_Master,0,True,,369,12,9,train,30,30,drop,42
Validation_Data_Master/UVD-3332,Validation_Data_Master/UVD-3332.txt,Validation_Data_Master,0,True,,343,11,13,train,30,30,drop,42
Validation_Data_Master/UVD-3333,Validation_Data_Master/UVD-3333.txt,Validation_Data_Master,0,True,,246,8,6,validation,30,30,drop,42
Validation_Data_Master/UVD-3334,Validation_Data_Master/UVD-3334.txt,Validation_Data_Master,0,True,,2980,99,10,train,30,30,drop,42
Validation_Data_Master/UVD-3335,Validation_Data_Master/UVD-3335.txt,Validation_Data_Master,0,True,,325,10,25,test,30,30,drop,42
Validation_Data_Master/UVD-3336,Validation_Data_Master/UVD-3336.txt,Validation_Data_Master,0,True,,343,11,13,train,30,30,drop,42
Validation_Data_Master/UVD-3337,Validation_Data_Master/UVD-3337.txt,Validation_Data_Master,0,True,,343,11,13,test,30,30,drop,42
Validation_Data_Master/UVD-3338,Validation_Data_Master/UVD-3338.txt,Validation_Data_Master,0,True,,249,8,9,train,30,30,drop,42
Validation_Data_Master/UVD-3339,Validation_Data_Master/UVD-3339.txt,Validation_Data_Master,0,True,,343,11,13,train,30,30,drop,42
Validation_Data_Master/UVD-3340,Validation_Data_Master/UVD-3340.txt,Validation_Data_Master,0,True,,93,3,3,train,30,30,drop,42
Validation_Data_Master/UVD-3341,Validation_Data_Master/UVD-3341.txt,Validation_Data_Master,0,True,,343,11,13,train,30,30,drop,42
Validation_Data_Master/UVD-3342,Validation_Data_Master/UVD-3342.txt,Validation_Data_Master,0,True,,357,11,27,train,30,30,drop,42
Validation_Data_Master/UVD-3343,Validation_Data_Master/UVD-3343.txt,Validation_Data_Master,0,True,,343,11,13,validation,30,30,drop,42
Validation_Data_Master/UVD-3344,Validation_Data_Master/UVD-3344.txt,Validation_Data_Master,0,True,,103,3,13,train,30,30,drop,42
Validation_Data_Master/UVD-3345,Validation_Data_Master/UVD-3345.txt,Validation_Data_Master,0,True,,343,11,13,train,30,30,drop,42
Validation_Data_Master/UVD-3346,Validation_Data_Master/UVD-3346.txt,Validation_Data_Master,0,True,,123,4,3,validation,30,30,drop,42
Validation_Data_Master/UVD-3347,Validation_Data_Master/UVD-3347.txt,Validation_Data_Master,0,True,,330,11,0,train,30,30,drop,42
Validation_Data_Master/UVD-3348,Validation_Data_Master/UVD-3348.txt,Validation_Data_Master,0,True,,343,11,13,train,30,30,drop,42
Validation_Data_Master/UVD-3349,Validation_Data_Master/UVD-3349.txt,Validation_Data_Master,0,True,,343,11,13,train,30,30,drop,42
Validation_Data_Master/UVD-3350,Validation_Data_Master/UVD-3350.txt,Validation_Data_Master,0,True,,146,4,26,validation,30,30,drop,42
Validation_Data_Master/UVD-3351,Validation_Data_Master/UVD-3351.txt,Validation_Data_Master,0,True,,138,4,18,train,30,30,drop,42
Validation_Data_Master/UVD-3352,Validation_Data_Master/UVD-3352.txt,Validation_Data_Master,0,True,,343,11,13,validation,30,30,drop,42
Validation_Data_Master/UVD-3353,Validation_Data_Master/UVD-3353.txt,Validation_Data_Master,0,True,,142,4,22,train,30,30,drop,42
Validation_Data_Master/UVD-3354,Validation_Data_Master/UVD-3354.txt,Validation_Data_Master,0,True,,101,3,11,train,30,30,drop,42
Validation_Data_Master/UVD-3355,Validation_Data_Master/UVD-3355.txt,Validation_Data_Master,0,True,,343,11,13,train,30,30,drop,42
Validation_Data_Master/UVD-3356,Validation_Data_Master/UVD-3356.txt,Validation_Data_Master,0,True,,343,11,13,train,30,30,drop,42
Validation_Data_Master/UVD-3357,Validation_Data_Master/UVD-3357.txt,Validation_Data_Master,0,True,,343,11,13,test,30,30,drop,42
Validation_Data_Master/UVD-3358,Validation_Data_Master/UVD-3358.txt,Validation_Data_Master,0,True,,343,11,13,train,30,30,drop,42
Validation_Data_Master/UVD-3359,Validation_Data_Master/UVD-3359.txt,Validation_Data_Master,0,True,,752,25,2,train,30,30,drop,42
Validation_Data_Master/UVD-3360,Validation_Data_Master/UVD-3360.txt,Validation_Data_Master,0,True,,343,11,13,train,30,30,drop,42
Validation_Data_Master/UVD-3361,Validation_Data_Master/UVD-3361.txt,Validation_Data_Master,0,True,,343,11,13,test,30,30,drop,42
Validation_Data_Master/UVD-3362,Validation_Data_Master/UVD-3362.txt,Validation_Data_Master,0,True,,343,11,13,train,30,30,drop,42
Validation_Data_Master/UVD-3363,Validation_Data_Master/UVD-3363.txt,Validation_Data_Master,0,True,,343,11,13,train,30,30,drop,42
Validation_Data_Master/UVD-3364,Validation_Data_Master/UVD-3364.txt,Validation_Data_Master,0,True,,889,29,19,train,30,30,drop,42
Validation_Data_Master/UVD-3365,Validation_Data_Master/UVD-3365.txt,Validation_Data_Master,0,True,,343,11,13,train,30,30,drop,42
Validation_Data_Master/UVD-3366,Validation_Data_Master/UVD-3366.txt,Validation_Data_Master,0,True,,343,11,13,validation,30,30,drop,42
Validation_Data_Master/UVD-3367,Validation_Data_Master/UVD-3367.txt,Validation_Data_Master,0,True,,343,11,13,train,30,30,drop,42
Validation_Data_Master/UVD-3368,Validation_Data_Master/UVD-3368.txt,Validation_Data_Master,0,True,,181,6,1,train,30,30,drop,42
Validation_Data_Master/UVD-3369,Validation_Data_Master/UVD-3369.txt,Validation_Data_Master,0,True,,751,25,1,train,30,30,drop,42
Validation_Data_Master/UVD-3370,Validation_Data_Master/UVD-3370.txt,Validation_Data_Master,0,True,,343,11,13,train,30,30,drop,42
Validation_Data_Master/UVD-3371,Validation_Data_Master/UVD-3371.txt,Validation_Data_Master,0,True,,343,11,13,test,30,30,drop,42
Validation_Data_Master/UVD-3372,Validation_Data_Master/UVD-3372.txt,Validation_Data_Master,0,True,,343,11,13,validation,30,30,drop,42
Validation_Data_Master/UVD-3373,Validation_Data_Master/UVD-3373.txt,Validation_Data_Master,0,True,,343,11,13,validation,30,30,drop,42
Validation_Data_Master/UVD-3374,Validation_Data_Master/UVD-3374.txt,Validation_Data_Master,0,True,,343,11,13,test,30,30,drop,42
Validation_Data_Master/UVD-3375,Validation_Data_Master/UVD-3375.txt,Validation_Data_Master,0,True,,343,11,13,train,30,30,drop,42
Validation_Data_Master/UVD-3376,Validation_Data_Master/UVD-3376.txt,Validation_Data_Master,0,True,,343,11,13,test,30,30,drop,42
Validation_Data_Master/UVD-3377,Validation_Data_Master/UVD-3377.txt,Validation_Data_Master,0,True,,343,11,13,test,30,30,drop,42
Validation_Data_Master/UVD-3378,Validation_Data_Master/UVD-3378.txt,Validation_Data_Master,0,True,,343,11,13,train,30,30,drop,42
Validation_Data_Master/UVD-3379,Validation_Data_Master/UVD-3379.txt,Validation_Data_Master,0,True,,1622,54,2,validation,30,30,drop,42
Validation_Data_Master/UVD-3380,Validation_Data_Master/UVD-3380.txt,Validation_Data_Master,0,True,,1133,37,23,train,30,30,drop,42
Validation_Data_Master/UVD-3381,Validation_Data_Master/UVD-3381.txt,Validation_Data_Master,0,True,,343,11,13,train,30,30,drop,42
Validation_Data_Master/UVD-3382,Validation_Data_Master/UVD-3382.txt,Validation_Data_Master,0,True,,343,11,13,train,30,30,drop,42
Validation_Data_Master/UVD-3383,Validation_Data_Master/UVD-3383.txt,Validation_Data_Master,0,True,,343,11,13,train,30,30,drop,42
Validation_Data_Master/UVD-3384,Validation_Data_Master/UVD-3384.txt,Validation_Data_Master,0,True,,343,11,13,train,30,30,drop,42
Validation_Data_Master/UVD-3385,Validation_Data_Master/UVD-3385.txt,Validation_Data_Master,0,True,,1569,52,9,train,30,30,drop,42
Validation_Data_Master/UVD-3386,Validation_Data_Master/UVD-3386.txt,Validation_Data_Master,0,True,,343,11,13,train,30,30,drop,42
Validation_Data_Master/UVD-3387,Validation_Data_Master/UVD-3387.txt,Validation_Data_Master,0,True,,343,11,13,train,30,30,drop,42
Validation_Data_Master/UVD-3388,Validation_Data_Master/UVD-3388.txt,Validation_Data_Master,0,True,,343,11,13,train,30,30,drop,42
Validation_Data_Master/UVD-3389,Validation_Data_Master/UVD-3389.txt,Validation_Data_Master,0,True,,343,11,13,validation,30,30,drop,42
Validation_Data_Master/UVD-3390,Validation_Data_Master/UVD-3390.txt,Validation_Data_Master,0,True,,343,11,13,train,30,30,drop,42
Validation_Data_Master/UVD-3391,Validation_Data_Master/UVD-3391.txt,Validation_Data_Master,0,True,,93,3,3,validation,30,30,drop,42
Validation_Data_Master/UVD-3392,Validation_Data_Master/UVD-3392.txt,Validation_Data_Master,0,True,,343,11,13,test,30,30,drop,42
Validation_Data_Master/UVD-3393,Validation_Data_Master/UVD-3393.txt,Validation_Data_Master,0,True,,334,11,4,train,30,30,drop,42
Validation_Data_Master/UVD-3394,Validation_Data_Master/UVD-3394.txt,Validation_Data_Master,0,True,,334,11,4,train,30,30,drop,42
Validation_Data_Master/UVD-3395,Validation_Data_Master/UVD-3395.txt,Validation_Data_Master,0,True,,277,9,7,train,30,30,drop,42
Validation_Data_Master/UVD-3396,Validation_Data_Master/UVD-3396.txt,Validation_Data_Master,0,True,,334,11,4,train,30,30,drop,42
Validation_Data_Master/UVD-3397,Validation_Data_Master/UVD-3397.txt,Validation_Data_Master,0,True,,343,11,13,train,30,30,drop,42
Validation_Data_Master/UVD-3398,Validation_Data_Master/UVD-3398.txt,Validation_Data_Master,0,True,,735,24,15,train,30,30,drop,42
Validation_Data_Master/UVD-3399,Validation_Data_Master/UVD-3399.txt,Validation_Data_Master,0,True,,343,11,13,train,30,30,drop,42
Validation_Data_Master/UVD-3400,Validation_Data_Master/UVD-3400.txt,Validation_Data_Master,0,True,,343,11,13,train,30,30,drop,42
Validation_Data_Master/UVD-3401,Validation_Data_Master/UVD-3401.txt,Validation_Data_Master,0,True,,343,11,13,train,30,30,drop,42
Validation_Data_Master/UVD-3402,Validation_Data_Master/UVD-3402.txt,Validation_Data_Master,0,True,,343,11,13,train,30,30,drop,42
Validation_Data_Master/UVD-3403,Validation_Data_Master/UVD-3403.txt,Validation_Data_Master,0,True,,343,11,13,train,30,30,drop,42
Validation_Data_Master/UVD-3404,Validation_Data_Master/UVD-3404.txt,Validation_Data_Master,0,True,,343,11,13,train,30,30,drop,42
Validation_Data_Master/UVD-3405,Validation_Data_Master/UVD-3405.txt,Validation_Data_Master,0,True,,343,11,13,validation,30,30,drop,42
Validation_Data_Master/UVD-3406,Validation_Data_Master/UVD-3406.txt,Validation_Data_Master,0,True,,343,11,13,train,30,30,drop,42
Validation_Data_Master/UVD-3407,Validation_Data_Master/UVD-3407.txt,Validation_Data_Master,0,True,,343,11,13,test,30,30,drop,42
Validation_Data_Master/UVD-3408,Validation_Data_Master/UVD-3408.txt,Validation_Data_Master,0,True,,343,11,13,test,30,30,drop,42
Validation_Data_Master/UVD-3409,Validation_Data_Master/UVD-3409.txt,Validation_Data_Master,0,True,,343,11,13,validation,30,30,drop,42
Validation_Data_Master/UVD-3410,Validation_Data_Master/UVD-3410.txt,Validation_Data_Master,0,True,,343,11,13,train,30,30,drop,42
Validation_Data_Master/UVD-3411,Validation_Data_Master/UVD-3411.txt,Validation_Data_Master,0,True,,343,11,13,train,30,30,drop,42
Validation_Data_Master/UVD-3412,Validation_Data_Master/UVD-3412.txt,Validation_Data_Master,0,True,,1436,47,26,test,30,30,drop,42
Validation_Data_Master/UVD-3413,Validation_Data_Master/UVD-3413.txt,Validation_Data_Master,0,True,,639,21,9,train,30,30,drop,42
Validation_Data_Master/UVD-3414,Validation_Data_Master/UVD-3414.txt,Validation_Data_Master,0,True,,343,11,13,test,30,30,drop,42
Validation_Data_Master/UVD-3415,Validation_Data_Master/UVD-3415.txt,Validation_Data_Master,0,True,,249,8,9,train,30,30,drop,42
Validation_Data_Master/UVD-3416,Validation_Data_Master/UVD-3416.txt,Validation_Data_Master,0,True,,167,5,17,train,30,30,drop,42
Validation_Data_Master/UVD-3417,Validation_Data_Master/UVD-3417.txt,Validation_Data_Master,0,True,,343,11,13,train,30,30,drop,42
Validation_Data_Master/UVD-3418,Validation_Data_Master/UVD-3418.txt,Validation_Data_Master,0,True,,142,4,22,validation,30,30,drop,42
Validation_Data_Master/UVD-3419,Validation_Data_Master/UVD-3419.txt,Validation_Data_Master,0,True,,251,8,11,train,30,30,drop,42
Validation_Data_Master/UVD-3420,Validation_Data_Master/UVD-3420.txt,Validation_Data_Master,0,True,,343,11,13,train,30,30,drop,42
Validation_Data_Master/UVD-3421,Validation_Data_Master/UVD-3421.txt,Validation_Data_Master,0,True,,343,11,13,validation,30,30,drop,42
Validation_Data_Master/UVD-3422,Validation_Data_Master/UVD-3422.txt,Validation_Data_Master,0,True,,343,11,13,train,30,30,drop,42
Validation_Data_Master/UVD-3423,Validation_Data_Master/UVD-3423.txt,Validation_Data_Master,0,True,,343,11,13,train,30,30,drop,42
Validation_Data_Master/UVD-3424,Validation_Data_Master/UVD-3424.txt,Validation_Data_Master,0,True,,662,22,2,train,30,30,drop,42
Validation_Data_Master/UVD-3425,Validation_Data_Master/UVD-3425.txt,Validation_Data_Master,0,True,,343,11,13,train,30,30,drop,42
Validation_Data_Master/UVD-3426,Validation_Data_Master/UVD-3426.txt,Validation_Data_Master,0,True,,343,11,13,train,30,30,drop,42
Validation_Data_Master/UVD-3427,Validation_Data_Master/UVD-3427.txt,Validation_Data_Master,0,True,,343,11,13,train,30,30,drop,42
Validation_Data_Master/UVD-3428,Validation_Data_Master/UVD-3428.txt,Validation_Data_Master,0,True,,343,11,13,train,30,30,drop,42
Validation_Data_Master/UVD-3429,Validation_Data_Master/UVD-3429.txt,Validation_Data_Master,0,True,,343,11,13,train,30,30,drop,42
Validation_Data_Master/UVD-3430,Validation_Data_Master/UVD-3430.txt,Validation_Data_Master,0,True,,343,11,13,train,30,30,drop,42
Validation_Data_Master/UVD-3431,Validation_Data_Master/UVD-3431.txt,Validation_Data_Master,0,True,,343,11,13,train,30,30,drop,42
Validation_Data_Master/UVD-3432,Validation_Data_Master/UVD-3432.txt,Validation_Data_Master,0,True,,343,11,13,train,30,30,drop,42
Validation_Data_Master/UVD-3433,Validation_Data_Master/UVD-3433.txt,Validation_Data_Master,0,True,,531,17,21,validation,30,30,drop,42
Validation_Data_Master/UVD-3434,Validation_Data_Master/UVD-3434.txt,Validation_Data_Master,0,True,,2874,95,24,test,30,30,drop,42
Validation_Data_Master/UVD-3435,Validation_Data_Master/UVD-3435.txt,Validation_Data_Master,0,True,,343,11,13,train,30,30,drop,42
Validation_Data_Master/UVD-3436,Validation_Data_Master/UVD-3436.txt,Validation_Data_Master,0,True,,1527,50,27,validation,30,30,drop,42
Validation_Data_Master/UVD-3437,Validation_Data_Master/UVD-3437.txt,Validation_Data_Master,0,True,,1683,56,3,train,30,30,drop,42
Validation_Data_Master/UVD-3438,Validation_Data_Master/UVD-3438.txt,Validation_Data_Master,0,True,,230,7,20,train,30,30,drop,42
Validation_Data_Master/UVD-3439,Validation_Data_Master/UVD-3439.txt,Validation_Data_Master,0,True,,343,11,13,train,30,30,drop,42
Validation_Data_Master/UVD-3440,Validation_Data_Master/UVD-3440.txt,Validation_Data_Master,0,True,,1539,51,9,train,30,30,drop,42
Validation_Data_Master/UVD-3441,Validation_Data_Master/UVD-3441.txt,Validation_Data_Master,0,True,,101,3,11,train,30,30,drop,42
Validation_Data_Master/UVD-3442,Validation_Data_Master/UVD-3442.txt,Validation_Data_Master,0,True,,2837,94,17,train,30,30,drop,42
Validation_Data_Master/UVD-3443,Validation_Data_Master/UVD-3443.txt,Validation_Data_Master,0,True,,343,11,13,train,30,30,drop,42
Validation_Data_Master/UVD-3444,Validation_Data_Master/UVD-3444.txt,Validation_Data_Master,0,True,,343,11,13,validation,30,30,drop,42
Validation_Data_Master/UVD-3445,Validation_Data_Master/UVD-3445.txt,Validation_Data_Master,0,True,,1293,43,3,test,30,30,drop,42
Validation_Data_Master/UVD-3446,Validation_Data_Master/UVD-3446.txt,Validation_Data_Master,0,True,,191,6,11,train,30,30,drop,42
Validation_Data_Master/UVD-3447,Validation_Data_Master/UVD-3447.txt,Validation_Data_Master,0,True,,2417,80,17,train,30,30,drop,42
Validation_Data_Master/UVD-3448,Validation_Data_Master/UVD-3448.txt,Validation_Data_Master,0,True,,343,11,13,train,30,30,drop,42
Validation_Data_Master/UVD-3449,Validation_Data_Master/UVD-3449.txt,Validation_Data_Master,0,True,,570,19,0,train,30,30,drop,42
Validation_Data_Master/UVD-3450,Validation_Data_Master/UVD-3450.txt,Validation_Data_Master,0,True,,391,13,1,train,30,30,drop,42
Validation_Data_Master/UVD-3451,Validation_Data_Master/UVD-3451.txt,Validation_Data_Master,0,True,,343,11,13,train,30,30,drop,42
Validation_Data_Master/UVD-3452,Validation_Data_Master/UVD-3452.txt,Validation_Data_Master,0,True,,343,11,13,train,30,30,drop,42
Validation_Data_Master/UVD-3453,Validation_Data_Master/UVD-3453.txt,Validation_Data_Master,0,True,,343,11,13,train,30,30,drop,42
Validation_Data_Master/UVD-3454,Validation_Data_Master/UVD-3454.txt,Validation_Data_Master,0,True,,147,4,27,validation,30,30,drop,42
Validation_Data_Master/UVD-3455,Validation_Data_Master/UVD-3455.txt,Validation_Data_Master,0,True,,343,11,13,train,30,30,drop,42
Validation_Data_Master/UVD-3456,Validation_Data_Master/UVD-3456.txt,Validation_Data_Master,0,True,,343,11,13,train,30,30,drop,42
Validation_Data_Master/UVD-3457,Validation_Data_Master/UVD-3457.txt,Validation_Data_Master,0,True,,343,11,13,train,30,30,drop,42
Validation_Data_Master/UVD-3458,Validation_Data_Master/UVD-3458.txt,Validation_Data_Master,0,True,,343,11,13,validation,30,30,drop,42
Validation_Data_Master/UVD-3459,Validation_Data_Master/UVD-3459.txt,Validation_Data_Master,0,True,,343,11,13,train,30,30,drop,42
Validation_Data_Master/UVD-3460,Validation_Data_Master/UVD-3460.txt,Validation_Data_Master,0,True,,343,11,13,train,30,30,drop,42
Validation_Data_Master/UVD-3461,Validation_Data_Master/UVD-3461.txt,Validation_Data_Master,0,True,,1845,61,15,train,30,30,drop,42
Validation_Data_Master/UVD-3462,Validation_Data_Master/UVD-3462.txt,Validation_Data_Master,0,True,,369,12,9,train,30,30,drop,42
Validation_Data_Master/UVD-3463,Validation_Data_Master/UVD-3463.txt,Validation_Data_Master,0,True,,343,11,13,train,30,30,drop,42
Validation_Data_Master/UVD-3464,Validation_Data_Master/UVD-3464.txt,Validation_Data_Master,0,True,,343,11,13,validation,30,30,drop,42
Validation_Data_Master/UVD-3465,Validation_Data_Master/UVD-3465.txt,Validation_Data_Master,0,True,,809,26,29,train,30,30,drop,42
Validation_Data_Master/UVD-3466,Validation_Data_Master/UVD-3466.txt,Validation_Data_Master,0,True,,343,11,13,test,30,30,drop,42
Validation_Data_Master/UVD-3467,Validation_Data_Master/UVD-3467.txt,Validation_Data_Master,0,True,,343,11,13,train,30,30,drop,42
Validation_Data_Master/UVD-3468,Validation_Data_Master/UVD-3468.txt,Validation_Data_Master,0,True,,243,8,3,test,30,30,drop,42
Validation_Data_Master/UVD-3469,Validation_Data_Master/UVD-3469.txt,Validation_Data_Master,0,True,,2749,91,19,test,30,30,drop,42
Validation_Data_Master/UVD-3470,Validation_Data_Master/UVD-3470.txt,Validation_Data_Master,0,True,,92,3,2,train,30,30,drop,42
Validation_Data_Master/UVD-3471,Validation_Data_Master/UVD-3471.txt,Validation_Data_Master,0,True,,343,11,13,train,30,30,drop,42
Validation_Data_Master/UVD-3472,Validation_Data_Master/UVD-3472.txt,Validation_Data_Master,0,True,,337,11,7,train,30,30,drop,42
Validation_Data_Master/UVD-3473,Validation_Data_Master/UVD-3473.txt,Validation_Data_Master,0,True,,847,28,7,train,30,30,drop,42
Validation_Data_Master/UVD-3474,Validation_Data_Master/UVD-3474.txt,Validation_Data_Master,0,True,,1435,47,25,test,30,30,drop,42
Validation_Data_Master/UVD-3475,Validation_Data_Master/UVD-3475.txt,Validation_Data_Master,0,True,,241,8,1,train,30,30,drop,42
Validation_Data_Master/UVD-3476,Validation_Data_Master/UVD-3476.txt,Validation_Data_Master,0,True,,118,3,28,train,30,30,drop,42
Validation_Data_Master/UVD-3477,Validation_Data_Master/UVD-3477.txt,Validation_Data_Master,0,True,,345,11,15,train,30,30,drop,42
Validation_Data_Master/UVD-3478,Validation_Data_Master/UVD-3478.txt,Validation_Data_Master,0,True,,639,21,9,test,30,30,drop,42
Validation_Data_Master/UVD-3479,Validation_Data_Master/UVD-3479.txt,Validation_Data_Master,0,True,,343,11,13,validation,30,30,drop,42
Validation_Data_Master/UVD-3480,Validation_Data_Master/UVD-3480.txt,Validation_Data_Master,0,True,,155,5,5,train,30,30,drop,42
Validation_Data_Master/UVD-3481,Validation_Data_Master/UVD-3481.txt,Validation_Data_Master,0,True,,524,17,14,train,30,30,drop,42
Validation_Data_Master/UVD-3482,Validation_Data_Master/UVD-3482.txt,Validation_Data_Master,0,True,,230,7,20,train,30,30,drop,42
Validation_Data_Master/UVD-3483,Validation_Data_Master/UVD-3483.txt,Validation_Data_Master,0,True,,345,11,15,test,30,30,drop,42
Validation_Data_Master/UVD-3484,Validation_Data_Master/UVD-3484.txt,Validation_Data_Master,0,True,,504,16,24,train,30,30,drop,42
Validation_Data_Master/UVD-3485,Validation_Data_Master/UVD-3485.txt,Validation_Data_Master,0,True,,798,26,18,train,30,30,drop,42
Validation_Data_Master/UVD-3486,Validation_Data_Master/UVD-3486.txt,Validation_Data_Master,0,True,,95,3,5,validation,30,30,drop,42
Validation_Data_Master/UVD-3487,Validation_Data_Master/UVD-3487.txt,Validation_Data_Master,0,True,,351,11,21,train,30,30,drop,42
Validation_Data_Master/UVD-3488,Validation_Data_Master/UVD-3488.txt,Validation_Data_Master,0,True,,328,10,28,validation,30,30,drop,42
Validation_Data_Master/UVD-3489,Validation_Data_Master/UVD-3489.txt,Validation_Data_Master,0,True,,1833,61,3,train,30,30,drop,42
Validation_Data_Master/UVD-3490,Validation_Data_Master/UVD-3490.txt,Validation_Data_Master,0,True,,81,2,21,train,30,30,drop,42
Validation_Data_Master/UVD-3491,Validation_Data_Master/UVD-3491.txt,Validation_Data_Master,0,True,,377,12,17,train,30,30,drop,42
Validation_Data_Master/UVD-3492,Validation_Data_Master/UVD-3492.txt,Validation_Data_Master,0,True,,343,11,13,train,30,30,drop,42
Validation_Data_Master/UVD-3493,Validation_Data_Master/UVD-3493.txt,Validation_Data_Master,0,True,,117,3,27,train,30,30,drop,42
Validation_Data_Master/UVD-3494,Validation_Data_Master/UVD-3494.txt,Validation_Data_Master,0,True,,316,10,16,train,30,30,drop,42
Validation_Data_Master/UVD-3495,Validation_Data_Master/UVD-3495.txt,Validation_Data_Master,0,True,,343,11,13,validation,30,30,drop,42
Validation_Data_Master/UVD-3496,Validation_Data_Master/UVD-3496.txt,Validation_Data_Master,0,True,,310,10,10,train,30,30,drop,42
Validation_Data_Master/UVD-3497,Validation_Data_Master/UVD-3497.txt,Validation_Data_Master,0,True,,343,11,13,validation,30,30,drop,42
Validation_Data_Master/UVD-3498,Validation_Data_Master/UVD-3498.txt,Validation_Data_Master,0,True,,3141,104,21,train,30,30,drop,42
Validation_Data_Master/UVD-3499,Validation_Data_Master/UVD-3499.txt,Validation_Data_Master,0,True,,1545,51,15,train,30,30,drop,42
Validation_Data_Master/UVD-3500,Validation_Data_Master/UVD-3500.txt,Validation_Data_Master,0,True,,343,11,13,test,30,30,drop,42
Validation_Data_Master/UVD-3501,Validation_Data_Master/UVD-3501.txt,Validation_Data_Master,0,True,,731,24,11,test,30,30,drop,42
Validation_Data_Master/UVD-3502,Validation_Data_Master/UVD-3502.txt,Validation_Data_Master,0,True,,105,3,15,train,30,30,drop,42
Validation_Data_Master/UVD-3503,Validation_Data_Master/UVD-3503.txt,Validation_Data_Master,0,True,,796,26,16,train,30,30,drop,42
Validation_Data_Master/UVD-3504,Validation_Data_Master/UVD-3504.txt,Validation_Data_Master,0,True,,343,11,13,train,30,30,drop,42
Validation_Data_Master/UVD-3505,Validation_Data_Master/UVD-3505.txt,Validation_Data_Master,0,True,,1755,58,15,train,30,30,drop,42
Validation_Data_Master/UVD-3506,Validation_Data_Master/UVD-3506.txt,Validation_Data_Master,0,True,,343,11,13,train,30,30,drop,42
Validation_Data_Master/UVD-3507,Validation_Data_Master/UVD-3507.txt,Validation_Data_Master,0,True,,1678,55,28,train,30,30,drop,42
Validation_Data_Master/UVD-3508,Validation_Data_Master/UVD-3508.txt,Validation_Data_Master,0,True,,174,5,24,train,30,30,drop,42
Validation_Data_Master/UVD-3509,Validation_Data_Master/UVD-3509.txt,Validation_Data_Master,0,True,,343,11,13,train,30,30,drop,42
Validation_Data_Master/UVD-3510,Validation_Data_Master/UVD-3510.txt,Validation_Data_Master,0,True,,1151,38,11,test,30,30,drop,42
Validation_Data_Master/UVD-3511,Validation_Data_Master/UVD-3511.txt,Validation_Data_Master,0,True,,1786,59,16,train,30,30,drop,42
Validation_Data_Master/UVD-3512,Validation_Data_Master/UVD-3512.txt,Validation_Data_Master,0,True,,166,5,16,train,30,30,drop,42
Validation_Data_Master/UVD-3513,Validation_Data_Master/UVD-3513.txt,Validation_Data_Master,0,True,,242,8,2,train,30,30,drop,42
Validation_Data_Master/UVD-3514,Validation_Data_Master/UVD-3514.txt,Validation_Data_Master,0,True,,343,11,13,train,30,30,drop,42
Validation_Data_Master/UVD-3515,Validation_Data_Master/UVD-3515.txt,Validation_Data_Master,0,True,,98,3,8,train,30,30,drop,42
Validation_Data_Master/UVD-3516,Validation_Data_Master/UVD-3516.txt,Validation_Data_Master,0,True,,343,11,13,train,30,30,drop,42
Validation_Data_Master/UVD-3517,Validation_Data_Master/UVD-3517.txt,Validation_Data_Master,0,True,,174,5,24,train,30,30,drop,42
Validation_Data_Master/UVD-3518,Validation_Data_Master/UVD-3518.txt,Validation_Data_Master,0,True,,1004,33,14,validation,30,30,drop,42
Validation_Data_Master/UVD-3519,Validation_Data_Master/UVD-3519.txt,Validation_Data_Master,0,True,,345,11,15,test,30,30,drop,42
Validation_Data_Master/UVD-3520,Validation_Data_Master/UVD-3520.txt,Validation_Data_Master,0,True,,1248,41,18,test,30,30,drop,42
Validation_Data_Master/UVD-3521,Validation_Data_Master/UVD-3521.txt,Validation_Data_Master,0,True,,1649,54,29,train,30,30,drop,42
Validation_Data_Master/UVD-3522,Validation_Data_Master/UVD-3522.txt,Validation_Data_Master,0,True,,343,11,13,train,30,30,drop,42
Validation_Data_Master/UVD-3523,Validation_Data_Master/UVD-3523.txt,Validation_Data_Master,0,True,,523,17,13,validation,30,30,drop,42
Validation_Data_Master/UVD-3524,Validation_Data_Master/UVD-3524.txt,Validation_Data_Master,0,True,,158,5,8,train,30,30,drop,42
Validation_Data_Master/UVD-3525,Validation_Data_Master/UVD-3525.txt,Validation_Data_Master,0,True,,343,11,13,train,30,30,drop,42
Validation_Data_Master/UVD-3526,Validation_Data_Master/UVD-3526.txt,Validation_Data_Master,0,True,,343,11,13,train,30,30,drop,42
Validation_Data_Master/UVD-3527,Validation_Data_Master/UVD-3527.txt,Validation_Data_Master,0,True,,221,7,11,train,30,30,drop,42
Validation_Data_Master/UVD-3528,Validation_Data_Master/UVD-3528.txt,Validation_Data_Master,0,True,,138,4,18,train,30,30,drop,42
Validation_Data_Master/UVD-3529,Validation_Data_Master/UVD-3529.txt,Validation_Data_Master,0,True,,343,11,13,train,30,30,drop,42
Validation_Data_Master/UVD-3530,Validation_Data_Master/UVD-3530.txt,Validation_Data_Master,0,True,,343,11,13,test,30,30,drop,42
Validation_Data_Master/UVD-3531,Validation_Data_Master/UVD-3531.txt,Validation_Data_Master,0,True,,523,17,13,train,30,30,drop,42
Validation_Data_Master/UVD-3532,Validation_Data_Master/UVD-3532.txt,Validation_Data_Master,0,True,,343,11,13,validation,30,30,drop,42
Validation_Data_Master/UVD-3533,Validation_Data_Master/UVD-3533.txt,Validation_Data_Master,0,True,,343,11,13,test,30,30,drop,42
Validation_Data_Master/UVD-3534,Validation_Data_Master/UVD-3534.txt,Validation_Data_Master,0,True,,343,11,13,train,30,30,drop,42
Validation_Data_Master/UVD-3535,Validation_Data_Master/UVD-3535.txt,Validation_Data_Master,0,True,,323,10,23,train,30,30,drop,42
Validation_Data_Master/UVD-3536,Validation_Data_Master/UVD-3536.txt,Validation_Data_Master,0,True,,127,4,7,train,30,30,drop,42
Validation_Data_Master/UVD-3537,Validation_Data_Master/UVD-3537.txt,Validation_Data_Master,0,True,,1413,47,3,train,30,30,drop,42
Validation_Data_Master/UVD-3538,Validation_Data_Master/UVD-3538.txt,Validation_Data_Master,0,True,,343,11,13,validation,30,30,drop,42
Validation_Data_Master/UVD-3539,Validation_Data_Master/UVD-3539.txt,Validation_Data_Master,0,True,,203,6,23,train,30,30,drop,42
Validation_Data_Master/UVD-3540,Validation_Data_Master/UVD-3540.txt,Validation_Data_Master,0,True,,343,11,13,test,30,30,drop,42
Validation_Data_Master/UVD-3541,Validation_Data_Master/UVD-3541.txt,Validation_Data_Master,0,True,,343,11,13,train,30,30,drop,42
Validation_Data_Master/UVD-3542,Validation_Data_Master/UVD-3542.txt,Validation_Data_Master,0,True,,343,11,13,train,30,30,drop,42
Validation_Data_Master/UVD-3543,Validation_Data_Master/UVD-3543.txt,Validation_Data_Master,0,True,,548,18,8,train,30,30,drop,42
Validation_Data_Master/UVD-3544,Validation_Data_Master/UVD-3544.txt,Validation_Data_Master,0,True,,334,11,4,train,30,30,drop,42
Validation_Data_Master/UVD-3545,Validation_Data_Master/UVD-3545.txt,Validation_Data_Master,0,True,,470,15,20,test,30,30,drop,42
Validation_Data_Master/UVD-3546,Validation_Data_Master/UVD-3546.txt,Validation_Data_Master,0,True,,946,31,16,train,30,30,drop,42
Validation_Data_Master/UVD-3547,Validation_Data_Master/UVD-3547.txt,Validation_Data_Master,0,True,,343,11,13,train,30,30,drop,42
Validation_Data_Master/UVD-3548,Validation_Data_Master/UVD-3548.txt,Validation_Data_Master,0,True,,227,7,17,validation,30,30,drop,42
Validation_Data_Master/UVD-3549,Validation_Data_Master/UVD-3549.txt,Validation_Data_Master,0,True,,523,17,13,validation,30,30,drop,42
Validation_Data_Master/UVD-3550,Validation_Data_Master/UVD-3550.txt,Validation_Data_Master,0,True,,119,3,29,train,30,30,drop,42
Validation_Data_Master/UVD-3551,Validation_Data_Master/UVD-3551.txt,Validation_Data_Master,0,True,,343,11,13,test,30,30,drop,42
Validation_Data_Master/UVD-3552,Validation_Data_Master/UVD-3552.txt,Validation_Data_Master,0,True,,698,23,8,test,30,30,drop,42
Validation_Data_Master/UVD-3553,Validation_Data_Master/UVD-3553.txt,Validation_Data_Master,0,True,,343,11,13,test,30,30,drop,42
Validation_Data_Master/UVD-3554,Validation_Data_Master/UVD-3554.txt,Validation_Data_Master,0,True,,343,11,13,train,30,30,drop,42
Validation_Data_Master/UVD-3555,Validation_Data_Master/UVD-3555.txt,Validation_Data_Master,0,True,,343,11,13,train,30,30,drop,42
Validation_Data_Master/UVD-3556,Validation_Data_Master/UVD-3556.txt,Validation_Data_Master,0,True,,203,6,23,validation,30,30,drop,42
Validation_Data_Master/UVD-3557,Validation_Data_Master/UVD-3557.txt,Validation_Data_Master,0,True,,218,7,8,train,30,30,drop,42
Validation_Data_Master/UVD-3558,Validation_Data_Master/UVD-3558.txt,Validation_Data_Master,0,True,,242,8,2,train,30,30,drop,42
Validation_Data_Master/UVD-3559,Validation_Data_Master/UVD-3559.txt,Validation_Data_Master,0,True,,397,13,7,train,30,30,drop,42
Validation_Data_Master/UVD-3560,Validation_Data_Master/UVD-3560.txt,Validation_Data_Master,0,True,,343,11,13,train,30,30,drop,42
Validation_Data_Master/UVD-3561,Validation_Data_Master/UVD-3561.txt,Validation_Data_Master,0,True,,149,4,29,train,30,30,drop,42
Validation_Data_Master/UVD-3562,Validation_Data_Master/UVD-3562.txt,Validation_Data_Master,0,True,,460,15,10,train,30,30,drop,42
Validation_Data_Master/UVD-3563,Validation_Data_Master/UVD-3563.txt,Validation_Data_Master,0,True,,343,11,13,train,30,30,drop,42
Validation_Data_Master/UVD-3564,Validation_Data_Master/UVD-3564.txt,Validation_Data_Master,0,True,,483,16,3,train,30,30,drop,42
Validation_Data_Master/UVD-3565,Validation_Data_Master/UVD-3565.txt,Validation_Data_Master,0,True,,343,11,13,validation,30,30,drop,42
Validation_Data_Master/UVD-3566,Validation_Data_Master/UVD-3566.txt,Validation_Data_Master,0,True,,1310,43,20,train,30,30,drop,42
Validation_Data_Master/UVD-3567,Validation_Data_Master/UVD-3567.txt,Validation_Data_Master,0,True,,458,15,8,train,30,30,drop,42
Validation_Data_Master/UVD-3568,Validation_Data_Master/UVD-3568.txt,Validation_Data_Master,0,True,,343,11,13,train,30,30,drop,42
Validation_Data_Master/UVD-3569,Validation_Data_Master/UVD-3569.txt,Validation_Data_Master,0,True,,242,8,2,test,30,30,drop,42
Validation_Data_Master/UVD-3570,Validation_Data_Master/UVD-3570.txt,Validation_Data_Master,0,True,,98,3,8,train,30,30,drop,42
Validation_Data_Master/UVD-3571,Validation_Data_Master/UVD-3571.txt,Validation_Data_Master,0,True,,257,8,17,train,30,30,drop,42
Validation_Data_Master/UVD-3572,Validation_Data_Master/UVD-3572.txt,Validation_Data_Master,0,True,,337,11,7,train,30,30,drop,42
Validation_Data_Master/UVD-3573,Validation_Data_Master/UVD-3573.txt,Validation_Data_Master,0,True,,343,11,13,train,30,30,drop,42
Validation_Data_Master/UVD-3574,Validation_Data_Master/UVD-3574.txt,Validation_Data_Master,0,True,,611,20,11,train,30,30,drop,42
Validation_Data_Master/UVD-3575,Validation_Data_Master/UVD-3575.txt,Validation_Data_Master,0,True,,251,8,11,train,30,30,drop,42
Validation_Data_Master/UVD-3576,Validation_Data_Master/UVD-3576.txt,Validation_Data_Master,0,True,,81,2,21,train,30,30,drop,42
Validation_Data_Master/UVD-3577,Validation_Data_Master/UVD-3577.txt,Validation_Data_Master,0,True,,267,8,27,test,30,30,drop,42
Validation_Data_Master/UVD-3578,Validation_Data_Master/UVD-3578.txt,Validation_Data_Master,0,True,,722,24,2,train,30,30,drop,42
Validation_Data_Master/UVD-3579,Validation_Data_Master/UVD-3579.txt,Validation_Data_Master,0,True,,569,18,29,train,30,30,drop,42
Validation_Data_Master/UVD-3580,Validation_Data_Master/UVD-3580.txt,Validation_Data_Master,0,True,,262,8,22,test,30,30,drop,42
Validation_Data_Master/UVD-3581,Validation_Data_Master/UVD-3581.txt,Validation_Data_Master,0,True,,256,8,16,test,30,30,drop,42
Validation_Data_Master/UVD-3582,Validation_Data_Master/UVD-3582.txt,Validation_Data_Master,0,True,,457,15,7,train,30,30,drop,42
Validation_Data_Master/UVD-3583,Validation_Data_Master/UVD-3583.txt,Validation_Data_Master,0,True,,195,6,15,train,30,30,drop,42
Validation_Data_Master/UVD-3584,Validation_Data_Master/UVD-3584.txt,Validation_Data_Master,0,True,,432,14,12,train,30,30,drop,42
Validation_Data_Master/UVD-3585,Validation_Data_Master/UVD-3585.txt,Validation_Data_Master,0,True,,343,11,13,train,30,30,drop,42
Validation_Data_Master/UVD-3586,Validation_Data_Master/UVD-3586.txt,Validation_Data_Master,0,True,,333,11,3,train,30,30,drop,42
Validation_Data_Master/UVD-3587,Validation_Data_Master/UVD-3587.txt,Validation_Data_Master,0,True,,294,9,24,train,30,30,drop,42
Validation_Data_Master/UVD-3588,Validation_Data_Master/UVD-3588.txt,Validation_Data_Master,0,True,,459,15,9,validation,30,30,drop,42
Validation_Data_Master/UVD-3589,Validation_Data_Master/UVD-3589.txt,Validation_Data_Master,0,True,,288,9,18,validation,30,30,drop,42
Validation_Data_Master/UVD-3590,Validation_Data_Master/UVD-3590.txt,Validation_Data_Master,0,True,,351,11,21,train,30,30,drop,42
Validation_Data_Master/UVD-3591,Validation_Data_Master/UVD-3591.txt,Validation_Data_Master,0,True,,242,8,2,train,30,30,drop,42
Validation_Data_Master/UVD-3592,Validation_Data_Master/UVD-3592.txt,Validation_Data_Master,0,True,,313,10,13,train,30,30,drop,42
Validation_Data_Master/UVD-3593,Validation_Data_Master/UVD-3593.txt,Validation_Data_Master,0,True,,145,4,25,test,30,30,drop,42
Validation_Data_Master/UVD-3594,Validation_Data_Master/UVD-3594.txt,Validation_Data_Master,0,True,,225,7,15,validation,30,30,drop,42
Validation_Data_Master/UVD-3595,Validation_Data_Master/UVD-3595.txt,Validation_Data_Master,0,True,,1612,53,22,train,30,30,drop,42
Validation_Data_Master/UVD-3596,Validation_Data_Master/UVD-3596.txt,Validation_Data_Master,0,True,,98,3,8,test,30,30,drop,42
Validation_Data_Master/UVD-3597,Validation_Data_Master/UVD-3597.txt,Validation_Data_Master,0,True,,1050,35,0,test,30,30,drop,42
Validation_Data_Master/UVD-3598,Validation_Data_Master/UVD-3598.txt,Validation_Data_Master,0,True,,1168,38,28,train,30,30,drop,42
Validation_Data_Master/UVD-3599,Validation_Data_Master/UVD-3599.txt,Validation_Data_Master,0,True,,1527,50,27,test,30,30,drop,42
Validation_Data_Master/UVD-3600,Validation_Data_Master/UVD-3600.txt,Validation_Data_Master,0,True,,920,30,20,train,30,30,drop,42
Validation_Data_Master/UVD-3601,Validation_Data_Master/UVD-3601.txt,Validation_Data_Master,0,True,,1140,38,0,train,30,30,drop,42
Validation_Data_Master/UVD-3602,Validation_Data_Master/UVD-3602.txt,Validation_Data_Master,0,True,,255,8,15,test,30,30,drop,42
Validation_Data_Master/UVD-3603,Validation_Data_Master/UVD-3603.txt,Validation_Data_Master,0,True,,165,5,15,train,30,30,drop,42
Validation_Data_Master/UVD-3604,Validation_Data_Master/UVD-3604.txt,Validation_Data_Master,0,True,,331,11,1,train,30,30,drop,42
Validation_Data_Master/UVD-3605,Validation_Data_Master/UVD-3605.txt,Validation_Data_Master,0,True,,188,6,8,train,30,30,drop,42
Validation_Data_Master/UVD-3606,Validation_Data_Master/UVD-3606.txt,Validation_Data_Master,0,True,,723,24,3,test,30,30,drop,42
Validation_Data_Master/UVD-3607,Validation_Data_Master/UVD-3607.txt,Validation_Data_Master,0,True,,201,6,21,train,30,30,drop,42
Validation_Data_Master/UVD-3608,Validation_Data_Master/UVD-3608.txt,Validation_Data_Master,0,True,,248,8,8,train,30,30,drop,42
Validation_Data_Master/UVD-3609,Validation_Data_Master/UVD-3609.txt,Validation_Data_Master,0,True,,311,10,11,train,30,30,drop,42
Validation_Data_Master/UVD-3610,Validation_Data_Master/UVD-3610.txt,Validation_Data_Master,0,True,,303,10,3,train,30,30,drop,42
Validation_Data_Master/UVD-3611,Validation_Data_Master/UVD-3611.txt,Validation_Data_Master,0,True,,1216,40,16,validation,30,30,drop,42
Validation_Data_Master/UVD-3612,Validation_Data_Master/UVD-3612.txt,Validation_Data_Master,0,True,,349,11,19,train,30,30,drop,42
Validation_Data_Master/UVD-3613,Validation_Data_Master/UVD-3613.txt,Validation_Data_Master,0,True,,235,7,25,train,30,30,drop,42
Validation_Data_Master/UVD-3614,Validation_Data_Master/UVD-3614.txt,Validation_Data_Master,0,True,,932,31,2,train,30,30,drop,42
Validation_Data_Master/UVD-3615,Validation_Data_Master/UVD-3615.txt,Validation_Data_Master,0,True,,1012,33,22,test,30,30,drop,42
Validation_Data_Master/UVD-3616,Validation_Data_Master/UVD-3616.txt,Validation_Data_Master,0,True,,537,17,27,validation,30,30,drop,42
Validation_Data_Master/UVD-3617,Validation_Data_Master/UVD-3617.txt,Validation_Data_Master,0,True,,100,3,10,test,30,30,drop,42
Validation_Data_Master/UVD-3618,Validation_Data_Master/UVD-3618.txt,Validation_Data_Master,0,True,,207,6,27,train,30,30,drop,42
Validation_Data_Master/UVD-3619,Validation_Data_Master/UVD-3619.txt,Validation_Data_Master,0,True,,458,15,8,train,30,30,drop,42
Validation_Data_Master/UVD-3620,Validation_Data_Master/UVD-3620.txt,Validation_Data_Master,0,True,,205,6,25,train,30,30,drop,42
Validation_Data_Master/UVD-3621,Validation_Data_Master/UVD-3621.txt,Validation_Data_Master,0,True,,457,15,7,train,30,30,drop,42
Validation_Data_Master/UVD-3622,Validation_Data_Master/UVD-3622.txt,Validation_Data_Master,0,True,,3134,104,14,train,30,30,drop,42
Validation_Data_Master/UVD-3623,Validation_Data_Master/UVD-3623.txt,Validation_Data_Master,0,True,,209,6,29,train,30,30,drop,42
Validation_Data_Master/UVD-3624,Validation_Data_Master/UVD-3624.txt,Validation_Data_Master,0,True,,377,12,17,validation,30,30,drop,42
Validation_Data_Master/UVD-3625,Validation_Data_Master/UVD-3625.txt,Validation_Data_Master,0,True,,496,16,16,train,30,30,drop,42
Validation_Data_Master/UVD-3626,Validation_Data_Master/UVD-3626.txt,Validation_Data_Master,0,True,,207,6,27,train,30,30,drop,42
Validation_Data_Master/UVD-3627,Validation_Data_Master/UVD-3627.txt,Validation_Data_Master,0,True,,459,15,9,validation,30,30,drop,42
Validation_Data_Master/UVD-3628,Validation_Data_Master/UVD-3628.txt,Validation_Data_Master,0,True,,158,5,8,train,30,30,drop,42
Validation_Data_Master/UVD-3629,Validation_Data_Master/UVD-3629.txt,Validation_Data_Master,0,True,,98,3,8,train,30,30,drop,42
Validation_Data_Master/UVD-3630,Validation_Data_Master/UVD-3630.txt,Validation_Data_Master,0,True,,2206,73,16,train,30,30,drop,42
Validation_Data_Master/UVD-3631,Validation_Data_Master/UVD-3631.txt,Validation_Data_Master,0,True,,209,6,29,train,30,30,drop,42
Validation_Data_Master/UVD-3632,Validation_Data_Master/UVD-3632.txt,Validation_Data_Master,0,True,,474,15,24,test,30,30,drop,42
Validation_Data_Master/UVD-3633,Validation_Data_Master/UVD-3633.txt,Validation_Data_Master,0,True,,1301,43,11,validation,30,30,drop,42
Validation_Data_Master/UVD-3634,Validation_Data_Master/UVD-3634.txt,Validation_Data_Master,0,True,,209,6,29,train,30,30,drop,42
Validation_Data_Master/UVD-3635,Validation_Data_Master/UVD-3635.txt,Validation_Data_Master,0,True,,362,12,2,train,30,30,drop,42
Validation_Data_Master/UVD-3636,Validation_Data_Master/UVD-3636.txt,Validation_Data_Master,0,True,,457,15,7,validation,30,30,drop,42
Validation_Data_Master/UVD-3637,Validation_Data_Master/UVD-3637.txt,Validation_Data_Master,0,True,,101,3,11,train,30,30,drop,42
Validation_Data_Master/UVD-3638,Validation_Data_Master/UVD-3638.txt,Validation_Data_Master,0,True,,1598,53,8,train,30,30,drop,42
Validation_Data_Master/UVD-3639,Validation_Data_Master/UVD-3639.txt,Validation_Data_Master,0,True,,106,3,16,validation,30,30,drop,42
Validation_Data_Master/UVD-3640,Validation_Data_Master/UVD-3640.txt,Validation_Data_Master,0,True,,1591,53,1,train,30,30,drop,42
Validation_Data_Master/UVD-3641,Validation_Data_Master/UVD-3641.txt,Validation_Data_Master,0,True,,1530,51,0,train,30,30,drop,42
Validation_Data_Master/UVD-3642,Validation_Data_Master/UVD-3642.txt,Validation_Data_Master,0,True,,3125,104,5,validation,30,30,drop,42
Validation_Data_Master/UVD-3643,Validation_Data_Master/UVD-3643.txt,Validation_Data_Master,0,True,,147,4,27,train,30,30,drop,42
Validation_Data_Master/UVD-3644,Validation_Data_Master/UVD-3644.txt,Validation_Data_Master,0,True,,1623,54,3,validation,30,30,drop,42
Validation_Data_Master/UVD-3645,Validation_Data_Master/UVD-3645.txt,Validation_Data_Master,0,True,,1301,43,11,train,30,30,drop,42
Validation_Data_Master/UVD-3646,Validation_Data_Master/UVD-3646.txt,Validation_Data_Master,0,True,,343,11,13,train,30,30,drop,42
Validation_Data_Master/UVD-3647,Validation_Data_Master/UVD-3647.txt,Validation_Data_Master,0,True,,3666,122,6,train,30,30,drop,42
Validation_Data_Master/UVD-3648,Validation_Data_Master/UVD-3648.txt,Validation_Data_Master,0,True,,3666,122,6,train,30,30,drop,42
Validation_Data_Master/UVD-3649,Validation_Data_Master/UVD-3649.txt,Validation_Data_Master,0,True,,1301,43,11,validation,30,30,drop,42
Validation_Data_Master/UVD-3650,Validation_Data_Master/UVD-3650.txt,Validation_Data_Master,0,True,,158,5,8,train,30,30,drop,42
Validation_Data_Master/UVD-3651,Validation_Data_Master/UVD-3651.txt,Validation_Data_Master,0,True,,89,2,29,train,30,30,drop,42
Validation_Data_Master/UVD-3652,Validation_Data_Master/UVD-3652.txt,Validation_Data_Master,0,True,,131,4,11,train,30,30,drop,42
Validation_Data_Master/UVD-3653,Validation_Data_Master/UVD-3653.txt,Validation_Data_Master,0,True,,1255,41,25,train,30,30,drop,42
Validation_Data_Master/UVD-3654,Validation_Data_Master/UVD-3654.txt,Validation_Data_Master,0,True,,165,5,15,train,30,30,drop,42
Validation_Data_Master/UVD-3655,Validation_Data_Master/UVD-3655.txt,Validation_Data_Master,0,True,,130,4,10,train,30,30,drop,42
Validation_Data_Master/UVD-3656,Validation_Data_Master/UVD-3656.txt,Validation_Data_Master,0,True,,149,4,29,validation,30,30,drop,42
Validation_Data_Master/UVD-3657,Validation_Data_Master/UVD-3657.txt,Validation_Data_Master,0,True,,242,8,2,train,30,30,drop,42
Validation_Data_Master/UVD-3658,Validation_Data_Master/UVD-3658.txt,Validation_Data_Master,0,True,,149,4,29,train,30,30,drop,42
Validation_Data_Master/UVD-3659,Validation_Data_Master/UVD-3659.txt,Validation_Data_Master,0,True,,149,4,29,train,30,30,drop,42
Validation_Data_Master/UVD-3660,Validation_Data_Master/UVD-3660.txt,Validation_Data_Master,0,True,,149,4,29,validation,30,30,drop,42
Validation_Data_Master/UVD-3661,Validation_Data_Master/UVD-3661.txt,Validation_Data_Master,0,True,,150,5,0,train,30,30,drop,42
Validation_Data_Master/UVD-3662,Validation_Data_Master/UVD-3662.txt,Validation_Data_Master,0,True,,149,4,29,train,30,30,drop,42
Validation_Data_Master/UVD-3663,Validation_Data_Master/UVD-3663.txt,Validation_Data_Master,0,True,,149,4,29,train,30,30,drop,42
Validation_Data_Master/UVD-3664,Validation_Data_Master/UVD-3664.txt,Validation_Data_Master,0,True,,149,4,29,train,30,30,drop,42
Validation_Data_Master/UVD-3665,Validation_Data_Master/UVD-3665.txt,Validation_Data_Master,0,True,,149,4,29,train,30,30,drop,42
Validation_Data_Master/UVD-3666,Validation_Data_Master/UVD-3666.txt,Validation_Data_Master,0,True,,149,4,29,train,30,30,drop,42
Validation_Data_Master/UVD-3667,Validation_Data_Master/UVD-3667.txt,Validation_Data_Master,0,True,,149,4,29,train,30,30,drop,42
Validation_Data_Master/UVD-3668,Validation_Data_Master/UVD-3668.txt,Validation_Data_Master,0,True,,955,31,25,test,30,30,drop,42
Validation_Data_Master/UVD-3669,Validation_Data_Master/UVD-3669.txt,Validation_Data_Master,0,True,,2301,76,21,train,30,30,drop,42
Validation_Data_Master/UVD-3670,Validation_Data_Master/UVD-3670.txt,Validation_Data_Master,0,True,,149,4,29,train,30,30,drop,42
Validation_Data_Master/UVD-3671,Validation_Data_Master/UVD-3671.txt,Validation_Data_Master,0,True,,1293,43,3,validation,30,30,drop,42
Validation_Data_Master/UVD-3672,Validation_Data_Master/UVD-3672.txt,Validation_Data_Master,0,True,,699,23,9,train,30,30,drop,42
Validation_Data_Master/UVD-3673,Validation_Data_Master/UVD-3673.txt,Validation_Data_Master,0,True,,254,8,14,train,30,30,drop,42
Validation_Data_Master/UVD-3674,Validation_Data_Master/UVD-3674.txt,Validation_Data_Master,0,True,,251,8,11,train,30,30,drop,42
Validation_Data_Master/UVD-3675,Validation_Data_Master/UVD-3675.txt,Validation_Data_Master,0,True,,93,3,3,validation,30,30,drop,42
Validation_Data_Master/UVD-3676,Validation_Data_Master/UVD-3676.txt,Validation_Data_Master,0,True,,1877,62,17,test,30,30,drop,42
Validation_Data_Master/UVD-3677,Validation_Data_Master/UVD-3677.txt,Validation_Data_Master,0,True,,141,4,21,train,30,30,drop,42
Validation_Data_Master/UVD-3678,Validation_Data_Master/UVD-3678.txt,Validation_Data_Master,0,True,,145,4,25,validation,30,30,drop,42
Validation_Data_Master/UVD-3679,Validation_Data_Master/UVD-3679.txt,Validation_Data_Master,0,True,,220,7,10,train,30,30,drop,42
Validation_Data_Master/UVD-3680,Validation_Data_Master/UVD-3680.txt,Validation_Data_Master,0,True,,343,11,13,train,30,30,drop,42
Validation_Data_Master/UVD-3681,Validation_Data_Master/UVD-3681.txt,Validation_Data_Master,0,True,,144,4,24,validation,30,30,drop,42
Validation_Data_Master/UVD-3682,Validation_Data_Master/UVD-3682.txt,Validation_Data_Master,0,True,,198,6,18,validation,30,30,drop,42
Validation_Data_Master/UVD-3683,Validation_Data_Master/UVD-3683.txt,Validation_Data_Master,0,True,,476,15,26,validation,30,30,drop,42
Validation_Data_Master/UVD-3684,Validation_Data_Master/UVD-3684.txt,Validation_Data_Master,0,True,,1279,42,19,train,30,30,drop,42
Validation_Data_Master/UVD-3685,Validation_Data_Master/UVD-3685.txt,Validation_Data_Master,0,True,,151,5,1,train,30,30,drop,42
Validation_Data_Master/UVD-3686,Validation_Data_Master/UVD-3686.txt,Validation_Data_Master,0,True,,120,4,0,test,30,30,drop,42
Validation_Data_Master/UVD-3687,Validation_Data_Master/UVD-3687.txt,Validation_Data_Master,0,True,,107,3,17,train,30,30,drop,42
Validation_Data_Master/UVD-3688,Validation_Data_Master/UVD-3688.txt,Validation_Data_Master,0,True,,107,3,17,train,30,30,drop,42
Validation_Data_Master/UVD-3689,Validation_Data_Master/UVD-3689.txt,Validation_Data_Master,0,True,,151,5,1,test,30,30,drop,42
Validation_Data_Master/UVD-3690,Validation_Data_Master/UVD-3690.txt,Validation_Data_Master,0,True,,213,7,3,test,30,30,drop,42
Validation_Data_Master/UVD-3691,Validation_Data_Master/UVD-3691.txt,Validation_Data_Master,0,True,,1305,43,15,validation,30,30,drop,42
Validation_Data_Master/UVD-3692,Validation_Data_Master/UVD-3692.txt,Validation_Data_Master,0,True,,198,6,18,train,30,30,drop,42
Validation_Data_Master/UVD-3693,Validation_Data_Master/UVD-3693.txt,Validation_Data_Master,0,True,,279,9,9,train,30,30,drop,42
Validation_Data_Master/UVD-3694,Validation_Data_Master/UVD-3694.txt,Validation_Data_Master,0,True,,108,3,18,test,30,30,drop,42
Validation_Data_Master/UVD-3695,Validation_Data_Master/UVD-3695.txt,Validation_Data_Master,0,True,,194,6,14,test,30,30,drop,42
Validation_Data_Master/UVD-3696,Validation_Data_Master/UVD-3696.txt,Validation_Data_Master,0,True,,93,3,3,train,30,30,drop,42
Validation_Data_Master/UVD-3697,Validation_Data_Master/UVD-3697.txt,Validation_Data_Master,0,True,,374,12,14,train,30,30,drop,42
Validation_Data_Master/UVD-3698,Validation_Data_Master/UVD-3698.txt,Validation_Data_Master,0,True,,132,4,12,validation,30,30,drop,42
Validation_Data_Master/UVD-3699,Validation_Data_Master/UVD-3699.txt,Validation_Data_Master,0,True,,202,6,22,test,30,30,drop,42
Validation_Data_Master/UVD-3700,Validation_Data_Master/UVD-3700.txt,Validation_Data_Master,0,True,,188,6,8,train,30,30,drop,42
Validation_Data_Master/UVD-3701,Validation_Data_Master/UVD-3701.txt,Validation_Data_Master,0,True,,801,26,21,train,30,30,drop,42
Validation_Data_Master/UVD-3702,Validation_Data_Master/UVD-3702.txt,Validation_Data_Master,0,True,,343,11,13,train,30,30,drop,42
Validation_Data_Master/UVD-3703,Validation_Data_Master/UVD-3703.txt,Validation_Data_Master,0,True,,145,4,25,train,30,30,drop,42
Validation_Data_Master/UVD-3704,Validation_Data_Master/UVD-3704.txt,Validation_Data_Master,0,True,,765,25,15,validation,30,30,drop,42
Validation_Data_Master/UVD-3705,Validation_Data_Master/UVD-3705.txt,Validation_Data_Master,0,True,,1106,36,26,train,30,30,drop,42
Validation_Data_Master/UVD-3706,Validation_Data_Master/UVD-3706.txt,Validation_Data_Master,0,True,,210,7,0,train,30,30,drop,42
Validation_Data_Master/UVD-3707,Validation_Data_Master/UVD-3707.txt,Validation_Data_Master,0,True,,218,7,8,validation,30,30,drop,42
Validation_Data_Master/UVD-3708,Validation_Data_Master/UVD-3708.txt,Validation_Data_Master,0,True,,122,4,2,train,30,30,drop,42
Validation_Data_Master/UVD-3709,Validation_Data_Master/UVD-3709.txt,Validation_Data_Master,0,True,,273,9,3,validation,30,30,drop,42
Validation_Data_Master/UVD-3710,Validation_Data_Master/UVD-3710.txt,Validation_Data_Master,0,True,,116,3,26,train,30,30,drop,42
Validation_Data_Master/UVD-3711,Validation_Data_Master/UVD-3711.txt,Validation_Data_Master,0,True,,578,19,8,validation,30,30,drop,42
Validation_Data_Master/UVD-3712,Validation_Data_Master/UVD-3712.txt,Validation_Data_Master,0,True,,226,7,16,test,30,30,drop,42
Validation_Data_Master/UVD-3713,Validation_Data_Master/UVD-3713.txt,Validation_Data_Master,0,True,,927,30,27,train,30,30,drop,42
Validation_Data_Master/UVD-3714,Validation_Data_Master/UVD-3714.txt,Validation_Data_Master,0,True,,1694,56,14,train,30,30,drop,42
Validation_Data_Master/UVD-3715,Validation_Data_Master/UVD-3715.txt,Validation_Data_Master,0,True,,193,6,13,train,30,30,drop,42
Validation_Data_Master/UVD-3716,Validation_Data_Master/UVD-3716.txt,Validation_Data_Master,0,True,,137,4,17,train,30,30,drop,42
Validation_Data_Master/UVD-3717,Validation_Data_Master/UVD-3717.txt,Validation_Data_Master,0,True,,94,3,4,test,30,30,drop,42
Validation_Data_Master/UVD-3718,Validation_Data_Master/UVD-3718.txt,Validation_Data_Master,0,True,,242,8,2,validation,30,30,drop,42
Validation_Data_Master/UVD-3719,Validation_Data_Master/UVD-3719.txt,Validation_Data_Master,0,True,,298,9,28,test,30,30,drop,42
Validation_Data_Master/UVD-3720,Validation_Data_Master/UVD-3720.txt,Validation_Data_Master,0,True,,329,10,29,train,30,30,drop,42
Validation_Data_Master/UVD-3721,Validation_Data_Master/UVD-3721.txt,Validation_Data_Master,0,True,,110,3,20,train,30,30,drop,42
Validation_Data_Master/UVD-3722,Validation_Data_Master/UVD-3722.txt,Validation_Data_Master,0,True,,110,3,20,train,30,30,drop,42
Validation_Data_Master/UVD-3723,Validation_Data_Master/UVD-3723.txt,Validation_Data_Master,0,True,,110,3,20,test,30,30,drop,42
Validation_Data_Master/UVD-3724,Validation_Data_Master/UVD-3724.txt,Validation_Data_Master,0,True,,343,11,13,train,30,30,drop,42
Validation_Data_Master/UVD-3725,Validation_Data_Master/UVD-3725.txt,Validation_Data_Master,0,True,,173,5,23,train,30,30,drop,42
Validation_Data_Master/UVD-3726,Validation_Data_Master/UVD-3726.txt,Validation_Data_Master,0,True,,110,3,20,train,30,30,drop,42
Validation_Data_Master/UVD-3727,Validation_Data_Master/UVD-3727.txt,Validation_Data_Master,0,True,,132,4,12,train,30,30,drop,42
Validation_Data_Master/UVD-3728,Validation_Data_Master/UVD-3728.txt,Validation_Data_Master,0,True,,344,11,14,train,30,30,drop,42
Validation_Data_Master/UVD-3729,Validation_Data_Master/UVD-3729.txt,Validation_Data_Master,0,True,,312,10,12,validation,30,30,drop,42
Validation_Data_Master/UVD-3730,Validation_Data_Master/UVD-3730.txt,Validation_Data_Master,0,True,,302,10,2,validation,30,30,drop,42
Validation_Data_Master/UVD-3731,Validation_Data_Master/UVD-3731.txt,Validation_Data_Master,0,True,,109,3,19,test,30,30,drop,42
Validation_Data_Master/UVD-3732,Validation_Data_Master/UVD-3732.txt,Validation_Data_Master,0,True,,311,10,11,train,30,30,drop,42
Validation_Data_Master/UVD-3733,Validation_Data_Master/UVD-3733.txt,Validation_Data_Master,0,True,,382,12,22,train,30,30,drop,42
Validation_Data_Master/UVD-3734,Validation_Data_Master/UVD-3734.txt,Validation_Data_Master,0,True,,213,7,3,validation,30,30,drop,42
Validation_Data_Master/UVD-3735,Validation_Data_Master/UVD-3735.txt,Validation_Data_Master,0,True,,1305,43,15,train,30,30,drop,42
Validation_Data_Master/UVD-3736,Validation_Data_Master/UVD-3736.txt,Validation_Data_Master,0,True,,2622,87,12,test,30,30,drop,42
Validation_Data_Master/UVD-3737,Validation_Data_Master/UVD-3737.txt,Validation_Data_Master,0,True,,444,14,24,train,30,30,drop,42
Validation_Data_Master/UVD-3738,Validation_Data_Master/UVD-3738.txt,Validation_Data_Master,0,True,,101,3,11,train,30,30,drop,42
Validation_Data_Master/UVD-3739,Validation_Data_Master/UVD-3739.txt,Validation_Data_Master,0,True,,202,6,22,validation,30,30,drop,42
Validation_Data_Master/UVD-3740,Validation_Data_Master/UVD-3740.txt,Validation_Data_Master,0,True,,172,5,22,train,30,30,drop,42
Validation_Data_Master/UVD-3741,Validation_Data_Master/UVD-3741.txt,Validation_Data_Master,0,True,,188,6,8,train,30,30,drop,42
Validation_Data_Master/UVD-3742,Validation_Data_Master/UVD-3742.txt,Validation_Data_Master,0,True,,564,18,24,validation,30,30,drop,42
Validation_Data_Master/UVD-3743,Validation_Data_Master/UVD-3743.txt,Validation_Data_Master,0,True,,441,14,21,train,30,30,drop,42
Validation_Data_Master/UVD-3744,Validation_Data_Master/UVD-3744.txt,Validation_Data_Master,0,True,,110,3,20,validation,30,30,drop,42
Validation_Data_Master/UVD-3745,Validation_Data_Master/UVD-3745.txt,Validation_Data_Master,0,True,,115,3,25,train,30,30,drop,42
Validation_Data_Master/UVD-3746,Validation_Data_Master/UVD-3746.txt,Validation_Data_Master,0,True,,343,11,13,validation,30,30,drop,42
Validation_Data_Master/UVD-3747,Validation_Data_Master/UVD-3747.txt,Validation_Data_Master,0,True,,128,4,8,validation,30,30,drop,42
Validation_Data_Master/UVD-3748,Validation_Data_Master/UVD-3748.txt,Validation_Data_Master,0,True,,781,26,1,train,30,30,drop,42
Validation_Data_Master/UVD-3749,Validation_Data_Master/UVD-3749.txt,Validation_Data_Master,0,True,,997,33,7,train,30,30,drop,42
Validation_Data_Master/UVD-3750,Validation_Data_Master/UVD-3750.txt,Validation_Data_Master,0,True,,343,11,13,train,30,30,drop,42
Validation_Data_Master/UVD-3751,Validation_Data_Master/UVD-3751.txt,Validation_Data_Master,0,True,,153,5,3,test,30,30,drop,42
Validation_Data_Master/UVD-3752,Validation_Data_Master/UVD-3752.txt,Validation_Data_Master,0,True,,730,24,10,train,30,30,drop,42
Validation_Data_Master/UVD-3753,Validation_Data_Master/UVD-3753.txt,Validation_Data_Master,0,True,,2393,79,23,train,30,30,drop,42
Validation_Data_Master/UVD-3754,Validation_Data_Master/UVD-3754.txt,Validation_Data_Master,0,True,,343,11,13,train,30,30,drop,42
Validation_Data_Master/UVD-3755,Validation_Data_Master/UVD-3755.txt,Validation_Data_Master,0,True,,343,11,13,test,30,30,drop,42
Validation_Data_Master/UVD-3756,Validation_Data_Master/UVD-3756.txt,Validation_Data_Master,0,True,,343,11,13,test,30,30,drop,42
Validation_Data_Master/UVD-3757,Validation_Data_Master/UVD-3757.txt,Validation_Data_Master,0,True,,343,11,13,train,30,30,drop,42
Validation_Data_Master/UVD-3758,Validation_Data_Master/UVD-3758.txt,Validation_Data_Master,0,True,,681,22,21,train,30,30,drop,42
Validation_Data_Master/UVD-3759,Validation_Data_Master/UVD-3759.txt,Validation_Data_Master,0,True,,211,7,1,train,30,30,drop,42
Validation_Data_Master/UVD-3760,Validation_Data_Master/UVD-3760.txt,Validation_Data_Master,0,True,,343,11,13,train,30,30,drop,42
Validation_Data_Master/UVD-3761,Validation_Data_Master/UVD-3761.txt,Validation_Data_Master,0,True,,2343,78,3,test,30,30,drop,42
Validation_Data_Master/UVD-3762,Validation_Data_Master/UVD-3762.txt,Validation_Data_Master,0,True,,211,7,1,train,30,30,drop,42
Validation_Data_Master/UVD-3763,Validation_Data_Master/UVD-3763.txt,Validation_Data_Master,0,True,,925,30,25,train,30,30,drop,42
Validation_Data_Master/UVD-3764,Validation_Data_Master/UVD-3764.txt,Validation_Data_Master,0,True,,343,11,13,train,30,30,drop,42
Validation_Data_Master/UVD-3765,Validation_Data_Master/UVD-3765.txt,Validation_Data_Master,0,True,,343,11,13,train,30,30,drop,42
Validation_Data_Master/UVD-3766,Validation_Data_Master/UVD-3766.txt,Validation_Data_Master,0,True,,186,6,6,test,30,30,drop,42
Validation_Data_Master/UVD-3767,Validation_Data_Master/UVD-3767.txt,Validation_Data_Master,0,True,,343,11,13,train,30,30,drop,42
Validation_Data_Master/UVD-3768,Validation_Data_Master/UVD-3768.txt,Validation_Data_Master,0,True,,343,11,13,test,30,30,drop,42
Validation_Data_Master/UVD-3769,Validation_Data_Master/UVD-3769.txt,Validation_Data_Master,0,True,,2299,76,19,train,30,30,drop,42
Validation_Data_Master/UVD-3770,Validation_Data_Master/UVD-3770.txt,Validation_Data_Master,0,True,,343,11,13,train,30,30,drop,42
Validation_Data_Master/UVD-3771,Validation_Data_Master/UVD-3771.txt,Validation_Data_Master,0,True,,343,11,13,train,30,30,drop,42
Validation_Data_Master/UVD-3772,Validation_Data_Master/UVD-3772.txt,Validation_Data_Master,0,True,,343,11,13,train,30,30,drop,42
Validation_Data_Master/UVD-3773,Validation_Data_Master/UVD-3773.txt,Validation_Data_Master,0,True,,521,17,11,train,30,30,drop,42
Validation_Data_Master/UVD-3774,Validation_Data_Master/UVD-3774.txt,Validation_Data_Master,0,True,,1336,44,16,train,30,30,drop,42
Validation_Data_Master/UVD-3775,Validation_Data_Master/UVD-3775.txt,Validation_Data_Master,0,True,,343,11,13,train,30,30,drop,42
Validation_Data_Master/UVD-3776,Validation_Data_Master/UVD-3776.txt,Validation_Data_Master,0,True,,343,11,13,train,30,30,drop,42
Validation_Data_Master/UVD-3777,Validation_Data_Master/UVD-3777.txt,Validation_Data_Master,0,True,,343,11,13,train,30,30,drop,42
Validation_Data_Master/UVD-3778,Validation_Data_Master/UVD-3778.txt,Validation_Data_Master,0,True,,404,13,14,train,30,30,drop,42
Validation_Data_Master/UVD-3779,Validation_Data_Master/UVD-3779.txt,Validation_Data_Master,0,True,,343,11,13,train,30,30,drop,42
Validation_Data_Master/UVD-3780,Validation_Data_Master/UVD-3780.txt,Validation_Data_Master,0,True,,343,11,13,test,30,30,drop,42
Validation_Data_Master/UVD-3781,Validation_Data_Master/UVD-3781.txt,Validation_Data_Master,0,True,,115,3,25,train,30,30,drop,42
Validation_Data_Master/UVD-3782,Validation_Data_Master/UVD-3782.txt,Validation_Data_Master,0,True,,343,11,13,train,30,30,drop,42
Validation_Data_Master/UVD-3783,Validation_Data_Master/UVD-3783.txt,Validation_Data_Master,0,True,,109,3,19,train,30,30,drop,42
Validation_Data_Master/UVD-3784,Validation_Data_Master/UVD-3784.txt,Validation_Data_Master,0,True,,1669,55,19,train,30,30,drop,42
Validation_Data_Master/UVD-3785,Validation_Data_Master/UVD-3785.txt,Validation_Data_Master,0,True,,428,14,8,train,30,30,drop,42
Validation_Data_Master/UVD-3786,Validation_Data_Master/UVD-3786.txt,Validation_Data_Master,0,True,,2433,81,3,train,30,30,drop,42
Validation_Data_Master/UVD-3787,Validation_Data_Master/UVD-3787.txt,Validation_Data_Master,0,True,,343,11,13,train,30,30,drop,42
Validation_Data_Master/UVD-3788,Validation_Data_Master/UVD-3788.txt,Validation_Data_Master,0,True,,1280,42,20,test,30,30,drop,42
Validation_Data_Master/UVD-3789,Validation_Data_Master/UVD-3789.txt,Validation_Data_Master,0,True,,343,11,13,train,30,30,drop,42
Validation_Data_Master/UVD-3790,Validation_Data_Master/UVD-3790.txt,Validation_Data_Master,0,True,,299,9,29,train,30,30,drop,42
Validation_Data_Master/UVD-3791,Validation_Data_Master/UVD-3791.txt,Validation_Data_Master,0,True,,343,11,13,train,30,30,drop,42
Validation_Data_Master/UVD-3792,Validation_Data_Master/UVD-3792.txt,Validation_Data_Master,0,True,,343,11,13,train,30,30,drop,42
Validation_Data_Master/UVD-3793,Validation_Data_Master/UVD-3793.txt,Validation_Data_Master,0,True,,100,3,10,train,30,30,drop,42
Validation_Data_Master/UVD-3794,Validation_Data_Master/UVD-3794.txt,Validation_Data_Master,0,True,,343,11,13,train,30,30,drop,42
Validation_Data_Master/UVD-3795,Validation_Data_Master/UVD-3795.txt,Validation_Data_Master,0,True,,94,3,4,test,30,30,drop,42
Validation_Data_Master/UVD-3796,Validation_Data_Master/UVD-3796.txt,Validation_Data_Master,0,True,,388,12,28,validation,30,30,drop,42
Validation_Data_Master/UVD-3797,Validation_Data_Master/UVD-3797.txt,Validation_Data_Master,0,True,,343,11,13,train,30,30,drop,42
Validation_Data_Master/UVD-3798,Validation_Data_Master/UVD-3798.txt,Validation_Data_Master,0,True,,105,3,15,train,30,30,drop,42
Validation_Data_Master/UVD-3799,Validation_Data_Master/UVD-3799.txt,Validation_Data_Master,0,True,,1216,40,16,train,30,30,drop,42
Validation_Data_Master/UVD-3800,Validation_Data_Master/UVD-3800.txt,Validation_Data_Master,0,True,,343,11,13,train,30,30,drop,42
Validation_Data_Master/UVD-3801,Validation_Data_Master/UVD-3801.txt,Validation_Data_Master,0,True,,121,4,1,test,30,30,drop,42
Validation_Data_Master/UVD-3802,Validation_Data_Master/UVD-3802.txt,Validation_Data_Master,0,True,,343,11,13,train,30,30,drop,42
Validation_Data_Master/UVD-3803,Validation_Data_Master/UVD-3803.txt,Validation_Data_Master,0,True,,94,3,4,train,30,30,drop,42
Validation_Data_Master/UVD-3804,Validation_Data_Master/UVD-3804.txt,Validation_Data_Master,0,True,,295,9,25,validation,30,30,drop,42
Validation_Data_Master/UVD-3805,Validation_Data_Master/UVD-3805.txt,Validation_Data_Master,0,True,,531,17,21,train,30,30,drop,42
Validation_Data_Master/UVD-3806,Validation_Data_Master/UVD-3806.txt,Validation_Data_Master,0,True,,805,26,25,validation,30,30,drop,42
Validation_Data_Master/UVD-3807,Validation_Data_Master/UVD-3807.txt,Validation_Data_Master,0,True,,295,9,25,train,30,30,drop,42
Validation_Data_Master/UVD-3808,Validation_Data_Master/UVD-3808.txt,Validation_Data_Master,0,True,,343,11,13,test,30,30,drop,42
Validation_Data_Master/UVD-3809,Validation_Data_Master/UVD-3809.txt,Validation_Data_Master,0,True,,250,8,10,train,30,30,drop,42
Validation_Data_Master/UVD-3810,Validation_Data_Master/UVD-3810.txt,Validation_Data_Master,0,True,,1152,38,12,train,30,30,drop,42
Validation_Data_Master/UVD-3811,Validation_Data_Master/UVD-3811.txt,Validation_Data_Master,0,True,,95,3,5,train,30,30,drop,42
Validation_Data_Master/UVD-3812,Validation_Data_Master/UVD-3812.txt,Validation_Data_Master,0,True,,188,6,8,train,30,30,drop,42
Validation_Data_Master/UVD-3813,Validation_Data_Master/UVD-3813.txt,Validation_Data_Master,0,True,,234,7,24,test,30,30,drop,42
Validation_Data_Master/UVD-3814,Validation_Data_Master/UVD-3814.txt,Validation_Data_Master,0,True,,343,11,13,train,30,30,drop,42
Validation_Data_Master/UVD-3815,Validation_Data_Master/UVD-3815.txt,Validation_Data_Master,0,True,,725,24,5,train,30,30,drop,42
Validation_Data_Master/UVD-3816,Validation_Data_Master/UVD-3816.txt,Validation_Data_Master,0,True,,343,11,13,train,30,30,drop,42
Validation_Data_Master/UVD-3817,Validation_Data_Master/UVD-3817.txt,Validation_Data_Master,0,True,,932,31,2,train,30,30,drop,42
Validation_Data_Master/UVD-3818,Validation_Data_Master/UVD-3818.txt,Validation_Data_Master,0,True,,2054,68,14,train,30,30,drop,42
Validation_Data_Master/UVD-3819,Validation_Data_Master/UVD-3819.txt,Validation_Data_Master,0,True,,262,8,22,train,30,30,drop,42
Validation_Data_Master/UVD-3820,Validation_Data_Master/UVD-3820.txt,Validation_Data_Master,0,True,,448,14,28,validation,30,30,drop,42
Validation_Data_Master/UVD-3821,Validation_Data_Master/UVD-3821.txt,Validation_Data_Master,0,True,,180,6,0,train,30,30,drop,42
Validation_Data_Master/UVD-3822,Validation_Data_Master/UVD-3822.txt,Validation_Data_Master,0,True,,343,11,13,test,30,30,drop,42
Validation_Data_Master/UVD-3823,Validation_Data_Master/UVD-3823.txt,Validation_Data_Master,0,True,,157,5,7,train,30,30,drop,42
Validation_Data_Master/UVD-3824,Validation_Data_Master/UVD-3824.txt,Validation_Data_Master,0,True,,156,5,6,train,30,30,drop,42
Validation_Data_Master/UVD-3825,Validation_Data_Master/UVD-3825.txt,Validation_Data_Master,0,True,,179,5,29,train,30,30,drop,42
Validation_Data_Master/UVD-3826,Validation_Data_Master/UVD-3826.txt,Validation_Data_Master,0,True,,343,11,13,validation,30,30,drop,42
Validation_Data_Master/UVD-3827,Validation_Data_Master/UVD-3827.txt,Validation_Data_Master,0,True,,343,11,13,validation,30,30,drop,42
Validation_Data_Master/UVD-3828,Validation_Data_Master/UVD-3828.txt,Validation_Data_Master,0,True,,697,23,7,train,30,30,drop,42
Validation_Data_Master/UVD-3829,Validation_Data_Master/UVD-3829.txt,Validation_Data_Master,0,True,,343,11,13,train,30,30,drop,42
Validation_Data_Master/UVD-3830,Validation_Data_Master/UVD-3830.txt,Validation_Data_Master,0,True,,417,13,27,train,30,30,drop,42
Validation_Data_Master/UVD-3831,Validation_Data_Master/UVD-3831.txt,Validation_Data_Master,0,True,,343,11,13,train,30,30,drop,42
Validation_Data_Master/UVD-3832,Validation_Data_Master/UVD-3832.txt,Validation_Data_Master,0,True,,343,11,13,train,30,30,drop,42
Validation_Data_Master/UVD-3833,Validation_Data_Master/UVD-3833.txt,Validation_Data_Master,0,True,,697,23,7,train,30,30,drop,42
Validation_Data_Master/UVD-3834,Validation_Data_Master/UVD-3834.txt,Validation_Data_Master,0,True,,343,11,13,train,30,30,drop,42
Validation_Data_Master/UVD-3835,Validation_Data_Master/UVD-3835.txt,Validation_Data_Master,0,True,,343,11,13,train,30,30,drop,42
Validation_Data_Master/UVD-3836,Validation_Data_Master/UVD-3836.txt,Validation_Data_Master,0,True,,3063,102,3,train,30,30,drop,42
Validation_Data_Master/UVD-3837,Validation_Data_Master/UVD-3837.txt,Validation_Data_Master,0,True,,697,23,7,train,30,30,drop,42
Validation_Data_Master/UVD-3838,Validation_Data_Master/UVD-3838.txt,Validation_Data_Master,0,True,,343,11,13,test,30,30,drop,42
Validation_Data_Master/UVD-3839,Validation_Data_Master/UVD-3839.txt,Validation_Data_Master,0,True,,421,14,1,train,30,30,drop,42
Validation_Data_Master/UVD-3840,Validation_Data_Master/UVD-3840.txt,Validation_Data_Master,0,True,,744,24,24,train,30,30,drop,42
Validation_Data_Master/UVD-3841,Validation_Data_Master/UVD-3841.txt,Validation_Data_Master,0,True,,281,9,11,train,30,30,drop,42
Validation_Data_Master/UVD-3842,Validation_Data_Master/UVD-3842.txt,Validation_Data_Master,0,True,,343,11,13,train,30,30,drop,42
Validation_Data_Master/UVD-3843,Validation_Data_Master/UVD-3843.txt,Validation_Data_Master,0,True,,172,5,22,train,30,30,drop,42
Validation_Data_Master/UVD-3844,Validation_Data_Master/UVD-3844.txt,Validation_Data_Master,0,True,,379,12,19,test,30,30,drop,42
Validation_Data_Master/UVD-3845,Validation_Data_Master/UVD-3845.txt,Validation_Data_Master,0,True,,697,23,7,validation,30,30,drop,42
Validation_Data_Master/UVD-3846,Validation_Data_Master/UVD-3846.txt,Validation_Data_Master,0,True,,343,11,13,train,30,30,drop,42
Validation_Data_Master/UVD-3847,Validation_Data_Master/UVD-3847.txt,Validation_Data_Master,0,True,,115,3,25,train,30,30,drop,42
Validation_Data_Master/UVD-3848,Validation_Data_Master/UVD-3848.txt,Validation_Data_Master,0,True,,122,4,2,train,30,30,drop,42
Validation_Data_Master/UVD-3849,Validation_Data_Master/UVD-3849.txt,Validation_Data_Master,0,True,,343,11,13,test,30,30,drop,42
Validation_Data_Master/UVD-3850,Validation_Data_Master/UVD-3850.txt,Validation_Data_Master,0,True,,697,23,7,train,30,30,drop,42
Validation_Data_Master/UVD-3851,Validation_Data_Master/UVD-3851.txt,Validation_Data_Master,0,True,,109,3,19,train,30,30,drop,42
Validation_Data_Master/UVD-3852,Validation_Data_Master/UVD-3852.txt,Validation_Data_Master,0,True,,123,4,3,train,30,30,drop,42
Validation_Data_Master/UVD-3853,Validation_Data_Master/UVD-3853.txt,Validation_Data_Master,0,True,,343,11,13,train,30,30,drop,42
Validation_Data_Master/UVD-3854,Validation_Data_Master/UVD-3854.txt,Validation_Data_Master,0,True,,1280,42,20,test,30,30,drop,42
Validation_Data_Master/UVD-3855,Validation_Data_Master/UVD-3855.txt,Validation_Data_Master,0,True,,343,11,13,validation,30,30,drop,42
Validation_Data_Master/UVD-3856,Validation_Data_Master/UVD-3856.txt,Validation_Data_Master,0,True,,697,23,7,validation,30,30,drop,42
Validation_Data_Master/UVD-3857,Validation_Data_Master/UVD-3857.txt,Validation_Data_Master,0,True,,299,9,29,train,30,30,drop,42
Validation_Data_Master/UVD-3858,Validation_Data_Master/UVD-3858.txt,Validation_Data_Master,0,True,,343,11,13,validation,30,30,drop,42
Validation_Data_Master/UVD-3859,Validation_Data_Master/UVD-3859.txt,Validation_Data_Master,0,True,,343,11,13,train,30,30,drop,42
Validation_Data_Master/UVD-3860,Validation_Data_Master/UVD-3860.txt,Validation_Data_Master,0,True,,1327,44,7,train,30,30,drop,42
Validation_Data_Master/UVD-3861,Validation_Data_Master/UVD-3861.txt,Validation_Data_Master,0,True,,100,3,10,train,30,30,drop,42
Validation_Data_Master/UVD-3862,Validation_Data_Master/UVD-3862.txt,Validation_Data_Master,0,True,,697,23,7,train,30,30,drop,42
Validation_Data_Master/UVD-3863,Validation_Data_Master/UVD-3863.txt,Validation_Data_Master,0,True,,559,18,19,train,30,30,drop,42
Validation_Data_Master/UVD-3864,Validation_Data_Master/UVD-3864.txt,Validation_Data_Master,0,True,,343,11,13,train,30,30,drop,42
Validation_Data_Master/UVD-3865,Validation_Data_Master/UVD-3865.txt,Validation_Data_Master,0,True,,94,3,4,validation,30,30,drop,42
Validation_Data_Master/UVD-3866,Validation_Data_Master/UVD-3866.txt,Validation_Data_Master,0,True,,343,11,13,validation,30,30,drop,42
Validation_Data_Master/UVD-3867,Validation_Data_Master/UVD-3867.txt,Validation_Data_Master,0,True,,697,23,7,test,30,30,drop,42
Validation_Data_Master/UVD-3868,Validation_Data_Master/UVD-3868.txt,Validation_Data_Master,0,True,,343,11,13,train,30,30,drop,42
Validation_Data_Master/UVD-3869,Validation_Data_Master/UVD-3869.txt,Validation_Data_Master,0,True,,697,23,7,train,30,30,drop,42
Validation_Data_Master/UVD-3870,Validation_Data_Master/UVD-3870.txt,Validation_Data_Master,0,True,,343,11,13,train,30,30,drop,42
Validation_Data_Master/UVD-3871,Validation_Data_Master/UVD-3871.txt,Validation_Data_Master,0,True,,697,23,7,train,30,30,drop,42
Validation_Data_Master/UVD-3872,Validation_Data_Master/UVD-3872.txt,Validation_Data_Master,0,True,,343,11,13,test,30,30,drop,42
Validation_Data_Master/UVD-3873,Validation_Data_Master/UVD-3873.txt,Validation_Data_Master,0,True,,134,4,14,train,30,30,drop,42
Validation_Data_Master/UVD-3874,Validation_Data_Master/UVD-3874.txt,Validation_Data_Master,0,True,,518,17,8,validation,30,30,drop,42
Validation_Data_Master/UVD-3875,Validation_Data_Master/UVD-3875.txt,Validation_Data_Master,0,True,,343,11,13,validation,30,30,drop,42
Validation_Data_Master/UVD-3876,Validation_Data_Master/UVD-3876.txt,Validation_Data_Master,0,True,,1389,46,9,test,30,30,drop,42
Validation_Data_Master/UVD-3877,Validation_Data_Master/UVD-3877.txt,Validation_Data_Master,0,True,,343,11,13,train,30,30,drop,42
Validation_Data_Master/UVD-3878,Validation_Data_Master/UVD-3878.txt,Validation_Data_Master,0,True,,343,11,13,test,30,30,drop,42
Validation_Data_Master/UVD-3879,Validation_Data_Master/UVD-3879.txt,Validation_Data_Master,0,True,,343,11,13,validation,30,30,drop,42
Validation_Data_Master/UVD-3880,Validation_Data_Master/UVD-3880.txt,Validation_Data_Master,0,True,,343,11,13,train,30,30,drop,42
Validation_Data_Master/UVD-3881,Validation_Data_Master/UVD-3881.txt,Validation_Data_Master,0,True,,272,9,2,train,30,30,drop,42
Validation_Data_Master/UVD-3882,Validation_Data_Master/UVD-3882.txt,Validation_Data_Master,0,True,,343,11,13,train,30,30,drop,42
Validation_Data_Master/UVD-3883,Validation_Data_Master/UVD-3883.txt,Validation_Data_Master,0,True,,343,11,13,train,30,30,drop,42
Validation_Data_Master/UVD-3884,Validation_Data_Master/UVD-3884.txt,Validation_Data_Master,0,True,,1555,51,25,train,30,30,drop,42
Validation_Data_Master/UVD-3885,Validation_Data_Master/UVD-3885.txt,Validation_Data_Master,0,True,,1761,58,21,train,30,30,drop,42
Validation_Data_Master/UVD-3886,Validation_Data_Master/UVD-3886.txt,Validation_Data_Master,0,True,,343,11,13,test,30,30,drop,42
Validation_Data_Master/UVD-3887,Validation_Data_Master/UVD-3887.txt,Validation_Data_Master,0,True,,343,11,13,train,30,30,drop,42
Validation_Data_Master/UVD-3888,Validation_Data_Master/UVD-3888.txt,Validation_Data_Master,0,True,,343,11,13,train,30,30,drop,42
Validation_Data_Master/UVD-3889,Validation_Data_Master/UVD-3889.txt,Validation_Data_Master,0,True,,343,11,13,train,30,30,drop,42
Validation_Data_Master/UVD-3890,Validation_Data_Master/UVD-3890.txt,Validation_Data_Master,0,True,,343,11,13,test,30,30,drop,42
Validation_Data_Master/UVD-3891,Validation_Data_Master/UVD-3891.txt,Validation_Data_Master,0,True,,343,11,13,test,30,30,drop,42
Validation_Data_Master/UVD-3892,Validation_Data_Master/UVD-3892.txt,Validation_Data_Master,0,True,,343,11,13,train,30,30,drop,42
Validation_Data_Master/UVD-3893,Validation_Data_Master/UVD-3893.txt,Validation_Data_Master,0,True,,695,23,5,train,30,30,drop,42
Validation_Data_Master/UVD-3894,Validation_Data_Master/UVD-3894.txt,Validation_Data_Master,0,True,,343,11,13,validation,30,30,drop,42
Validation_Data_Master/UVD-3895,Validation_Data_Master/UVD-3895.txt,Validation_Data_Master,0,True,,699,23,9,train,30,30,drop,42
Validation_Data_Master/UVD-3896,Validation_Data_Master/UVD-3896.txt,Validation_Data_Master,0,True,,246,8,6,train,30,30,drop,42
Validation_Data_Master/UVD-3897,Validation_Data_Master/UVD-3897.txt,Validation_Data_Master,0,True,,343,11,13,train,30,30,drop,42
Validation_Data_Master/UVD-3898,Validation_Data_Master/UVD-3898.txt,Validation_Data_Master,0,True,,343,11,13,validation,30,30,drop,42
Validation_Data_Master/UVD-3899,Validation_Data_Master/UVD-3899.txt,Validation_Data_Master,0,True,,343,11,13,test,30,30,drop,42
Validation_Data_Master/UVD-3900,Validation_Data_Master/UVD-3900.txt,Validation_Data_Master,0,True,,343,11,13,train,30,30,drop,42
Validation_Data_Master/UVD-3901,Validation_Data_Master/UVD-3901.txt,Validation_Data_Master,0,True,,343,11,13,validation,30,30,drop,42
Validation_Data_Master/UVD-3902,Validation_Data_Master/UVD-3902.txt,Validation_Data_Master,0,True,,343,11,13,test,30,30,drop,42
Validation_Data_Master/UVD-3903,Validation_Data_Master/UVD-3903.txt,Validation_Data_Master,0,True,,343,11,13,validation,30,30,drop,42
Validation_Data_Master/UVD-3904,Validation_Data_Master/UVD-3904.txt,Validation_Data_Master,0,True,,343,11,13,train,30,30,drop,42
Validation_Data_Master/UVD-3905,Validation_Data_Master/UVD-3905.txt,Validation_Data_Master,0,True,,343,11,13,train,30,30,drop,42
Validation_Data_Master/UVD-3906,Validation_Data_Master/UVD-3906.txt,Validation_Data_Master,0,True,,343,11,13,validation,30,30,drop,42
Validation_Data_Master/UVD-3907,Validation_Data_Master/UVD-3907.txt,Validation_Data_Master,0,True,,626,20,26,validation,30,30,drop,42
Validation_Data_Master/UVD-3908,Validation_Data_Master/UVD-3908.txt,Validation_Data_Master,0,True,,343,11,13,train,30,30,drop,42
Validation_Data_Master/UVD-3909,Validation_Data_Master/UVD-3909.txt,Validation_Data_Master,0,True,,343,11,13,validation,30,30,drop,42
Validation_Data_Master/UVD-3910,Validation_Data_Master/UVD-3910.txt,Validation_Data_Master,0,True,,343,11,13,train,30,30,drop,42
Validation_Data_Master/UVD-3911,Validation_Data_Master/UVD-3911.txt,Validation_Data_Master,0,True,,343,11,13,validation,30,30,drop,42
Validation_Data_Master/UVD-3912,Validation_Data_Master/UVD-3912.txt,Validation_Data_Master,0,True,,343,11,13,train,30,30,drop,42
Validation_Data_Master/UVD-3913,Validation_Data_Master/UVD-3913.txt,Validation_Data_Master,0,True,,343,11,13,train,30,30,drop,42
Validation_Data_Master/UVD-3914,Validation_Data_Master/UVD-3914.txt,Validation_Data_Master,0,True,,343,11,13,train,30,30,drop,42
Validation_Data_Master/UVD-3915,Validation_Data_Master/UVD-3915.txt,Validation_Data_Master,0,True,,343,11,13,validation,30,30,drop,42
Validation_Data_Master/UVD-3916,Validation_Data_Master/UVD-3916.txt,Validation_Data_Master,0,True,,343,11,13,validation,30,30,drop,42
Validation_Data_Master/UVD-3917,Validation_Data_Master/UVD-3917.txt,Validation_Data_Master,0,True,,343,11,13,test,30,30,drop,42
Validation_Data_Master/UVD-3918,Validation_Data_Master/UVD-3918.txt,Validation_Data_Master,0,True,,756,25,6,train,30,30,drop,42
Validation_Data_Master/UVD-3919,Validation_Data_Master/UVD-3919.txt,Validation_Data_Master,0,True,,343,11,13,train,30,30,drop,42
Validation_Data_Master/UVD-3920,Validation_Data_Master/UVD-3920.txt,Validation_Data_Master,0,True,,343,11,13,train,30,30,drop,42
Validation_Data_Master/UVD-3921,Validation_Data_Master/UVD-3921.txt,Validation_Data_Master,0,True,,343,11,13,validation,30,30,drop,42
Validation_Data_Master/UVD-3922,Validation_Data_Master/UVD-3922.txt,Validation_Data_Master,0,True,,379,12,19,train,30,30,drop,42
Validation_Data_Master/UVD-3923,Validation_Data_Master/UVD-3923.txt,Validation_Data_Master,0,True,,343,11,13,train,30,30,drop,42
Validation_Data_Master/UVD-3924,Validation_Data_Master/UVD-3924.txt,Validation_Data_Master,0,True,,343,11,13,train,30,30,drop,42
Validation_Data_Master/UVD-3925,Validation_Data_Master/UVD-3925.txt,Validation_Data_Master,0,True,,343,11,13,train,30,30,drop,42
Validation_Data_Master/UVD-3926,Validation_Data_Master/UVD-3926.txt,Validation_Data_Master,0,True,,343,11,13,validation,30,30,drop,42
Validation_Data_Master/UVD-3927,Validation_Data_Master/UVD-3927.txt,Validation_Data_Master,0,True,,343,11,13,train,30,30,drop,42
Validation_Data_Master/UVD-3928,Validation_Data_Master/UVD-3928.txt,Validation_Data_Master,0,True,,343,11,13,test,30,30,drop,42
Validation_Data_Master/UVD-3929,Validation_Data_Master/UVD-3929.txt,Validation_Data_Master,0,True,,3003,100,3,train,30,30,drop,42
Validation_Data_Master/UVD-3930,Validation_Data_Master/UVD-3930.txt,Validation_Data_Master,0,True,,1821,60,21,train,30,30,drop,42
Validation_Data_Master/UVD-3931,Validation_Data_Master/UVD-3931.txt,Validation_Data_Master,0,True,,343,11,13,train,30,30,drop,42
Validation_Data_Master/UVD-3932,Validation_Data_Master/UVD-3932.txt,Validation_Data_Master,0,True,,343,11,13,train,30,30,drop,42
Validation_Data_Master/UVD-3933,Validation_Data_Master/UVD-3933.txt,Validation_Data_Master,0,True,,343,11,13,train,30,30,drop,42
Validation_Data_Master/UVD-3934,Validation_Data_Master/UVD-3934.txt,Validation_Data_Master,0,True,,343,11,13,train,30,30,drop,42
Validation_Data_Master/UVD-3935,Validation_Data_Master/UVD-3935.txt,Validation_Data_Master,0,True,,343,11,13,test,30,30,drop,42
Validation_Data_Master/UVD-3936,Validation_Data_Master/UVD-3936.txt,Validation_Data_Master,0,True,,343,11,13,validation,30,30,drop,42
Validation_Data_Master/UVD-3937,Validation_Data_Master/UVD-3937.txt,Validation_Data_Master,0,True,,343,11,13,test,30,30,drop,42
Validation_Data_Master/UVD-3938,Validation_Data_Master/UVD-3938.txt,Validation_Data_Master,0,True,,343,11,13,test,30,30,drop,42
Validation_Data_Master/UVD-3939,Validation_Data_Master/UVD-3939.txt,Validation_Data_Master,0,True,,343,11,13,train,30,30,drop,42
Validation_Data_Master/UVD-3940,Validation_Data_Master/UVD-3940.txt,Validation_Data_Master,0,True,,343,11,13,test,30,30,drop,42
Validation_Data_Master/UVD-3941,Validation_Data_Master/UVD-3941.txt,Validation_Data_Master,0,True,,136,4,16,validation,30,30,drop,42
Validation_Data_Master/UVD-3942,Validation_Data_Master/UVD-3942.txt,Validation_Data_Master,0,True,,343,11,13,train,30,30,drop,42
Validation_Data_Master/UVD-3943,Validation_Data_Master/UVD-3943.txt,Validation_Data_Master,0,True,,343,11,13,train,30,30,drop,42
Validation_Data_Master/UVD-3944,Validation_Data_Master/UVD-3944.txt,Validation_Data_Master,0,True,,343,11,13,train,30,30,drop,42
Validation_Data_Master/UVD-3945,Validation_Data_Master/UVD-3945.txt,Validation_Data_Master,0,True,,343,11,13,train,30,30,drop,42
Validation_Data_Master/UVD-3946,Validation_Data_Master/UVD-3946.txt,Validation_Data_Master,0,True,,343,11,13,test,30,30,drop,42
Validation_Data_Master/UVD-3947,Validation_Data_Master/UVD-3947.txt,Validation_Data_Master,0,True,,343,11,13,test,30,30,drop,42
Validation_Data_Master/UVD-3948,Validation_Data_Master/UVD-3948.txt,Validation_Data_Master,0,True,,458,15,8,validation,30,30,drop,42
Validation_Data_Master/UVD-3949,Validation_Data_Master/UVD-3949.txt,Validation_Data_Master,0,True,,343,11,13,test,30,30,drop,42
Validation_Data_Master/UVD-3950,Validation_Data_Master/UVD-3950.txt,Validation_Data_Master,0,True,,1344,44,24,test,30,30,drop,42
Validation_Data_Master/UVD-3951,Validation_Data_Master/UVD-3951.txt,Validation_Data_Master,0,True,,343,11,13,train,30,30,drop,42
Validation_Data_Master/UVD-3952,Validation_Data_Master/UVD-3952.txt,Validation_Data_Master,0,True,,622,20,22,test,30,30,drop,42
Validation_Data_Master/UVD-3953,Validation_Data_Master/UVD-3953.txt,Validation_Data_Master,0,True,,343,11,13,train,30,30,drop,42
Validation_Data_Master/UVD-3954,Validation_Data_Master/UVD-3954.txt,Validation_Data_Master,0,True,,476,15,26,train,30,30,drop,42
Validation_Data_Master/UVD-3955,Validation_Data_Master/UVD-3955.txt,Validation_Data_Master,0,True,,343,11,13,train,30,30,drop,42
Validation_Data_Master/UVD-3956,Validation_Data_Master/UVD-3956.txt,Validation_Data_Master,0,True,,343,11,13,validation,30,30,drop,42
Validation_Data_Master/UVD-3957,Validation_Data_Master/UVD-3957.txt,Validation_Data_Master,0,True,,93,3,3,train,30,30,drop,42
Validation_Data_Master/UVD-3958,Validation_Data_Master/UVD-3958.txt,Validation_Data_Master,0,True,,348,11,18,train,30,30,drop,42
Validation_Data_Master/UVD-3959,Validation_Data_Master/UVD-3959.txt,Validation_Data_Master,0,True,,343,11,13,train,30,30,drop,42
Validation_Data_Master/UVD-3960,Validation_Data_Master/UVD-3960.txt,Validation_Data_Master,0,True,,246,8,6,train,30,30,drop,42
Validation_Data_Master/UVD-3961,Validation_Data_Master/UVD-3961.txt,Validation_Data_Master,0,True,,249,8,9,validation,30,30,drop,42
Validation_Data_Master/UVD-3962,Validation_Data_Master/UVD-3962.txt,Validation_Data_Master,0,True,,343,11,13,test,30,30,drop,42
Validation_Data_Master/UVD-3963,Validation_Data_Master/UVD-3963.txt,Validation_Data_Master,0,True,,569,18,29,validation,30,30,drop,42
Validation_Data_Master/UVD-3964,Validation_Data_Master/UVD-3964.txt,Validation_Data_Master,0,True,,93,3,3,train,30,30,drop,42
Validation_Data_Master/UVD-3965,Validation_Data_Master/UVD-3965.txt,Validation_Data_Master,0,True,,343,11,13,validation,30,30,drop,42
Validation_Data_Master/UVD-3966,Validation_Data_Master/UVD-3966.txt,Validation_Data_Master,0,True,,334,11,4,train,30,30,drop,42
Validation_Data_Master/UVD-3967,Validation_Data_Master/UVD-3967.txt,Validation_Data_Master,0,True,,343,11,13,test,30,30,drop,42
Validation_Data_Master/UVD-3968,Validation_Data_Master/UVD-3968.txt,Validation_Data_Master,0,True,,103,3,13,train,30,30,drop,42
Validation_Data_Master/UVD-3969,Validation_Data_Master/UVD-3969.txt,Validation_Data_Master,0,True,,343,11,13,train,30,30,drop,42
Validation_Data_Master/UVD-3970,Validation_Data_Master/UVD-3970.txt,Validation_Data_Master,0,True,,123,4,3,train,30,30,drop,42
Validation_Data_Master/UVD-3971,Validation_Data_Master/UVD-3971.txt,Validation_Data_Master,0,True,,343,11,13,train,30,30,drop,42
Validation_Data_Master/UVD-3972,Validation_Data_Master/UVD-3972.txt,Validation_Data_Master,0,True,,343,11,13,train,30,30,drop,42
Validation_Data_Master/UVD-3973,Validation_Data_Master/UVD-3973.txt,Validation_Data_Master,0,True,,343,11,13,validation,30,30,drop,42
Validation_Data_Master/UVD-3974,Validation_Data_Master/UVD-3974.txt,Validation_Data_Master,0,True,,185,6,5,validation,30,30,drop,42
Validation_Data_Master/UVD-3975,Validation_Data_Master/UVD-3975.txt,Validation_Data_Master,0,True,,146,4,26,train,30,30,drop,42
Validation_Data_Master/UVD-3976,Validation_Data_Master/UVD-3976.txt,Validation_Data_Master,0,True,,138,4,18,test,30,30,drop,42
Validation_Data_Master/UVD-3977,Validation_Data_Master/UVD-3977.txt,Validation_Data_Master,0,True,,343,11,13,train,30,30,drop,42
Validation_Data_Master/UVD-3978,Validation_Data_Master/UVD-3978.txt,Validation_Data_Master,0,True,,142,4,22,train,30,30,drop,42
Validation_Data_Master/UVD-3979,Validation_Data_Master/UVD-3979.txt,Validation_Data_Master,0,True,,343,11,13,test,30,30,drop,42
Validation_Data_Master/UVD-3980,Validation_Data_Master/UVD-3980.txt,Validation_Data_Master,0,True,,343,11,13,train,30,30,drop,42
Validation_Data_Master/UVD-3981,Validation_Data_Master/UVD-3981.txt,Validation_Data_Master,0,True,,135,4,15,train,30,30,drop,42
Validation_Data_Master/UVD-3982,Validation_Data_Master/UVD-3982.txt,Validation_Data_Master,0,True,,752,25,2,train,30,30,drop,42
Validation_Data_Master/UVD-3983,Validation_Data_Master/UVD-3983.txt,Validation_Data_Master,0,True,,343,11,13,test,30,30,drop,42
Validation_Data_Master/UVD-3984,Validation_Data_Master/UVD-3984.txt,Validation_Data_Master,0,True,,343,11,13,train,30,30,drop,42
Validation_Data_Master/UVD-3985,Validation_Data_Master/UVD-3985.txt,Validation_Data_Master,0,True,,1756,58,16,train,30,30,drop,42
Validation_Data_Master/UVD-3986,Validation_Data_Master/UVD-3986.txt,Validation_Data_Master,0,True,,343,11,13,train,30,30,drop,42
Validation_Data_Master/UVD-3987,Validation_Data_Master/UVD-3987.txt,Validation_Data_Master,0,True,,343,11,13,train,30,30,drop,42
Validation_Data_Master/UVD-3988,Validation_Data_Master/UVD-3988.txt,Validation_Data_Master,0,True,,343,11,13,validation,30,30,drop,42
Validation_Data_Master/UVD-3989,Validation_Data_Master/UVD-3989.txt,Validation_Data_Master,0,True,,343,11,13,validation,30,30,drop,42
Validation_Data_Master/UVD-3990,Validation_Data_Master/UVD-3990.txt,Validation_Data_Master,0,True,,888,29,18,train,30,30,drop,42
Validation_Data_Master/UVD-3991,Validation_Data_Master/UVD-3991.txt,Validation_Data_Master,0,True,,343,11,13,train,30,30,drop,42
Validation_Data_Master/UVD-3992,Validation_Data_Master/UVD-3992.txt,Validation_Data_Master,0,True,,343,11,13,train,30,30,drop,42
Validation_Data_Master/UVD-3993,Validation_Data_Master/UVD-3993.txt,Validation_Data_Master,0,True,,178,5,28,train,30,30,drop,42
Validation_Data_Master/UVD-3994,Validation_Data_Master/UVD-3994.txt,Validation_Data_Master,0,True,,98,3,8,train,30,30,drop,42
Validation_Data_Master/UVD-3995,Validation_Data_Master/UVD-3995.txt,Validation_Data_Master,0,True,,343,11,13,validation,30,30,drop,42
Validation_Data_Master/UVD-3996,Validation_Data_Master/UVD-3996.txt,Validation_Data_Master,0,True,,744,24,24,test,30,30,drop,42
Validation_Data_Master/UVD-3997,Validation_Data_Master/UVD-3997.txt,Validation_Data_Master,0,True,,343,11,13,train,30,30,drop,42
Validation_Data_Master/UVD-3998,Validation_Data_Master/UVD-3998.txt,Validation_Data_Master,0,True,,343,11,13,train,30,30,drop,42
Validation_Data_Master/UVD-3999,Validation_Data_Master/UVD-3999.txt,Validation_Data_Master,0,True,,343,11,13,train,30,30,drop,42
Validation_Data_Master/UVD-4000,Validation_Data_Master/UVD-4000.txt,Validation_Data_Master,0,True,,343,11,13,train,30,30,drop,42
Validation_Data_Master/UVD-4001,Validation_Data_Master/UVD-4001.txt,Validation_Data_Master,0,True,,343,11,13,validation,30,30,drop,42
Validation_Data_Master/UVD-4002,Validation_Data_Master/UVD-4002.txt,Validation_Data_Master,0,True,,343,11,13,train,30,30,drop,42
Validation_Data_Master/UVD-4003,Validation_Data_Master/UVD-4003.txt,Validation_Data_Master,0,True,,343,11,13,train,30,30,drop,42
Validation_Data_Master/UVD-4004,Validation_Data_Master/UVD-4004.txt,Validation_Data_Master,0,True,,343,11,13,train,30,30,drop,42
Validation_Data_Master/UVD-4005,Validation_Data_Master/UVD-4005.txt,Validation_Data_Master,0,True,,343,11,13,test,30,30,drop,42
Validation_Data_Master/UVD-4006,Validation_Data_Master/UVD-4006.txt,Validation_Data_Master,0,True,,343,11,13,train,30,30,drop,42
Validation_Data_Master/UVD-4007,Validation_Data_Master/UVD-4007.txt,Validation_Data_Master,0,True,,129,4,9,train,30,30,drop,42
Validation_Data_Master/UVD-4008,Validation_Data_Master/UVD-4008.txt,Validation_Data_Master,0,True,,343,11,13,test,30,30,drop,42
Validation_Data_Master/UVD-4009,Validation_Data_Master/UVD-4009.txt,Validation_Data_Master,0,True,,1567,52,7,train,30,30,drop,42
Validation_Data_Master/UVD-4010,Validation_Data_Master/UVD-4010.txt,Validation_Data_Master,0,True,,343,11,13,train,30,30,drop,42
Validation_Data_Master/UVD-4011,Validation_Data_Master/UVD-4011.txt,Validation_Data_Master,0,True,,343,11,13,train,30,30,drop,42
Validation_Data_Master/UVD-4012,Validation_Data_Master/UVD-4012.txt,Validation_Data_Master,0,True,,343,11,13,train,30,30,drop,42
Validation_Data_Master/UVD-4013,Validation_Data_Master/UVD-4013.txt,Validation_Data_Master,0,True,,343,11,13,train,30,30,drop,42
Validation_Data_Master/UVD-4014,Validation_Data_Master/UVD-4014.txt,Validation_Data_Master,0,True,,343,11,13,train,30,30,drop,42
Validation_Data_Master/UVD-4015,Validation_Data_Master/UVD-4015.txt,Validation_Data_Master,0,True,,1580,52,20,test,30,30,drop,42
Validation_Data_Master/UVD-4016,Validation_Data_Master/UVD-4016.txt,Validation_Data_Master,0,True,,343,11,13,train,30,30,drop,42
Validation_Data_Master/UVD-4017,Validation_Data_Master/UVD-4017.txt,Validation_Data_Master,0,True,,343,11,13,train,30,30,drop,42
Validation_Data_Master/UVD-4018,Validation_Data_Master/UVD-4018.txt,Validation_Data_Master,0,True,,284,9,14,validation,30,30,drop,42
Validation_Data_Master/UVD-4019,Validation_Data_Master/UVD-4019.txt,Validation_Data_Master,0,True,,343,11,13,train,30,30,drop,42
Validation_Data_Master/UVD-4020,Validation_Data_Master/UVD-4020.txt,Validation_Data_Master,0,True,,334,11,4,validation,30,30,drop,42
Validation_Data_Master/UVD-4021,Validation_Data_Master/UVD-4021.txt,Validation_Data_Master,0,True,,334,11,4,train,30,30,drop,42
Validation_Data_Master/UVD-4022,Validation_Data_Master/UVD-4022.txt,Validation_Data_Master,0,True,,277,9,7,train,30,30,drop,42
Validation_Data_Master/UVD-4023,Validation_Data_Master/UVD-4023.txt,Validation_Data_Master,0,True,,334,11,4,train,30,30,drop,42
Validation_Data_Master/UVD-4024,Validation_Data_Master/UVD-4024.txt,Validation_Data_Master,0,True,,735,24,15,train,30,30,drop,42
Validation_Data_Master/UVD-4025,Validation_Data_Master/UVD-4025.txt,Validation_Data_Master,0,True,,343,11,13,train,30,30,drop,42
Validation_Data_Master/UVD-4026,Validation_Data_Master/UVD-4026.txt,Validation_Data_Master,0,True,,105,3,15,train,30,30,drop,42
Validation_Data_Master/UVD-4027,Validation_Data_Master/UVD-4027.txt,Validation_Data_Master,0,True,,343,11,13,train,30,30,drop,42
Validation_Data_Master/UVD-4028,Validation_Data_Master/UVD-4028.txt,Validation_Data_Master,0,True,,343,11,13,train,30,30,drop,42
Validation_Data_Master/UVD-4029,Validation_Data_Master/UVD-4029.txt,Validation_Data_Master,0,True,,782,26,2,train,30,30,drop,42
Validation_Data_Master/UVD-4030,Validation_Data_Master/UVD-4030.txt,Validation_Data_Master,0,True,,343,11,13,validation,30,30,drop,42
Validation_Data_Master/UVD-4031,Validation_Data_Master/UVD-4031.txt,Validation_Data_Master,0,True,,343,11,13,test,30,30,drop,42
Validation_Data_Master/UVD-4032,Validation_Data_Master/UVD-4032.txt,Validation_Data_Master,0,True,,343,11,13,train,30,30,drop,42
Validation_Data_Master/UVD-4033,Validation_Data_Master/UVD-4033.txt,Validation_Data_Master,0,True,,343,11,13,train,30,30,drop,42
Validation_Data_Master/UVD-4034,Validation_Data_Master/UVD-4034.txt,Validation_Data_Master,0,True,,343,11,13,train,30,30,drop,42
Validation_Data_Master/UVD-4035,Validation_Data_Master/UVD-4035.txt,Validation_Data_Master,0,True,,343,11,13,test,30,30,drop,42
Validation_Data_Master/UVD-4036,Validation_Data_Master/UVD-4036.txt,Validation_Data_Master,0,True,,343,11,13,train,30,30,drop,42
Validation_Data_Master/UVD-4037,Validation_Data_Master/UVD-4037.txt,Validation_Data_Master,0,True,,343,11,13,train,30,30,drop,42
Validation_Data_Master/UVD-4038,Validation_Data_Master/UVD-4038.txt,Validation_Data_Master,0,True,,1671,55,21,train,30,30,drop,42
Validation_Data_Master/UVD-4039,Validation_Data_Master/UVD-4039.txt,Validation_Data_Master,0,True,,343,11,13,validation,30,30,drop,42
Validation_Data_Master/UVD-4040,Validation_Data_Master/UVD-4040.txt,Validation_Data_Master,0,True,,3009,100,9,validation,30,30,drop,42
Validation_Data_Master/UVD-4041,Validation_Data_Master/UVD-4041.txt,Validation_Data_Master,0,True,,238,7,28,train,30,30,drop,42
Validation_Data_Master/UVD-4042,Validation_Data_Master/UVD-4042.txt,Validation_Data_Master,0,True,,249,8,9,train,30,30,drop,42
Validation_Data_Master/UVD-4043,Validation_Data_Master/UVD-4043.txt,Validation_Data_Master,0,True,,167,5,17,validation,30,30,drop,42
Validation_Data_Master/UVD-4044,Validation_Data_Master/UVD-4044.txt,Validation_Data_Master,0,True,,343,11,13,train,30,30,drop,42
Validation_Data_Master/UVD-4045,Validation_Data_Master/UVD-4045.txt,Validation_Data_Master,0,True,,142,4,22,train,30,30,drop,42
Validation_Data_Master/UVD-4046,Validation_Data_Master/UVD-4046.txt,Validation_Data_Master,0,True,,257,8,17,train,30,30,drop,42
Validation_Data_Master/UVD-4047,Validation_Data_Master/UVD-4047.txt,Validation_Data_Master,0,True,,343,11,13,train,30,30,drop,42
Validation_Data_Master/UVD-4048,Validation_Data_Master/UVD-4048.txt,Validation_Data_Master,0,True,,343,11,13,test,30,30,drop,42
Validation_Data_Master/UVD-4049,Validation_Data_Master/UVD-4049.txt,Validation_Data_Master,0,True,,343,11,13,train,30,30,drop,42
Validation_Data_Master/UVD-4050,Validation_Data_Master/UVD-4050.txt,Validation_Data_Master,0,True,,343,11,13,train,30,30,drop,42
Validation_Data_Master/UVD-4051,Validation_Data_Master/UVD-4051.txt,Validation_Data_Master,0,True,,343,11,13,train,30,30,drop,42
Validation_Data_Master/UVD-4052,Validation_Data_Master/UVD-4052.txt,Validation_Data_Master,0,True,,139,4,19,validation,30,30,drop,42
Validation_Data_Master/UVD-4053,Validation_Data_Master/UVD-4053.txt,Validation_Data_Master,0,True,,343,11,13,train,30,30,drop,42
Validation_Data_Master/UVD-4054,Validation_Data_Master/UVD-4054.txt,Validation_Data_Master,0,True,,343,11,13,train,30,30,drop,42
Validation_Data_Master/UVD-4055,Validation_Data_Master/UVD-4055.txt,Validation_Data_Master,0,True,,343,11,13,train,30,30,drop,42
Validation_Data_Master/UVD-4056,Validation_Data_Master/UVD-4056.txt,Validation_Data_Master,0,True,,343,11,13,validation,30,30,drop,42
Validation_Data_Master/UVD-4057,Validation_Data_Master/UVD-4057.txt,Validation_Data_Master,0,True,,343,11,13,train,30,30,drop,42
Validation_Data_Master/UVD-4058,Validation_Data_Master/UVD-4058.txt,Validation_Data_Master,0,True,,343,11,13,train,30,30,drop,42
Validation_Data_Master/UVD-4059,Validation_Data_Master/UVD-4059.txt,Validation_Data_Master,0,True,,343,11,13,validation,30,30,drop,42
Validation_Data_Master/UVD-4060,Validation_Data_Master/UVD-4060.txt,Validation_Data_Master,0,True,,809,26,29,train,30,30,drop,42
Validation_Data_Master/UVD-4061,Validation_Data_Master/UVD-4061.txt,Validation_Data_Master,0,True,,531,17,21,test,30,30,drop,42
Validation_Data_Master/UVD-4062,Validation_Data_Master/UVD-4062.txt,Validation_Data_Master,0,True,,343,11,13,train,30,30,drop,42
Validation_Data_Master/UVD-4063,Validation_Data_Master/UVD-4063.txt,Validation_Data_Master,0,True,,222,7,12,validation,30,30,drop,42
Validation_Data_Master/UVD-4064,Validation_Data_Master/UVD-4064.txt,Validation_Data_Master,0,True,,1779,59,9,train,30,30,drop,42
Validation_Data_Master/UVD-4065,Validation_Data_Master/UVD-4065.txt,Validation_Data_Master,0,True,,1633,54,13,train,30,30,drop,42
Validation_Data_Master/UVD-4066,Validation_Data_Master/UVD-4066.txt,Validation_Data_Master,0,True,,343,11,13,train,30,30,drop,42
Validation_Data_Master/UVD-4067,Validation_Data_Master/UVD-4067.txt,Validation_Data_Master,0,True,,230,7,20,validation,30,30,drop,42
Validation_Data_Master/UVD-4068,Validation_Data_Master/UVD-4068.txt,Validation_Data_Master,0,True,,1532,51,2,train,30,30,drop,42
Validation_Data_Master/UVD-4069,Validation_Data_Master/UVD-4069.txt,Validation_Data_Master,0,True,,3054,101,24,test,30,30,drop,42
Validation_Data_Master/UVD-4070,Validation_Data_Master/UVD-4070.txt,Validation_Data_Master,0,True,,343,11,13,validation,30,30,drop,42
Validation_Data_Master/UVD-4071,Validation_Data_Master/UVD-4071.txt,Validation_Data_Master,0,True,,576,19,6,train,30,30,drop,42
Validation_Data_Master/UVD-4072,Validation_Data_Master/UVD-4072.txt,Validation_Data_Master,0,True,,343,11,13,train,30,30,drop,42
Validation_Data_Master/UVD-4073,Validation_Data_Master/UVD-4073.txt,Validation_Data_Master,0,True,,1293,43,3,train,30,30,drop,42
Validation_Data_Master/UVD-4074,Validation_Data_Master/UVD-4074.txt,Validation_Data_Master,0,True,,132,4,12,validation,30,30,drop,42
Validation_Data_Master/UVD-4075,Validation_Data_Master/UVD-4075.txt,Validation_Data_Master,0,True,,98,3,8,train,30,30,drop,42
Validation_Data_Master/UVD-4076,Validation_Data_Master/UVD-4076.txt,Validation_Data_Master,0,True,,343,11,13,test,30,30,drop,42
Validation_Data_Master/UVD-4077,Validation_Data_Master/UVD-4077.txt,Validation_Data_Master,0,True,,343,11,13,validation,30,30,drop,42
Validation_Data_Master/UVD-4078,Validation_Data_Master/UVD-4078.txt,Validation_Data_Master,0,True,,125,4,5,train,30,30,drop,42
Validation_Data_Master/UVD-4079,Validation_Data_Master/UVD-4079.txt,Validation_Data_Master,0,True,,88,2,28,train,30,30,drop,42
Validation_Data_Master/UVD-4080,Validation_Data_Master/UVD-4080.txt,Validation_Data_Master,0,True,,343,11,13,train,30,30,drop,42
Validation_Data_Master/UVD-4081,Validation_Data_Master/UVD-4081.txt,Validation_Data_Master,0,True,,354,11,24,validation,30,30,drop,42
Validation_Data_Master/UVD-4082,Validation_Data_Master/UVD-4082.txt,Validation_Data_Master,0,True,,343,11,13,train,30,30,drop,42
Validation_Data_Master/UVD-4083,Validation_Data_Master/UVD-4083.txt,Validation_Data_Master,0,True,,343,11,13,train,30,30,drop,42
Validation_Data_Master/UVD-4084,Validation_Data_Master/UVD-4084.txt,Validation_Data_Master,0,True,,714,23,24,train,30,30,drop,42
Validation_Data_Master/UVD-4085,Validation_Data_Master/UVD-4085.txt,Validation_Data_Master,0,True,,1515,50,15,test,30,30,drop,42
Validation_Data_Master/UVD-4086,Validation_Data_Master/UVD-4086.txt,Validation_Data_Master,0,True,,343,11,13,test,30,30,drop,42
Validation_Data_Master/UVD-4087,Validation_Data_Master/UVD-4087.txt,Validation_Data_Master,0,True,,1835,61,5,train,30,30,drop,42
Validation_Data_Master/UVD-4088,Validation_Data_Master/UVD-4088.txt,Validation_Data_Master,0,True,,343,11,13,validation,30,30,drop,42
Validation_Data_Master/UVD-4089,Validation_Data_Master/UVD-4089.txt,Validation_Data_Master,0,True,,343,11,13,train,30,30,drop,42
Validation_Data_Master/UVD-4090,Validation_Data_Master/UVD-4090.txt,Validation_Data_Master,0,True,,886,29,16,train,30,30,drop,42
Validation_Data_Master/UVD-4091,Validation_Data_Master/UVD-4091.txt,Validation_Data_Master,0,True,,369,12,9,train,30,30,drop,42
Validation_Data_Master/UVD-4092,Validation_Data_Master/UVD-4092.txt,Validation_Data_Master,0,True,,343,11,13,train,30,30,drop,42
Validation_Data_Master/UVD-4093,Validation_Data_Master/UVD-4093.txt,Validation_Data_Master,0,True,,343,11,13,validation,30,30,drop,42
Validation_Data_Master/UVD-4094,Validation_Data_Master/UVD-4094.txt,Validation_Data_Master,0,True,,90,3,0,validation,30,30,drop,42
Validation_Data_Master/UVD-4095,Validation_Data_Master/UVD-4095.txt,Validation_Data_Master,0,True,,649,21,19,train,30,30,drop,42
Validation_Data_Master/UVD-4096,Validation_Data_Master/UVD-4096.txt,Validation_Data_Master,0,True,,867,28,27,train,30,30,drop,42
Validation_Data_Master/UVD-4097,Validation_Data_Master/UVD-4097.txt,Validation_Data_Master,0,True,,343,11,13,train,30,30,drop,42
Validation_Data_Master/UVD-4098,Validation_Data_Master/UVD-4098.txt,Validation_Data_Master,0,True,,243,8,3,train,30,30,drop,42
Validation_Data_Master/UVD-4099,Validation_Data_Master/UVD-4099.txt,Validation_Data_Master,0,True,,118,3,28,train,30,30,drop,42
Validation_Data_Master/UVD-4100,Validation_Data_Master/UVD-4100.txt,Validation_Data_Master,0,True,,525,17,15,train,30,30,drop,42
Validation_Data_Master/UVD-4101,Validation_Data_Master/UVD-4101.txt,Validation_Data_Master,0,True,,343,11,13,train,30,30,drop,42
Validation_Data_Master/UVD-4102,Validation_Data_Master/UVD-4102.txt,Validation_Data_Master,0,True,,230,7,20,train,30,30,drop,42
Validation_Data_Master/UVD-4103,Validation_Data_Master/UVD-4103.txt,Validation_Data_Master,0,True,,343,11,13,test,30,30,drop,42
Validation_Data_Master/UVD-4104,Validation_Data_Master/UVD-4104.txt,Validation_Data_Master,0,True,,343,11,13,train,30,30,drop,42
Validation_Data_Master/UVD-4105,Validation_Data_Master/UVD-4105.txt,Validation_Data_Master,0,True,,2045,68,5,test,30,30,drop,42
Validation_Data_Master/UVD-4106,Validation_Data_Master/UVD-4106.txt,Validation_Data_Master,0,True,,343,11,13,train,30,30,drop,42
Validation_Data_Master/UVD-4107,Validation_Data_Master/UVD-4107.txt,Validation_Data_Master,0,True,,1388,46,8,test,30,30,drop,42
Validation_Data_Master/UVD-4108,Validation_Data_Master/UVD-4108.txt,Validation_Data_Master,0,True,,1468,48,28,train,30,30,drop,42
Validation_Data_Master/UVD-4109,Validation_Data_Master/UVD-4109.txt,Validation_Data_Master,0,True,,343,11,13,validation,30,30,drop,42
Validation_Data_Master/UVD-4110,Validation_Data_Master/UVD-4110.txt,Validation_Data_Master,0,True,,343,11,13,train,30,30,drop,42
Validation_Data_Master/UVD-4111,Validation_Data_Master/UVD-4111.txt,Validation_Data_Master,0,True,,343,11,13,train,30,30,drop,42
Validation_Data_Master/UVD-4112,Validation_Data_Master/UVD-4112.txt,Validation_Data_Master,0,True,,343,11,13,train,30,30,drop,42
Validation_Data_Master/UVD-4113,Validation_Data_Master/UVD-4113.txt,Validation_Data_Master,0,True,,343,11,13,train,30,30,drop,42
Validation_Data_Master/UVD-4114,Validation_Data_Master/UVD-4114.txt,Validation_Data_Master,0,True,,591,19,21,train,30,30,drop,42
Validation_Data_Master/UVD-4115,Validation_Data_Master/UVD-4115.txt,Validation_Data_Master,0,True,,343,11,13,train,30,30,drop,42
Validation_Data_Master/UVD-4116,Validation_Data_Master/UVD-4116.txt,Validation_Data_Master,0,True,,511,17,1,train,30,30,drop,42
Validation_Data_Master/UVD-4117,Validation_Data_Master/UVD-4117.txt,Validation_Data_Master,0,True,,215,7,5,train,30,30,drop,42
Validation_Data_Master/UVD-4118,Validation_Data_Master/UVD-4118.txt,Validation_Data_Master,0,True,,1536,51,6,train,30,30,drop,42
Validation_Data_Master/UVD-4119,Validation_Data_Master/UVD-4119.txt,Validation_Data_Master,0,True,,506,16,26,train,30,30,drop,42
Validation_Data_Master/UVD-4120,Validation_Data_Master/UVD-4120.txt,Validation_Data_Master,0,True,,343,11,13,validation,30,30,drop,42
Validation_Data_Master/UVD-4121,Validation_Data_Master/UVD-4121.txt,Validation_Data_Master,0,True,,102,3,12,train,30,30,drop,42
Validation_Data_Master/UVD-4122,Validation_Data_Master/UVD-4122.txt,Validation_Data_Master,0,True,,659,21,29,test,30,30,drop,42
Validation_Data_Master/UVD-4123,Validation_Data_Master/UVD-4123.txt,Validation_Data_Master,0,True,,343,11,13,validation,30,30,drop,42
Validation_Data_Master/UVD-4124,Validation_Data_Master/UVD-4124.txt,Validation_Data_Master,0,True,,115,3,25,test,30,30,drop,42
Validation_Data_Master/UVD-4125,Validation_Data_Master/UVD-4125.txt,Validation_Data_Master,0,True,,343,11,13,test,30,30,drop,42
Validation_Data_Master/UVD-4126,Validation_Data_Master/UVD-4126.txt,Validation_Data_Master,0,True,,562,18,22,train,30,30,drop,42
Validation_Data_Master/UVD-4127,Validation_Data_Master/UVD-4127.txt,Validation_Data_Master,0,True,,228,7,18,validation,30,30,drop,42
Validation_Data_Master/UVD-4128,Validation_Data_Master/UVD-4128.txt,Validation_Data_Master,0,True,,1994,66,14,train,30,30,drop,42
Validation_Data_Master/UVD-4129,Validation_Data_Master/UVD-4129.txt,Validation_Data_Master,0,True,,205,6,25,train,30,30,drop,42
Validation_Data_Master/UVD-4130,Validation_Data_Master/UVD-4130.txt,Validation_Data_Master,0,True,,1595,53,5,train,30,30,drop,42
Validation_Data_Master/UVD-4131,Validation_Data_Master/UVD-4131.txt,Validation_Data_Master,0,True,,166,5,16,train,30,30,drop,42
Validation_Data_Master/UVD-4132,Validation_Data_Master/UVD-4132.txt,Validation_Data_Master,0,True,,343,11,13,train,30,30,drop,42
Validation_Data_Master/UVD-4133,Validation_Data_Master/UVD-4133.txt,Validation_Data_Master,0,True,,343,11,13,train,30,30,drop,42
Validation_Data_Master/UVD-4134,Validation_Data_Master/UVD-4134.txt,Validation_Data_Master,0,True,,343,11,13,validation,30,30,drop,42
Validation_Data_Master/UVD-4135,Validation_Data_Master/UVD-4135.txt,Validation_Data_Master,0,True,,1756,58,16,train,30,30,drop,42
Validation_Data_Master/UVD-4136,Validation_Data_Master/UVD-4136.txt,Validation_Data_Master,0,True,,343,11,13,train,30,30,drop,42
Validation_Data_Master/UVD-4137,Validation_Data_Master/UVD-4137.txt,Validation_Data_Master,0,True,,98,3,8,validation,30,30,drop,42
Validation_Data_Master/UVD-4138,Validation_Data_Master/UVD-4138.txt,Validation_Data_Master,0,True,,1410,47,0,train,30,30,drop,42
Validation_Data_Master/UVD-4139,Validation_Data_Master/UVD-4139.txt,Validation_Data_Master,0,True,,523,17,13,validation,30,30,drop,42
Validation_Data_Master/UVD-4140,Validation_Data_Master/UVD-4140.txt,Validation_Data_Master,0,True,,223,7,13,validation,30,30,drop,42
Validation_Data_Master/UVD-4141,Validation_Data_Master/UVD-4141.txt,Validation_Data_Master,0,True,,343,11,13,train,30,30,drop,42
Validation_Data_Master/UVD-4142,Validation_Data_Master/UVD-4142.txt,Validation_Data_Master,0,True,,203,6,23,train,30,30,drop,42
Validation_Data_Master/UVD-4143,Validation_Data_Master/UVD-4143.txt,Validation_Data_Master,0,True,,227,7,17,train,30,30,drop,42
Validation_Data_Master/UVD-4144,Validation_Data_Master/UVD-4144.txt,Validation_Data_Master,0,True,,343,11,13,train,30,30,drop,42
Validation_Data_Master/UVD-4145,Validation_Data_Master/UVD-4145.txt,Validation_Data_Master,0,True,,1043,34,23,train,30,30,drop,42
Validation_Data_Master/UVD-4146,Validation_Data_Master/UVD-4146.txt,Validation_Data_Master,0,True,,459,15,9,test,30,30,drop,42
Validation_Data_Master/UVD-4147,Validation_Data_Master/UVD-4147.txt,Validation_Data_Master,0,True,,343,11,13,test,30,30,drop,42
Validation_Data_Master/UVD-4148,Validation_Data_Master/UVD-4148.txt,Validation_Data_Master,0,True,,343,11,13,train,30,30,drop,42
Validation_Data_Master/UVD-4149,Validation_Data_Master/UVD-4149.txt,Validation_Data_Master,0,True,,1921,64,1,train,30,30,drop,42
Validation_Data_Master/UVD-4150,Validation_Data_Master/UVD-4150.txt,Validation_Data_Master,0,True,,1587,52,27,train,30,30,drop,42
Validation_Data_Master/UVD-4151,Validation_Data_Master/UVD-4151.txt,Validation_Data_Master,0,True,,3017,100,17,test,30,30,drop,42
Validation_Data_Master/UVD-4152,Validation_Data_Master/UVD-4152.txt,Validation_Data_Master,0,True,,770,25,20,train,30,30,drop,42
Validation_Data_Master/UVD-4153,Validation_Data_Master/UVD-4153.txt,Validation_Data_Master,0,True,,661,22,1,train,30,30,drop,42
Validation_Data_Master/UVD-4154,Validation_Data_Master/UVD-4154.txt,Validation_Data_Master,0,True,,136,4,16,train,30,30,drop,42
Validation_Data_Master/UVD-4155,Validation_Data_Master/UVD-4155.txt,Validation_Data_Master,0,True,,343,11,13,train,30,30,drop,42
Validation_Data_Master/UVD-4156,Validation_Data_Master/UVD-4156.txt,Validation_Data_Master,0,True,,523,17,13,train,30,30,drop,42
Validation_Data_Master/UVD-4157,Validation_Data_Master/UVD-4157.txt,Validation_Data_Master,0,True,,343,11,13,train,30,30,drop,42
Validation_Data_Master/UVD-4158,Validation_Data_Master/UVD-4158.txt,Validation_Data_Master,0,True,,1824,60,24,train,30,30,drop,42
Validation_Data_Master/UVD-4159,Validation_Data_Master/UVD-4159.txt,Validation_Data_Master,0,True,,201,6,21,validation,30,30,drop,42
Validation_Data_Master/UVD-4160,Validation_Data_Master/UVD-4160.txt,Validation_Data_Master,0,True,,343,11,13,test,30,30,drop,42
Validation_Data_Master/UVD-4161,Validation_Data_Master/UVD-4161.txt,Validation_Data_Master,0,True,,343,11,13,train,30,30,drop,42
Validation_Data_Master/UVD-4162,Validation_Data_Master/UVD-4162.txt,Validation_Data_Master,0,True,,478,15,28,test,30,30,drop,42
Validation_Data_Master/UVD-4163,Validation_Data_Master/UVD-4163.txt,Validation_Data_Master,0,True,,177,5,27,test,30,30,drop,42
Validation_Data_Master/UVD-4164,Validation_Data_Master/UVD-4164.txt,Validation_Data_Master,0,True,,343,11,13,train,30,30,drop,42
Validation_Data_Master/UVD-4165,Validation_Data_Master/UVD-4165.txt,Validation_Data_Master,0,True,,119,3,29,train,30,30,drop,42
Validation_Data_Master/UVD-4166,Validation_Data_Master/UVD-4166.txt,Validation_Data_Master,0,True,,343,11,13,test,30,30,drop,42
Validation_Data_Master/UVD-4167,Validation_Data_Master/UVD-4167.txt,Validation_Data_Master,0,True,,1407,46,27,train,30,30,drop,42
Validation_Data_Master/UVD-4168,Validation_Data_Master/UVD-4168.txt,Validation_Data_Master,0,True,,343,11,13,train,30,30,drop,42
Validation_Data_Master/UVD-4169,Validation_Data_Master/UVD-4169.txt,Validation_Data_Master,0,True,,343,11,13,validation,30,30,drop,42
Validation_Data_Master/UVD-4170,Validation_Data_Master/UVD-4170.txt,Validation_Data_Master,0,True,,343,11,13,train,30,30,drop,42
Validation_Data_Master/UVD-4171,Validation_Data_Master/UVD-4171.txt,Validation_Data_Master,0,True,,626,20,26,test,30,30,drop,42
Validation_Data_Master/UVD-4172,Validation_Data_Master/UVD-4172.txt,Validation_Data_Master,0,True,,149,4,29,train,30,30,drop,42
Validation_Data_Master/UVD-4173,Validation_Data_Master/UVD-4173.txt,Validation_Data_Master,0,True,,343,11,13,train,30,30,drop,42
Validation_Data_Master/UVD-4174,Validation_Data_Master/UVD-4174.txt,Validation_Data_Master,0,True,,217,7,7,train,30,30,drop,42
Validation_Data_Master/UVD-4175,Validation_Data_Master/UVD-4175.txt,Validation_Data_Master,0,True,,328,10,28,train,30,30,drop,42
Validation_Data_Master/UVD-4176,Validation_Data_Master/UVD-4176.txt,Validation_Data_Master,0,True,,483,16,3,train,30,30,drop,42
Validation_Data_Master/UVD-4177,Validation_Data_Master/UVD-4177.txt,Validation_Data_Master,0,True,,343,11,13,train,30,30,drop,42
Validation_Data_Master/UVD-4178,Validation_Data_Master/UVD-4178.txt,Validation_Data_Master,0,True,,343,11,13,train,30,30,drop,42
Validation_Data_Master/UVD-4179,Validation_Data_Master/UVD-4179.txt,Validation_Data_Master,0,True,,393,13,3,train,30,30,drop,42
Validation_Data_Master/UVD-4180,Validation_Data_Master/UVD-4180.txt,Validation_Data_Master,0,True,,542,18,2,validation,30,30,drop,42
Validation_Data_Master/UVD-4181,Validation_Data_Master/UVD-4181.txt,Validation_Data_Master,0,True,,617,20,17,train,30,30,drop,42
Validation_Data_Master/UVD-4182,Validation_Data_Master/UVD-4182.txt,Validation_Data_Master,0,True,,353,11,23,train,30,30,drop,42
Validation_Data_Master/UVD-4183,Validation_Data_Master/UVD-4183.txt,Validation_Data_Master,0,True,,343,11,13,train,30,30,drop,42
Validation_Data_Master/UVD-4184,Validation_Data_Master/UVD-4184.txt,Validation_Data_Master,0,True,,343,11,13,train,30,30,drop,42
Validation_Data_Master/UVD-4185,Validation_Data_Master/UVD-4185.txt,Validation_Data_Master,0,True,,277,9,7,train,30,30,drop,42
Validation_Data_Master/UVD-4186,Validation_Data_Master/UVD-4186.txt,Validation_Data_Master,0,True,,118,3,28,validation,30,30,drop,42
Validation_Data_Master/UVD-4187,Validation_Data_Master/UVD-4187.txt,Validation_Data_Master,0,True,,343,11,13,train,30,30,drop,42
Validation_Data_Master/UVD-4188,Validation_Data_Master/UVD-4188.txt,Validation_Data_Master,0,True,,462,15,12,test,30,30,drop,42
Validation_Data_Master/UVD-4189,Validation_Data_Master/UVD-4189.txt,Validation_Data_Master,0,True,,343,11,13,validation,30,30,drop,42
Validation_Data_Master/UVD-4190,Validation_Data_Master/UVD-4190.txt,Validation_Data_Master,0,True,,343,11,13,train,30,30,drop,42
Validation_Data_Master/UVD-4191,Validation_Data_Master/UVD-4191.txt,Validation_Data_Master,0,True,,129,4,9,validation,30,30,drop,42
Validation_Data_Master/UVD-4192,Validation_Data_Master/UVD-4192.txt,Validation_Data_Master,0,True,,343,11,13,validation,30,30,drop,42
Validation_Data_Master/UVD-4193,Validation_Data_Master/UVD-4193.txt,Validation_Data_Master,0,True,,343,11,13,test,30,30,drop,42
Validation_Data_Master/UVD-4194,Validation_Data_Master/UVD-4194.txt,Validation_Data_Master,0,True,,570,19,0,test,30,30,drop,42
Validation_Data_Master/UVD-4195,Validation_Data_Master/UVD-4195.txt,Validation_Data_Master,0,True,,343,11,13,train,30,30,drop,42
Validation_Data_Master/UVD-4196,Validation_Data_Master/UVD-4196.txt,Validation_Data_Master,0,True,,787,26,7,train,30,30,drop,42
Validation_Data_Master/UVD-4197,Validation_Data_Master/UVD-4197.txt,Validation_Data_Master,0,True,,343,11,13,test,30,30,drop,42
Validation_Data_Master/UVD-4198,Validation_Data_Master/UVD-4198.txt,Validation_Data_Master,0,True,,1581,52,21,train,30,30,drop,42
Validation_Data_Master/UVD-4199,Validation_Data_Master/UVD-4199.txt,Validation_Data_Master,0,True,,343,11,13,train,30,30,drop,42
Validation_Data_Master/UVD-4200,Validation_Data_Master/UVD-4200.txt,Validation_Data_Master,0,True,,98,3,8,validation,30,30,drop,42
Validation_Data_Master/UVD-4201,Validation_Data_Master/UVD-4201.txt,Validation_Data_Master,0,True,,267,8,27,train,30,30,drop,42
Validation_Data_Master/UVD-4202,Validation_Data_Master/UVD-4202.txt,Validation_Data_Master,0,True,,397,13,7,train,30,30,drop,42
Validation_Data_Master/UVD-4203,Validation_Data_Master/UVD-4203.txt,Validation_Data_Master,0,True,,889,29,19,train,30,30,drop,42
Validation_Data_Master/UVD-4204,Validation_Data_Master/UVD-4204.txt,Validation_Data_Master,0,True,,320,10,20,train,30,30,drop,42
Validation_Data_Master/UVD-4205,Validation_Data_Master/UVD-4205.txt,Validation_Data_Master,0,True,,467,15,17,train,30,30,drop,42
Validation_Data_Master/UVD-4206,Validation_Data_Master/UVD-4206.txt,Validation_Data_Master,0,True,,173,5,23,validation,30,30,drop,42
Validation_Data_Master/UVD-4207,Validation_Data_Master/UVD-4207.txt,Validation_Data_Master,0,True,,162,5,12,test,30,30,drop,42
Validation_Data_Master/UVD-4208,Validation_Data_Master/UVD-4208.txt,Validation_Data_Master,0,True,,1599,53,9,validation,30,30,drop,42
Validation_Data_Master/UVD-4209,Validation_Data_Master/UVD-4209.txt,Validation_Data_Master,0,True,,750,25,0,train,30,30,drop,42
Validation_Data_Master/UVD-4210,Validation_Data_Master/UVD-4210.txt,Validation_Data_Master,0,True,,1453,48,13,validation,30,30,drop,42
Validation_Data_Master/UVD-4211,Validation_Data_Master/UVD-4211.txt,Validation_Data_Master,0,True,,1663,55,13,test,30,30,drop,42
Validation_Data_Master/UVD-4212,Validation_Data_Master/UVD-4212.txt,Validation_Data_Master,0,True,,887,29,17,train,30,30,drop,42
Validation_Data_Master/UVD-4213,Validation_Data_Master/UVD-4213.txt,Validation_Data_Master,0,True,,1136,37,26,train,30,30,drop,42
Validation_Data_Master/UVD-4214,Validation_Data_Master/UVD-4214.txt,Validation_Data_Master,0,True,,166,5,16,train,30,30,drop,42
Validation_Data_Master/UVD-4215,Validation_Data_Master/UVD-4215.txt,Validation_Data_Master,0,True,,185,6,5,train,30,30,drop,42
Validation_Data_Master/UVD-4216,Validation_Data_Master/UVD-4216.txt,Validation_Data_Master,0,True,,241,8,1,train,30,30,drop,42
Validation_Data_Master/UVD-4217,Validation_Data_Master/UVD-4217.txt,Validation_Data_Master,0,True,,150,5,0,validation,30,30,drop,42
Validation_Data_Master/UVD-4218,Validation_Data_Master/UVD-4218.txt,Validation_Data_Master,0,True,,326,10,26,train,30,30,drop,42
Validation_Data_Master/UVD-4219,Validation_Data_Master/UVD-4219.txt,Validation_Data_Master,0,True,,159,5,9,train,30,30,drop,42
Validation_Data_Master/UVD-4220,Validation_Data_Master/UVD-4220.txt,Validation_Data_Master,0,True,,162,5,12,train,30,30,drop,42
Validation_Data_Master/UVD-4221,Validation_Data_Master/UVD-4221.txt,Validation_Data_Master,0,True,,228,7,18,validation,30,30,drop,42
Validation_Data_Master/UVD-4222,Validation_Data_Master/UVD-4222.txt,Validation_Data_Master,0,True,,318,10,18,train,30,30,drop,42
Validation_Data_Master/UVD-4223,Validation_Data_Master/UVD-4223.txt,Validation_Data_Master,0,True,,349,11,19,validation,30,30,drop,42
Validation_Data_Master/UVD-4224,Validation_Data_Master/UVD-4224.txt,Validation_Data_Master,0,True,,245,8,5,train,30,30,drop,42
Validation_Data_Master/UVD-4225,Validation_Data_Master/UVD-4225.txt,Validation_Data_Master,0,True,,1978,65,28,train,30,30,drop,42
Validation_Data_Master/UVD-4226,Validation_Data_Master/UVD-4226.txt,Validation_Data_Master,0,True,,976,32,16,train,30,30,drop,42
Validation_Data_Master/UVD-4227,Validation_Data_Master/UVD-4227.txt,Validation_Data_Master,0,True,,432,14,12,train,30,30,drop,42
Validation_Data_Master/UVD-4228,Validation_Data_Master/UVD-4228.txt,Validation_Data_Master,0,True,,1273,42,13,train,30,30,drop,42
Validation_Data_Master/UVD-4229,Validation_Data_Master/UVD-4229.txt,Validation_Data_Master,0,True,,144,4,24,train,30,30,drop,42
Validation_Data_Master/UVD-4230,Validation_Data_Master/UVD-4230.txt,Validation_Data_Master,0,True,,809,26,29,validation,30,30,drop,42
Validation_Data_Master/UVD-4231,Validation_Data_Master/UVD-4231.txt,Validation_Data_Master,0,True,,173,5,23,test,30,30,drop,42
Validation_Data_Master/UVD-4232,Validation_Data_Master/UVD-4232.txt,Validation_Data_Master,0,True,,904,30,4,train,30,30,drop,42
Validation_Data_Master/UVD-4233,Validation_Data_Master/UVD-4233.txt,Validation_Data_Master,0,True,,502,16,22,validation,30,30,drop,42
Validation_Data_Master/UVD-4234,Validation_Data_Master/UVD-4234.txt,Validation_Data_Master,0,True,,539,17,29,train,30,30,drop,42
Validation_Data_Master/UVD-4235,Validation_Data_Master/UVD-4235.txt,Validation_Data_Master,0,True,,400,13,10,train,30,30,drop,42
Validation_Data_Master/UVD-4236,Validation_Data_Master/UVD-4236.txt,Validation_Data_Master,0,True,,1197,39,27,train,30,30,drop,42
Validation_Data_Master/UVD-4237,Validation_Data_Master/UVD-4237.txt,Validation_Data_Master,0,True,,214,7,4,train,30,30,drop,42
Validation_Data_Master/UVD-4238,Validation_Data_Master/UVD-4238.txt,Validation_Data_Master,0,True,,112,3,22,validation,30,30,drop,42
Validation_Data_Master/UVD-4239,Validation_Data_Master/UVD-4239.txt,Validation_Data_Master,0,True,,88,2,28,train,30,30,drop,42
Validation_Data_Master/UVD-4240,Validation_Data_Master/UVD-4240.txt,Validation_Data_Master,0,True,,219,7,9,train,30,30,drop,42
Validation_Data_Master/UVD-4241,Validation_Data_Master/UVD-4241.txt,Validation_Data_Master,0,True,,179,5,29,train,30,30,drop,42
Validation_Data_Master/UVD-4242,Validation_Data_Master/UVD-4242.txt,Validation_Data_Master,0,True,,392,13,2,train,30,30,drop,42
Validation_Data_Master/UVD-4243,Validation_Data_Master/UVD-4243.txt,Validation_Data_Master,0,True,,291,9,21,train,30,30,drop,42
Validation_Data_Master/UVD-4244,Validation_Data_Master/UVD-4244.txt,Validation_Data_Master,0,True,,101,3,11,train,30,30,drop,42
Validation_Data_Master/UVD-4245,Validation_Data_Master/UVD-4245.txt,Validation_Data_Master,0,True,,844,28,4,train,30,30,drop,42
Validation_Data_Master/UVD-4246,Validation_Data_Master/UVD-4246.txt,Validation_Data_Master,0,True,,197,6,17,train,30,30,drop,42
Validation_Data_Master/UVD-4247,Validation_Data_Master/UVD-4247.txt,Validation_Data_Master,0,True,,630,21,0,train,30,30,drop,42
Validation_Data_Master/UVD-4248,Validation_Data_Master/UVD-4248.txt,Validation_Data_Master,0,True,,380,12,20,validation,30,30,drop,42
Validation_Data_Master/UVD-4249,Validation_Data_Master/UVD-4249.txt,Validation_Data_Master,0,True,,115,3,25,train,30,30,drop,42
Validation_Data_Master/UVD-4250,Validation_Data_Master/UVD-4250.txt,Validation_Data_Master,0,True,,1092,36,12,test,30,30,drop,42
Validation_Data_Master/UVD-4251,Validation_Data_Master/UVD-4251.txt,Validation_Data_Master,0,True,,672,22,12,validation,30,30,drop,42
Validation_Data_Master/UVD-4252,Validation_Data_Master/UVD-4252.txt,Validation_Data_Master,0,True,,182,6,2,train,30,30,drop,42
Validation_Data_Master/UVD-4253,Validation_Data_Master/UVD-4253.txt,Validation_Data_Master,0,True,,745,24,25,test,30,30,drop,42
Validation_Data_Master/UVD-4254,Validation_Data_Master/UVD-4254.txt,Validation_Data_Master,0,True,,495,16,15,validation,30,30,drop,42
Validation_Data_Master/UVD-4255,Validation_Data_Master/UVD-4255.txt,Validation_Data_Master,0,True,,495,16,15,train,30,30,drop,42
Validation_Data_Master/UVD-4256,Validation_Data_Master/UVD-4256.txt,Validation_Data_Master,0,True,,740,24,20,train,30,30,drop,42
Validation_Data_Master/UVD-4257,Validation_Data_Master/UVD-4257.txt,Validation_Data_Master,0,True,,591,19,21,train,30,30,drop,42
Validation_Data_Master/UVD-4258,Validation_Data_Master/UVD-4258.txt,Validation_Data_Master,0,True,,488,16,8,train,30,30,drop,42
Validation_Data_Master/UVD-4259,Validation_Data_Master/UVD-4259.txt,Validation_Data_Master,0,True,,442,14,22,train,30,30,drop,42
Validation_Data_Master/UVD-4260,Validation_Data_Master/UVD-4260.txt,Validation_Data_Master,0,True,,383,12,23,train,30,30,drop,42
Validation_Data_Master/UVD-4261,Validation_Data_Master/UVD-4261.txt,Validation_Data_Master,0,True,,478,15,28,train,30,30,drop,42
Validation_Data_Master/UVD-4262,Validation_Data_Master/UVD-4262.txt,Validation_Data_Master,0,True,,3089,102,29,validation,30,30,drop,42
Validation_Data_Master/UVD-4263,Validation_Data_Master/UVD-4263.txt,Validation_Data_Master,0,True,,600,20,0,train,30,30,drop,42
Validation_Data_Master/UVD-4264,Validation_Data_Master/UVD-4264.txt,Validation_Data_Master,0,True,,402,13,12,validation,30,30,drop,42
Validation_Data_Master/UVD-4265,Validation_Data_Master/UVD-4265.txt,Validation_Data_Master,0,True,,207,6,27,train,30,30,drop,42
Validation_Data_Master/UVD-4266,Validation_Data_Master/UVD-4266.txt,Validation_Data_Master,0,True,,457,15,7,test,30,30,drop,42
Validation_Data_Master/UVD-4267,Validation_Data_Master/UVD-4267.txt,Validation_Data_Master,0,True,,207,6,27,train,30,30,drop,42
Validation_Data_Master/UVD-4268,Validation_Data_Master/UVD-4268.txt,Validation_Data_Master,0,True,,478,15,28,train,30,30,drop,42
Validation_Data_Master/UVD-4269,Validation_Data_Master/UVD-4269.txt,Validation_Data_Master,0,True,,3135,104,15,test,30,30,drop,42
Validation_Data_Master/UVD-4270,Validation_Data_Master/UVD-4270.txt,Validation_Data_Master,0,True,,207,6,27,train,30,30,drop,42
Validation_Data_Master/UVD-4271,Validation_Data_Master/UVD-4271.txt,Validation_Data_Master,0,True,,468,15,18,train,30,30,drop,42
Validation_Data_Master/UVD-4272,Validation_Data_Master/UVD-4272.txt,Validation_Data_Master,0,True,,209,6,29,train,30,30,drop,42
Validation_Data_Master/UVD-4273,Validation_Data_Master/UVD-4273.txt,Validation_Data_Master,0,True,,464,15,14,train,30,30,drop,42
Validation_Data_Master/UVD-4274,Validation_Data_Master/UVD-4274.txt,Validation_Data_Master,0,True,,706,23,16,train,30,30,drop,42
Validation_Data_Master/UVD-4275,Validation_Data_Master/UVD-4275.txt,Validation_Data_Master,0,True,,144,4,24,train,30,30,drop,42
Validation_Data_Master/UVD-4276,Validation_Data_Master/UVD-4276.txt,Validation_Data_Master,0,True,,2206,73,16,train,30,30,drop,42
Validation_Data_Master/UVD-4277,Validation_Data_Master/UVD-4277.txt,Validation_Data_Master,0,True,,104,3,14,train,30,30,drop,42
Validation_Data_Master/UVD-4278,Validation_Data_Master/UVD-4278.txt,Validation_Data_Master,0,True,,1301,43,11,train,30,30,drop,42
Validation_Data_Master/UVD-4279,Validation_Data_Master/UVD-4279.txt,Validation_Data_Master,0,True,,209,6,29,test,30,30,drop,42
Validation_Data_Master/UVD-4280,Validation_Data_Master/UVD-4280.txt,Validation_Data_Master,0,True,,471,15,21,train,30,30,drop,42
Validation_Data_Master/UVD-4281,Validation_Data_Master/UVD-4281.txt,Validation_Data_Master,0,True,,209,6,29,train,30,30,drop,42
Validation_Data_Master/UVD-4282,Validation_Data_Master/UVD-4282.txt,Validation_Data_Master,0,True,,469,15,19,train,30,30,drop,42
Validation_Data_Master/UVD-4283,Validation_Data_Master/UVD-4283.txt,Validation_Data_Master,0,True,,101,3,11,validation,30,30,drop,42
Validation_Data_Master/UVD-4284,Validation_Data_Master/UVD-4284.txt,Validation_Data_Master,0,True,,3122,104,2,train,30,30,drop,42
Validation_Data_Master/UVD-4285,Validation_Data_Master/UVD-4285.txt,Validation_Data_Master,0,True,,1904,63,14,train,30,30,drop,42
Validation_Data_Master/UVD-4286,Validation_Data_Master/UVD-4286.txt,Validation_Data_Master,0,True,,1623,54,3,validation,30,30,drop,42
Validation_Data_Master/UVD-4287,Validation_Data_Master/UVD-4287.txt,Validation_Data_Master,0,True,,1301,43,11,test,30,30,drop,42
Validation_Data_Master/UVD-4288,Validation_Data_Master/UVD-4288.txt,Validation_Data_Master,0,True,,98,3,8,test,30,30,drop,42
Validation_Data_Master/UVD-4289,Validation_Data_Master/UVD-4289.txt,Validation_Data_Master,0,True,,3666,122,6,train,30,30,drop,42
Validation_Data_Master/UVD-4290,Validation_Data_Master/UVD-4290.txt,Validation_Data_Master,0,True,,1619,53,29,test,30,30,drop,42
Validation_Data_Master/UVD-4291,Validation_Data_Master/UVD-4291.txt,Validation_Data_Master,0,True,,1606,53,16,validation,30,30,drop,42
Validation_Data_Master/UVD-4292,Validation_Data_Master/UVD-4292.txt,Validation_Data_Master,0,True,,3666,122,6,validation,30,30,drop,42
Validation_Data_Master/UVD-4293,Validation_Data_Master/UVD-4293.txt,Validation_Data_Master,0,True,,1557,51,27,test,30,30,drop,42
Validation_Data_Master/UVD-4294,Validation_Data_Master/UVD-4294.txt,Validation_Data_Master,0,True,,147,4,27,validation,30,30,drop,42
Validation_Data_Master/UVD-4295,Validation_Data_Master/UVD-4295.txt,Validation_Data_Master,0,True,,1301,43,11,train,30,30,drop,42
Validation_Data_Master/UVD-4296,Validation_Data_Master/UVD-4296.txt,Validation_Data_Master,0,True,,87,2,27,train,30,30,drop,42
Validation_Data_Master/UVD-4297,Validation_Data_Master/UVD-4297.txt,Validation_Data_Master,0,True,,205,6,25,validation,30,30,drop,42
Validation_Data_Master/UVD-4298,Validation_Data_Master/UVD-4298.txt,Validation_Data_Master,0,True,,1293,43,3,train,30,30,drop,42
Validation_Data_Master/UVD-4299,Validation_Data_Master/UVD-4299.txt,Validation_Data_Master,0,True,,145,4,25,test,30,30,drop,42
Validation_Data_Master/UVD-4300,Validation_Data_Master/UVD-4300.txt,Validation_Data_Master,0,True,,225,7,15,train,30,30,drop,42
Validation_Data_Master/UVD-4301,Validation_Data_Master/UVD-4301.txt,Validation_Data_Master,0,True,,145,4,25,validation,30,30,drop,42
Validation_Data_Master/UVD-4302,Validation_Data_Master/UVD-4302.txt,Validation_Data_Master,0,True,,143,4,23,train,30,30,drop,42
Validation_Data_Master/UVD-4303,Validation_Data_Master/UVD-4303.txt,Validation_Data_Master,0,True,,95,3,5,train,30,30,drop,42
Validation_Data_Master/UVD-4304,Validation_Data_Master/UVD-4304.txt,Validation_Data_Master,0,True,,156,5,6,train,30,30,drop,42
Validation_Data_Master/UVD-4305,Validation_Data_Master/UVD-4305.txt,Validation_Data_Master,0,True,,1255,41,25,train,30,30,drop,42
Validation_Data_Master/UVD-4306,Validation_Data_Master/UVD-4306.txt,Validation_Data_Master,0,True,,165,5,15,validation,30,30,drop,42
Validation_Data_Master/UVD-4307,Validation_Data_Master/UVD-4307.txt,Validation_Data_Master,0,True,,168,5,18,train,30,30,drop,42
Validation_Data_Master/UVD-4308,Validation_Data_Master/UVD-4308.txt,Validation_Data_Master,0,True,,130,4,10,test,30,30,drop,42
Validation_Data_Master/UVD-4309,Validation_Data_Master/UVD-4309.txt,Validation_Data_Master,0,True,,149,4,29,train,30,30,drop,42
Validation_Data_Master/UVD-4310,Validation_Data_Master/UVD-4310.txt,Validation_Data_Master,0,True,,149,4,29,train,30,30,drop,42
Validation_Data_Master/UVD-4311,Validation_Data_Master/UVD-4311.txt,Validation_Data_Master,0,True,,149,4,29,train,30,30,drop,42
Validation_Data_Master/UVD-4312,Validation_Data_Master/UVD-4312.txt,Validation_Data_Master,0,True,,149,4,29,train,30,30,drop,42
Validation_Data_Master/UVD-4313,Validation_Data_Master/UVD-4313.txt,Validation_Data_Master,0,True,,150,5,0,train,30,30,drop,42
Validation_Data_Master/UVD-4314,Validation_Data_Master/UVD-4314.txt,Validation_Data_Master,0,True,,149,4,29,test,30,30,drop,42
Validation_Data_Master/UVD-4315,Validation_Data_Master/UVD-4315.txt,Validation_Data_Master,0,True,,149,4,29,train,30,30,drop,42
Validation_Data_Master/UVD-4316,Validation_Data_Master/UVD-4316.txt,Validation_Data_Master,0,True,,149,4,29,test,30,30,drop,42
Validation_Data_Master/UVD-4317,Validation_Data_Master/UVD-4317.txt,Validation_Data_Master,0,True,,149,4,29,train,30,30,drop,42
Validation_Data_Master/UVD-4318,Validation_Data_Master/UVD-4318.txt,Validation_Data_Master,0,True,,135,4,15,train,30,30,drop,42
Validation_Data_Master/UVD-4319,Validation_Data_Master/UVD-4319.txt,Validation_Data_Master,0,True,,149,4,29,train,30,30,drop,42
Validation_Data_Master/UVD-4320,Validation_Data_Master/UVD-4320.txt,Validation_Data_Master,0,True,,149,4,29,train,30,30,drop,42
Validation_Data_Master/UVD-4321,Validation_Data_Master/UVD-4321.txt,Validation_Data_Master,0,True,,149,4,29,train,30,30,drop,42
Validation_Data_Master/UVD-4322,Validation_Data_Master/UVD-4322.txt,Validation_Data_Master,0,True,,699,23,9,train,30,30,drop,42
Validation_Data_Master/UVD-4323,Validation_Data_Master/UVD-4323.txt,Validation_Data_Master,0,True,,253,8,13,test,30,30,drop,42
Validation_Data_Master/UVD-4324,Validation_Data_Master/UVD-4324.txt,Validation_Data_Master,0,True,,251,8,11,train,30,30,drop,42
Validation_Data_Master/UVD-4325,Validation_Data_Master/UVD-4325.txt,Validation_Data_Master,0,True,,93,3,3,train,30,30,drop,42
Validation_Data_Master/UVD-4326,Validation_Data_Master/UVD-4326.txt,Validation_Data_Master,0,True,,1719,57,9,validation,30,30,drop,42
Validation_Data_Master/UVD-4327,Validation_Data_Master/UVD-4327.txt,Validation_Data_Master,0,True,,141,4,21,validation,30,30,drop,42
Validation_Data_Master/UVD-4328,Validation_Data_Master/UVD-4328.txt,Validation_Data_Master,0,True,,283,9,13,train,30,30,drop,42
Validation_Data_Master/UVD-4329,Validation_Data_Master/UVD-4329.txt,Validation_Data_Master,0,True,,108,3,18,train,30,30,drop,42
Validation_Data_Master/UVD-4330,Validation_Data_Master/UVD-4330.txt,Validation_Data_Master,0,True,,550,18,10,test,30,30,drop,42
Validation_Data_Master/UVD-4331,Validation_Data_Master/UVD-4331.txt,Validation_Data_Master,0,True,,189,6,9,train,30,30,drop,42
Validation_Data_Master/UVD-4332,Validation_Data_Master/UVD-4332.txt,Validation_Data_Master,0,True,,936,31,6,test,30,30,drop,42
Validation_Data_Master/UVD-4333,Validation_Data_Master/UVD-4333.txt,Validation_Data_Master,0,True,,478,15,28,test,30,30,drop,42
Validation_Data_Master/UVD-4334,Validation_Data_Master/UVD-4334.txt,Validation_Data_Master,0,True,,99,3,9,train,30,30,drop,42
Validation_Data_Master/UVD-4335,Validation_Data_Master/UVD-4335.txt,Validation_Data_Master,0,True,,594,19,24,train,30,30,drop,42
Validation_Data_Master/UVD-4336,Validation_Data_Master/UVD-4336.txt,Validation_Data_Master,0,True,,843,28,3,validation,30,30,drop,42
Validation_Data_Master/UVD-4337,Validation_Data_Master/UVD-4337.txt,Validation_Data_Master,0,True,,1421,47,11,train,30,30,drop,42
Validation_Data_Master/UVD-4338,Validation_Data_Master/UVD-4338.txt,Validation_Data_Master,0,True,,1854,61,24,train,30,30,drop,42
Validation_Data_Master/UVD-4339,Validation_Data_Master/UVD-4339.txt,Validation_Data_Master,0,True,,1040,34,20,test,30,30,drop,42
Validation_Data_Master/UVD-4340,Validation_Data_Master/UVD-4340.txt,Validation_Data_Master,0,True,,335,11,5,train,30,30,drop,42
Validation_Data_Master/UVD-4341,Validation_Data_Master/UVD-4341.txt,Validation_Data_Master,0,True,,678,22,18,train,30,30,drop,42
Validation_Data_Master/UVD-4342,Validation_Data_Master/UVD-4342.txt,Validation_Data_Master,0,True,,411,13,21,train,30,30,drop,42
Validation_Data_Master/UVD-4343,Validation_Data_Master/UVD-4343.txt,Validation_Data_Master,0,True,,132,4,12,test,30,30,drop,42
Validation_Data_Master/UVD-4344,Validation_Data_Master/UVD-4344.txt,Validation_Data_Master,0,True,,1258,41,28,train,30,30,drop,42
Validation_Data_Master/UVD-4345,Validation_Data_Master/UVD-4345.txt,Validation_Data_Master,0,True,,476,15,26,validation,30,30,drop,42
Validation_Data_Master/UVD-4346,Validation_Data_Master/UVD-4346.txt,Validation_Data_Master,0,True,,277,9,7,train,30,30,drop,42
Validation_Data_Master/UVD-4347,Validation_Data_Master/UVD-4347.txt,Validation_Data_Master,0,True,,337,11,7,train,30,30,drop,42
Validation_Data_Master/UVD-4348,Validation_Data_Master/UVD-4348.txt,Validation_Data_Master,0,True,,496,16,16,train,30,30,drop,42
Validation_Data_Master/UVD-4349,Validation_Data_Master/UVD-4349.txt,Validation_Data_Master,0,True,,404,13,14,train,30,30,drop,42
Validation_Data_Master/UVD-4350,Validation_Data_Master/UVD-4350.txt,Validation_Data_Master,0,True,,151,5,1,train,30,30,drop,42
Validation_Data_Master/UVD-4351,Validation_Data_Master/UVD-4351.txt,Validation_Data_Master,0,True,,2638,87,28,validation,30,30,drop,42
Validation_Data_Master/UVD-4352,Validation_Data_Master/UVD-4352.txt,Validation_Data_Master,0,True,,107,3,17,train,30,30,drop,42
Validation_Data_Master/UVD-4353,Validation_Data_Master/UVD-4353.txt,Validation_Data_Master,0,True,,189,6,9,train,30,30,drop,42
Validation_Data_Master/UVD-4354,Validation_Data_Master/UVD-4354.txt,Validation_Data_Master,0,True,,151,5,1,train,30,30,drop,42
Validation_Data_Master/UVD-4355,Validation_Data_Master/UVD-4355.txt,Validation_Data_Master,0,True,,151,5,1,test,30,30,drop,42
Validation_Data_Master/UVD-4356,Validation_Data_Master/UVD-4356.txt,Validation_Data_Master,0,True,,382,12,22,train,30,30,drop,42
Validation_Data_Master/UVD-4357,Validation_Data_Master/UVD-4357.txt,Validation_Data_Master,0,True,,154,5,4,train,30,30,drop,42
Validation_Data_Master/UVD-4358,Validation_Data_Master/UVD-4358.txt,Validation_Data_Master,0,True,,154,5,4,test,30,30,drop,42
Validation_Data_Master/UVD-4359,Validation_Data_Master/UVD-4359.txt,Validation_Data_Master,0,True,,151,5,1,train,30,30,drop,42
Validation_Data_Master/UVD-4360,Validation_Data_Master/UVD-4360.txt,Validation_Data_Master,0,True,,154,5,4,train,30,30,drop,42
Validation_Data_Master/UVD-4361,Validation_Data_Master/UVD-4361.txt,Validation_Data_Master,0,True,,151,5,1,train,30,30,drop,42
Validation_Data_Master/UVD-4362,Validation_Data_Master/UVD-4362.txt,Validation_Data_Master,0,True,,141,4,21,train,30,30,drop,42
Validation_Data_Master/UVD-4363,Validation_Data_Master/UVD-4363.txt,Validation_Data_Master,0,True,,151,5,1,train,30,30,drop,42
Validation_Data_Master/UVD-4364,Validation_Data_Master/UVD-4364.txt,Validation_Data_Master,0,True,,151,5,1,validation,30,30,drop,42
Validation_Data_Master/UVD-4365,Validation_Data_Master/UVD-4365.txt,Validation_Data_Master,0,True,,134,4,14,train,30,30,drop,42
Validation_Data_Master/UVD-4366,Validation_Data_Master/UVD-4366.txt,Validation_Data_Master,0,True,,151,5,1,train,30,30,drop,42
Validation_Data_Master/UVD-4367,Validation_Data_Master/UVD-4367.txt,Validation_Data_Master,0,True,,151,5,1,train,30,30,drop,42
Validation_Data_Master/UVD-4368,Validation_Data_Master/UVD-4368.txt,Validation_Data_Master,0,True,,120,4,0,train,30,30,drop,42
Validation_Data_Master/UVD-4369,Validation_Data_Master/UVD-4369.txt,Validation_Data_Master,0,True,,107,3,17,test,30,30,drop,42
Validation_Data_Master/UVD-4370,Validation_Data_Master/UVD-4370.txt,Validation_Data_Master,0,True,,132,4,12,train,30,30,drop,42
Validation_Data_Master/UVD-4371,Validation_Data_Master/UVD-4371.txt,Validation_Data_Master,0,True,,107,3,17,train,30,30,drop,42
Validation_Data_Master/UVD-4372,Validation_Data_Master/UVD-4372.txt,Validation_Data_Master,0,True,,765,25,15,train,30,30,drop,42
